"","1","2","3","4","5","6","7","8","9","10","11","12","13","14","15","16","17","18","19","20","21","22","23","24","25","26","27","28","29","30","31","32","33","34","35","36","37","38","39","40","41","42","43","44","45","46","47","48","49","50","51","52","53","54","55","56","57","58","59","60","61","62","63","64","65","66","67","68","69","70","71","72","73","74","75","76","77","78","79","80","81","82","83","84","85","86","87","88","89","90","91","92","93","94","95","96","97","98","99","100","101","102","103","104","105","106","107","108","109","110","111","112","113","114","115","116","117","118","119","120","121","122","123","124","125","126","127","128","129","130","131","132","133","134","135","136","137","138","139","140","141","142","143","144","145","146","147","148","149","150","151","152","153","154","155","156","157","158","159","160","161","162","163","164","165","166","167","168","169","170","171","172","173","174","175","176","177","178","179","180","181","182","183","184","185","186","187","188","189","190","191","192","193","194","195","196","197","198","199","200","201","202","203","204","205","206","207","208","209","210","211","212","213","214","215","216","217","218","219"
"1",1,0.569669414670198,0.325482717876859,0.236973903083748,0.154025906975714,0.0711316116235106,0.0216279859964037,-0.0407686588732371,-0.0800703891380033,-0.110901499675257,-0.111700130717896,-0.102782603437473,-0.093474600646052,-0.0742536770687177,-0.0858278806562788,-0.0791109237632843,-0.0687377881413203,-0.0885835684290178,-0.0744769231322175,-0.0865150808102221,-0.0968570763633527,-0.0924334448019162,-0.103252842714754,-0.0927537909979573,-0.0804305087972788,-0.0838553674977863,-0.107907682453265,-0.0891242223931618,-0.0744064307470065,-0.0761581936115053,-0.0333891340015664,-0.0362611267938776,-0.0506616362250193,-0.0313651287704246,-0.0150837382023706,-0.0186653927046295,-0.021982279539915,-0.051440505625128,-0.0434342306214367,-0.0235708996111482,-0.0089501655514085,-0.0100432620920137,0.0124399250822579,0.0164667859551389,0.0256668591576578,0.0487302813949938,0.0655909706076641,0.0742648667859868,0.0912401676965549,0.115941436340654,0.129630955854068,0.14047110950636,0.164021599113258,0.174610589584848,0.151959674214302,0.182194370597318,0.112201935838313,0.0517916465388557,0.0388840484831985,0.0771869713705474,0.0581570515821256,-0.0239868653822007,0.0271648238115602,0.0708045647565746,-0.0226169751856665,-0.0690330378673788,0.0101609241663906,0.0194459180141567,-0.0885087355284292,-0.0773478372549,-0.0157883841304171,-0.0612771963445709,-0.116723518649673,-0.150833952858335,-0.175746250384573,-0.179317473735872,-0.222824662102782,-0.268135651361735,-0.227423211139086,-0.227837569375151,-0.229178840390069,-0.201617267178696,-0.218136884052291,-0.23077730326632,-0.129612713810451,-0.0701572921410707,-0.0597506027660017,-0.0100846158804274,0.0874518114721612,0.185539344514142,0.273723609325715,0.2556155627152,0.214810589834763,0.181962370960569,0.125651124563373,0.100486942360196,0.0676876174627151,0.045489757458545,0.0647330382371216,0.0688813351801612,0.0392933796484071,0.0260493376180001,0.0340619473822771,0.0203340803479955,0.0251648360447582,0.0282737302544012,0.046405083701441,0.0604207103112181,0.0753772422118009,0.0942180690617414,0.0916604174275988,0.12147348825907,0.164430433828634,0.177548292675945,0.153275517449118,0.149509339249493,0.114247511496267,0.0888992642543078,0.0503398535936409,0.0249090479222296,0.0138448203215172,0.0191005420476267,0.025453535196015,0.034968278409946,0.0173559449502659,0.011849606279161,0.0227547466134297,0.024850864910391,0.0464044545026784,0.0656195305273869,0.0881017362011966,0.100019141746102,0.0846919302181073,0.0787979525094605,0.0620247018322889,0.0562721844878561,0.0714145436881409,0.0884958714387152,0.112485456719282,0.126385474574471,0.130204664626253,0.114268482374395,0.11318554074089,0.129133954753214,0.0879957807563591,0.0460160728978326,0.0542433572430019,0.0527296819801214,0.179619009931725,0.26289587814398,0.360940248225352,0.360235630823264,0.269729802364612,0.216662228779513,0.163736046420593,0.10820889405172,0.0728603259475409,0.0413892769111093,0.0533192250450536,0.101183751477285,0.104860435285593,0.0830697874268329,0.110951719599385,0.153721728058127,0.141961708360897,0.107320633219956,0.131908974445125,0.165581377683177,0.197213404002753,0.237750605690628,0.27204130323645,0.184793429938652,0.134094989703658,0.110313952413953,0.047743723067912,0.0147335754697313,-0.0405027498262556,-0.0572454104668604,-0.0808912029349637,-0.0824773864674193,-0.107609911105318,-0.0904212427228668,-0.0860894060628776,-0.0787734737044136,-0.0582281765598699,-0.0415193994206348,-0.0446711253823202,-0.0206539642021646,-0.0208454630674227,-0.0460249723162748,-0.0246863816647507,-0.0278772345716969,-0.0312352233942882,-0.0139852912513385,0.0164156278301585,0.0333633908181495,0.0183261273690068,0.0142402265182175,0.0288580414625846,0.018117612182311,-0.00163601739139845,0.0003218648643642,-0.0125737029420845,-0.0313593871958231,-0.0280302815537718,-0.0441210160086765,-0.0336084624067431,-0.0377179868160992,-0.0576185201050613,-0.0631174568790272,-0.0636663935782334,-0.0428803290876556,-0.0192117181583579,0.0123516489538483,0.020690152120385,0.0608172537114408,0.0660023856585696,0.101462825666237,0.10076683618548
"2",0.569669414670198,1,0.636348488785907,0.413564282150727,0.287836879294839,0.141711979985429,0.0776147082562499,-0.0211595133652914,-0.085169812927828,-0.133498263638493,-0.145796790348672,-0.146957695920332,-0.149323865823539,-0.136405415735328,-0.159159176838151,-0.149054626113548,-0.133735433174299,-0.159563264702422,-0.129775590969133,-0.137604201092718,-0.149495137688404,-0.133002402527934,-0.129851357260086,-0.101529002312884,-0.0729430543503544,-0.0845061826326144,-0.123106851384634,-0.0859304115125579,-0.0723311225241526,-0.0830389070054738,-0.0240347403771529,-0.043940726732084,-0.0733226383763442,-0.0497474658817505,-0.0240737041264641,-0.0277264875833384,-0.0301965421973401,-0.070654634681719,-0.0607946378713466,-0.0385377644434084,-0.0218748997921192,-0.0193349935575034,0.0131006516640762,0.0330137748728569,0.0491414775993043,0.0723761520350732,0.0982072769230418,0.120665278785489,0.14223445774465,0.166353999499302,0.179688311644991,0.199133637527854,0.228302387114892,0.227132169064813,0.180366770540736,0.193122206478701,0.0988365324849441,0.0310690897578799,0.00835296889599879,0.0318855051872896,0.0026467297544287,-0.10105463771945,-0.0543546581787539,-0.0104133723452747,-0.121914969734151,-0.184792381635553,-0.0957636297790709,-0.0795195558145265,-0.208276176960954,-0.199282718321617,-0.114275655164458,-0.157309780982108,-0.228118878665581,-0.2529654919318,-0.2767727749453,-0.256101165240545,-0.29223122156121,-0.334503666519115,-0.285128884844863,-0.276217370259922,-0.268935115761948,-0.233648088308155,-0.261461961541279,-0.296251485184295,-0.187275230043345,-0.102313037206187,-0.0744106353412547,-0.00171430034001943,0.0953372288599899,0.219426523750684,0.319078633819627,0.354014655860553,0.326633653959605,0.291275990845588,0.208723404559354,0.173463812186059,0.117205845249617,0.0857307579275217,0.112528799691817,0.110612509560285,0.0651136908683474,0.0467061778312455,0.0498137419844253,0.0288885006127398,0.0322958699045512,0.0349629297636487,0.0599751840487468,0.0791247070666807,0.105779104263213,0.130695669599217,0.119089600675051,0.158528617277645,0.217327295213682,0.248239766216697,0.221291730509972,0.22812173299128,0.181935710194566,0.149237585342519,0.0888518016282637,0.0473815111820809,0.0289237149362653,0.0336029637111387,0.0389400435610617,0.0486985344026873,0.0236003175603889,0.0180827831905615,0.0304037139179074,0.0310434535556858,0.0614454768193313,0.0910160330242645,0.126453970372474,0.145483492447547,0.130928628071095,0.119586400391812,0.105538674323859,0.102846710135574,0.114359466355139,0.126125989737623,0.146963149737954,0.156773859982591,0.140432033971759,0.118514309535056,0.116092878125143,0.120439369736663,0.0582848876130716,0.0255260874270691,0.0421347139598686,0.0298657146839018,0.180514148632742,0.258502232288935,0.332317793938445,0.505843256853933,0.444057148002106,0.376061161654521,0.286061195239613,0.19361085166853,0.13594859792154,0.0953759824301157,0.110055545096729,0.184137305089665,0.19922848723578,0.167126075837085,0.204639988865291,0.279149358410525,0.271830982543079,0.210140403645449,0.249285022658412,0.317585635409929,0.374744302182697,0.457243138094775,0.449278578457831,0.333099986400388,0.257670639061874,0.224584287369779,0.124942092866599,0.072541261392999,-0.0103440086858917,-0.0490742337640626,-0.0839640499758517,-0.102150452958322,-0.143136685971179,-0.127712279789131,-0.127434495589918,-0.108364549607699,-0.0810499176098936,-0.0474518940960915,-0.0395422620699786,0.00649772452154485,0.00688511958107435,-0.0256746646644538,0.00666042393410402,0.000429646243981727,-2.79120183957711e-05,0.0220043172143074,0.0697218498964691,0.101621865825725,0.0783001350942657,0.0755405151354939,0.098133704199726,0.0780681299681699,0.0431266248666325,0.0417807843190659,0.01234245759607,-0.00863343414264588,-0.0141801306957221,-0.0440006712358393,-0.0439313515114084,-0.0586439654063227,-0.0825106429473036,-0.0810560935722305,-0.0641162765227608,-0.0279470874571097,0.0122866555931628,0.0698283562692966,0.0855979602317943,0.153819422482238,0.160543441970441,0.21293728707386,0.195741587464409
"3",0.325482717876859,0.636348488785907,1,0.632540618203427,0.367430716662001,0.196209942794904,0.123731682841773,0.0161703474949967,-0.0560048389483896,-0.110359410339048,-0.127229026305088,-0.139570344275085,-0.162382981520901,-0.15603114034023,-0.206576722546508,-0.188827556175052,-0.187457230560048,-0.218609731698541,-0.191607784613667,-0.192559931497577,-0.18956000830735,-0.156814326048138,-0.140083814100863,-0.0848767181245328,-0.0439930536608658,-0.0537723485358171,-0.0979191452340139,-0.0501164035311229,-0.0400526168489021,-0.052114719335705,0.00490268083535526,-0.0255140067995412,-0.0597214487833184,-0.0434381398453438,-0.0172288072185368,-0.0207656406769715,-0.0188825458626207,-0.058659962321139,-0.0529434347892159,-0.0344130535028914,-0.0204498399806307,-0.0121007781037144,0.0201975120548247,0.0479062553477065,0.0678029070132251,0.084954163202136,0.11121995848439,0.141462766641288,0.162304234995903,0.178288609381023,0.189876617747605,0.211279458134694,0.235994245966439,0.225653001436657,0.170866031829385,0.155521295508185,0.0585790330262779,-0.00346881657654459,-0.0293597027475182,-0.0184360091786831,-0.0488849020632509,-0.143200897682052,-0.108474260784398,-0.0707475008532451,-0.168638008387856,-0.224341127754957,-0.14443149826659,-0.123887325356189,-0.235572368834358,-0.227234139519055,-0.143168815755392,-0.173254382165774,-0.237655022121346,-0.254544968778626,-0.276779443591643,-0.247704648644656,-0.277927385348959,-0.314485163368652,-0.255737749766817,-0.246319083700985,-0.246861267062206,-0.217789437399056,-0.256201947088774,-0.284903821071664,-0.19431789693817,-0.108770333288697,-0.0781406799227139,-0.0103178735966863,0.0689538412811519,0.186388419477792,0.283012572739916,0.312310294578887,0.331269409068285,0.303283040559364,0.228881935798782,0.193018856838229,0.127542268641709,0.102850004260717,0.131888656715474,0.118864256770832,0.0714659408147123,0.0560439738226166,0.0520595785062842,0.0272165151681098,0.0261307245517763,0.0256226757883977,0.0503627133933799,0.0692541368926033,0.0961141041040812,0.124363256700386,0.11205297907708,0.14681055462645,0.201897758995385,0.217525317361198,0.209697435582951,0.219627087671404,0.180922084205175,0.147494946623985,0.0848851906617407,0.0418279773107153,0.023712096621838,0.0247949457909788,0.0240428604051009,0.0302715355172087,0.0063456234263359,0.00234780648007266,0.0145847934514066,0.0150424117860271,0.0428169963034997,0.0703797129745326,0.105927044875818,0.123295275834154,0.10869503529657,0.0963691150163133,0.0869199517269491,0.0899804057818672,0.107573682000343,0.104341503723404,0.108992202681698,0.128971296479771,0.110905227904222,0.0747733262659597,0.0716995963737213,0.0818546138068851,0.020110479629641,-0.0113085524361029,0.0120749285847499,-0.0010152563618766,0.137763776897264,0.201321122176246,0.275713408490663,0.417177999456088,0.510047577391491,0.437010375163834,0.337036484362625,0.238730683347488,0.177011187005996,0.13309517262768,0.140040109395194,0.219329692160005,0.243005391956943,0.198078301531271,0.22443897864733,0.301678897502678,0.297834498670087,0.22771800136753,0.268402391831924,0.335157710493926,0.394628877499786,0.501647288365738,0.501276533217104,0.452852006694508,0.368468486830834,0.313921550642101,0.192126007634248,0.125479890907039,0.0305727219455384,-0.018487948447776,-0.0595512100885063,-0.0881479929779203,-0.131541743915562,-0.119284495388739,-0.119432484092846,-0.0927591209603806,-0.0654823760779274,-0.0268621605545151,-0.0108286603963907,0.0406193783582395,0.0365932530996205,0.00997834482287368,0.043840474752856,0.0383660387855288,0.046254788084111,0.0623297196021962,0.114464617712497,0.162590174178504,0.140710525464053,0.138672859845785,0.154348418831504,0.127029448787854,0.0818436075273913,0.0755620347932874,0.0298141789218663,0.0107298249171243,0.00185363829413033,-0.0284813118002367,-0.0353399328838318,-0.0523281840007874,-0.0729562937774746,-0.0669522838465794,-0.0425937641650745,-0.000669809489905267,0.0411795877650946,0.12028229167289,0.141109663534393,0.230277388307324,0.246537459130957,0.296892122894767,0.249803383477502
"4",0.236973903083748,0.413564282150727,0.632540618203427,1,0.594910635364384,0.256892565824179,0.192246041520297,0.0649682666258468,-0.00934994002137243,-0.0702332424423937,-0.0928977437092833,-0.118679962318884,-0.17485061955453,-0.186811380403807,-0.256695162322699,-0.237597501179776,-0.241945002082638,-0.275714208212357,-0.240896756503791,-0.233323190829171,-0.22141237948397,-0.174830377405178,-0.13737251365287,-0.0629463702954068,-0.0130136771875981,-0.0213344680144707,-0.0652528647296646,-0.00550065609221554,0.00408473038067835,-0.00183070210930312,0.0538395653916654,0.0121829444427212,-0.0260125061422096,-0.0225389626298651,0.0031024546195166,0.0015009117455437,0.00975373711273115,-0.0271685816754324,-0.0289120440460127,-0.0125418406597759,-0.00694956933363727,0.00822964016608752,0.0399944934254201,0.0735297927341557,0.096970567037778,0.109586298862634,0.131326636237696,0.166891071069143,0.188704875307949,0.191386075076975,0.191359408299652,0.212087826046697,0.227372541618964,0.204057649548921,0.149444117390002,0.117677015261128,0.0341223677827196,-0.0209317275890566,-0.0417588413846894,-0.0357943650590108,-0.0662018378954045,-0.146502390185677,-0.11747437307005,-0.089447367161293,-0.175641497710538,-0.221310413340729,-0.154168078469332,-0.138581959696,-0.233242045137694,-0.223569617409817,-0.15024005252615,-0.174595656055152,-0.22777529740695,-0.239203320299095,-0.254668812564418,-0.223289225732435,-0.239274529536262,-0.265960756843833,-0.218871123431072,-0.20910193285718,-0.205095555912326,-0.182623168211322,-0.21733253726355,-0.25140215828549,-0.184279109010124,-0.112758812451029,-0.0800380267027093,-0.0199929381898776,0.0390501789675838,0.14035242351989,0.22931982629415,0.266248384175357,0.313326269621281,0.319783828010798,0.258901267803228,0.2215265615188,0.142053262400377,0.122987139125884,0.154734921943084,0.129268499509346,0.0811093005640043,0.0689474860512423,0.0553925582876943,0.02626844918331,0.0173619587708092,0.013879600837876,0.0373053963473181,0.0526768818944776,0.0774860175457564,0.105637661685199,0.0908496765332973,0.1163457721394,0.165587227812641,0.178204591735389,0.187924669006112,0.212523347928316,0.185111037072473,0.152367111997239,0.0860738798647088,0.0388595634530192,0.0200015980979921,0.0160440294219189,0.00839083799284187,0.0102886597832591,-0.012909928370749,-0.0153532031251854,-0.00414753955533808,-0.00350994070320622,0.0211636463145306,0.049365089275514,0.085950180974867,0.106680430187024,0.095818604796599,0.0832420101205424,0.0779003026225821,0.0812301559989809,0.0972738542464433,0.0822255497582899,0.0775255782753308,0.0984171738751859,0.074024887440441,0.0364222766833198,0.0351617735105281,0.0422392545796454,-0.0144515578153418,-0.0379232397603936,-0.0154984270556498,-0.0275519503420948,0.09340804391488,0.147359572862903,0.212980678864097,0.336438535438851,0.471103994451756,0.521487872216038,0.406948047363346,0.295430394293097,0.233804743242453,0.193070316361239,0.192368089992359,0.262654611026823,0.287309353696934,0.241944411691499,0.241334882522139,0.289630536070642,0.285242340219664,0.22231935319291,0.236044086235007,0.282232492479682,0.323157193051505,0.418302453817612,0.399597742295804,0.395008508276436,0.451978066388042,0.385388593845653,0.250493976315786,0.17902348785776,0.0753856675654626,0.0231528801501125,-0.0228385333648739,-0.059362491304339,-0.0987999316564565,-0.0907699456134403,-0.0921780368776576,-0.0574285300361118,-0.0330730284194435,0.011565264143324,0.0353619762083839,0.0876955163727,0.0746424986496887,0.0449049632086052,0.0680271085164078,0.0601647206524913,0.069582835499316,0.076264294650347,0.118682411051611,0.165410209627024,0.15140913240736,0.157771268051868,0.158238376701258,0.143073399555302,0.100902828004768,0.0966731674172458,0.0439397174741326,0.0331871452275855,0.0204599498776293,-0.00661737807051919,-0.0179392936292591,-0.036042076657859,-0.0530458991780603,-0.0434387882595563,-0.0130735694387595,0.0308917550040171,0.0704856168670789,0.160326052087386,0.175644128651696,0.259809834571672,0.26941885026301,0.279610627061832,0.224675636596716
"5",0.154025906975714,0.287836879294839,0.367430716662001,0.594910635364384,1,0.474464221301949,0.29028387511486,0.157368755277745,0.0833438951749505,0.0149860724052679,-0.0285731045749411,-0.071293457066732,-0.143573053509722,-0.16259098392796,-0.249887715694245,-0.225853796884802,-0.247268518388347,-0.2782141975256,-0.256412167093076,-0.240513048133734,-0.211928252957156,-0.155647714619756,-0.109809597784848,-0.0255673337876514,0.0303415363807325,0.0216351564021277,0.00225069558089703,0.0806088704385908,0.0719153613653792,0.0733162468165831,0.111259381772874,0.0476821466055512,0.00365007333729548,-0.011376415551331,0.00836652609886101,0.0175008698261564,0.0400534660446544,0.0121504620973412,0.00691463375020547,0.0116316108088965,0.014764523687089,0.0398088508303533,0.069976469388837,0.11089459972615,0.135672696719622,0.140591654916371,0.160835843893417,0.201337776784603,0.217147889669771,0.209223754544768,0.20245813830187,0.216775918846454,0.213209861710852,0.181703090612639,0.134639359184064,0.0776485759309191,0.000790308829440333,-0.0527656968686341,-0.0701707935564936,-0.0649925521251905,-0.0991708938091979,-0.163642020910039,-0.132636728990669,-0.106649854083035,-0.181451106105347,-0.210362155132922,-0.147041914228012,-0.130219491376718,-0.206703922750427,-0.191980162065359,-0.124321964286671,-0.140792359527378,-0.18471377668057,-0.198912453799343,-0.218118939728743,-0.191978388554959,-0.207020031288116,-0.23668476498981,-0.187769233586191,-0.185450578284331,-0.190103513173397,-0.177101428063177,-0.212909406149585,-0.235109060500043,-0.181955494587964,-0.125553031856814,-0.0984817351857765,-0.0476727562261432,-0.00745105598824588,0.0819323102036594,0.155828649261621,0.189126023005974,0.235456543362127,0.238334625497215,0.206505197408625,0.175768537654037,0.107316696460468,0.0958966902245952,0.121152939018673,0.0937116210425591,0.0551555684425483,0.0489018716564091,0.0355212868984156,0.00750796734601843,-0.00344143784715729,-0.0067736491535941,0.0120029244872688,0.0239326294636302,0.0445568182943554,0.0737096328866034,0.0687698805882074,0.0879432806087932,0.117326551981348,0.120088952881502,0.129049477761676,0.150544441986306,0.137081426705271,0.117028125997292,0.066067662274551,0.0319618338143574,0.0137277440435958,0.00511244724528505,-0.00355517312985702,-0.00599012939750133,-0.0238273577759175,-0.0269812957317099,-0.0202139641775683,-0.0185129157994781,-0.00166231626187967,0.0203388958803595,0.0505309919686289,0.0668436414150694,0.0637686448918628,0.0589514263899583,0.0563768977639591,0.0596613825568175,0.0696282561779958,0.0568838226897738,0.0518532173416822,0.0641815775976785,0.0445306723740018,0.016542620667886,0.0126607958880766,0.0146018297112616,-0.0270970109577096,-0.0463613784220908,-0.034548333184147,-0.0527662734612451,0.0391605071160484,0.0762073513199796,0.139239623834151,0.2418361107787,0.348866960755199,0.375234643362044,0.378163158027558,0.25590856525269,0.202750630831692,0.16044651085431,0.145947931346517,0.20494373462797,0.223933113792673,0.174002021481549,0.162791743723128,0.200435334896159,0.191053777867957,0.140138931507225,0.152866009803556,0.186332693086576,0.225881792303825,0.289834006679319,0.296476653557367,0.322394323797099,0.396127743826097,0.519559624792551,0.364402791325326,0.286391357698834,0.170334518460487,0.111213976771423,0.0531770413905811,0.00179857838946425,-0.0352417272516946,-0.0419077917089774,-0.0534393244038812,-0.0156935239510696,-0.00994246205251726,0.0322738771255103,0.0704266602276587,0.119723159677047,0.0750439812343241,0.0449599370301203,0.0629059163523805,0.041518839907647,0.0549285856990464,0.0537195379380619,0.0886359047250587,0.136794228889052,0.142183237856286,0.164042166343137,0.16752137281773,0.173344270238016,0.146137956842626,0.14760086588645,0.0805304642093543,0.0854407039335427,0.0686936210394601,0.0476333372688014,0.0247064334726634,-0.00347886611035398,-0.0130650363886231,0.00808084494250966,0.0525422533361852,0.104493710166513,0.137183943977775,0.247101773730636,0.241769116807125,0.303494640592954,0.258253189946136,0.247521585928365,0.181430439453433
"6",0.0711316116235106,0.141711979985429,0.196209942794904,0.256892565824179,0.474464221301949,1,0.476224238535615,0.2145641592248,0.15374232328171,0.0845670598816079,0.0391718555494965,-0.0113132059515432,-0.108966178527576,-0.145098340891283,-0.231753116635389,-0.214559550102752,-0.237511223482959,-0.264254637098712,-0.240501187245316,-0.221450265694605,-0.189442780155679,-0.133698647430177,-0.0772284279783016,0.00622831610624041,0.0602201311927996,0.0608789489179276,0.0505775674844421,0.135825330452402,0.129789650078799,0.146716900596864,0.179736054067686,0.105981807670245,0.0608158737959685,0.0248629194698002,0.0375743176647211,0.0534338294501572,0.0889392385875557,0.0714437532623855,0.0552107291468674,0.0557137788772194,0.0447368727817286,0.0814409073727217,0.0972079700830865,0.136550631958652,0.157161976000153,0.145345912645889,0.141275063445136,0.165152568122522,0.17417394089006,0.149330185607786,0.119710212322792,0.124366887096533,0.116716202884268,0.0825301627025214,0.0539356592992382,0.0170640870960298,-0.0236668459792991,-0.0559902863468096,-0.0619886390257894,-0.060717999524765,-0.0857426768808068,-0.117318956068754,-0.0978607102651926,-0.0875495271104158,-0.131075442687162,-0.14044903606969,-0.105506819158435,-0.0985157218427878,-0.137649931352093,-0.124523138158381,-0.086251639290203,-0.0936729570729618,-0.1144232703641,-0.121881329390557,-0.13084862509619,-0.112852025636429,-0.112520793896946,-0.126586116515345,-0.100219021561862,-0.0996015659806623,-0.100954048830538,-0.0986175452425834,-0.121723914163686,-0.139744058382158,-0.122441176395803,-0.0962014437922054,-0.0760942712200703,-0.0501973970604225,-0.0401105486680981,0.00800817280845153,0.0512584781403013,0.0765746074658422,0.113413266735681,0.125507275283715,0.128355611245727,0.113154049881429,0.0623858982726654,0.0667585995744407,0.0845676157406799,0.053313811656449,0.0328044989809758,0.0353958210622833,0.0178979441838459,-0.00497922163499986,-0.0198598718570511,-0.0233759123105288,-0.0129437869531316,-0.0101146882014497,-0.000295377936958165,0.0177038056035233,0.0189006150964322,0.0229658764530971,0.0332721292114134,0.0323753454040337,0.0430697599140558,0.0616321374182475,0.0637407023029647,0.0568356920387288,0.0239749892212459,0.00158637594766124,-0.00993283895289499,-0.0205737186296857,-0.0327919387903778,-0.0386137875109782,-0.046939267131954,-0.04810670708368,-0.0445820390240073,-0.0404481849995751,-0.034153294807161,-0.0190520383217337,-0.00320528785544176,0.00410762069585802,0.00580849666705206,0.00960131377952766,0.0136020287381101,0.0209680585441745,0.029000294188126,0.0163733864123571,0.00399658507967854,0.0123394473300948,0.00185353109940728,-0.0184544305087541,-0.0244778748279989,-0.0228664314951473,-0.0439635554957842,-0.0558243314874252,-0.0517616572788797,-0.063467869750582,-0.0152315631279408,0.00646645934931381,0.051720651103712,0.114291232125697,0.180203332908849,0.207302428855632,0.25096805768187,0.201403094593062,0.174915507902857,0.157036594681534,0.130484412187132,0.151796143169205,0.168771919217688,0.138367397186004,0.113902648853416,0.120506058468776,0.121064171667744,0.0901147339634371,0.0821754076806019,0.0975772293965488,0.110784394562355,0.152659176204045,0.168856261876326,0.18439005888952,0.239570524968676,0.313050015869095,0.38212993854042,0.317720785651614,0.214586404144787,0.166237107291356,0.11092914223911,0.0582998100777097,0.0371353436396053,0.0250608377637135,0.0123046154421323,0.0494539427950323,0.043383875131547,0.0835599431267056,0.130005844439558,0.175515943775115,0.112360097758486,0.0703458449255553,0.0617881951499303,0.0435461115532834,0.047668803907737,0.0420531832957071,0.059758703261722,0.0879266626124723,0.0982358993018421,0.115506667462651,0.107789658259216,0.115982863229181,0.106498450587489,0.116979924036947,0.0727520625788197,0.0957354718789868,0.0812186098354507,0.0750088936886043,0.0537458443344962,0.034197116178313,0.0325100912008776,0.0534652480457957,0.0947168582369702,0.135040208734043,0.15445341278667,0.230364328778381,0.193704245214149,0.192950112527202,0.167498125922385,0.15296052746118,0.107300275852369
"7",0.0216279859964037,0.0776147082562499,0.123731682841773,0.192246041520297,0.29028387511486,0.476224238535615,1,0.529794797227087,0.38370143637405,0.275058419251682,0.170364869957311,0.0735140929261407,-0.0969935434052628,-0.165748426625637,-0.291473950329572,-0.273097938297387,-0.31346416413123,-0.34510031733304,-0.317226640598937,-0.286053091580183,-0.23004410928685,-0.148739806240309,-0.0522022085873528,0.0648334701348171,0.139710263172152,0.161527735837936,0.200246482402705,0.34215928421803,0.311192975515695,0.345764392615082,0.33106163323831,0.215255729158064,0.150621610655488,0.0712907812325109,0.0802436182846046,0.118520780232397,0.186757666359474,0.182151369884615,0.153469198594034,0.141882816287866,0.112584469356702,0.170222038801202,0.179096694069667,0.21616213281968,0.218861559854108,0.180040613954346,0.15847496466547,0.160054599419706,0.139904587977568,0.0944587622958084,0.0643829983708659,0.0617306024712513,0.0433100213485701,-0.00344075254356302,-0.0166081833818343,-0.0493903236910329,-0.0791001466903649,-0.107797232103562,-0.105813573948469,-0.104910132460996,-0.132140402936304,-0.142985041465888,-0.121788632507552,-0.115680053870648,-0.144716111343242,-0.134813043568465,-0.106788545841399,-0.0989063943752595,-0.115065187349874,-0.0972080849637261,-0.0664761670186849,-0.0633333732319838,-0.0723174323361232,-0.0805630671550979,-0.0924106816399554,-0.079592690910416,-0.0729341712006449,-0.0850942903987776,-0.0558153636163861,-0.0612101357157893,-0.0716589309992801,-0.0817166070320668,-0.109819923016246,-0.117726780471851,-0.124723181949831,-0.113636092842236,-0.0991196155578984,-0.0887543210213921,-0.10672005572107,-0.0737457626061264,-0.0399623719961532,-0.00793496217471638,0.0317470163986175,0.0495142631796978,0.0618010759333073,0.0544387801222325,0.0121536273570468,0.0319883125956394,0.0412882299897118,0.00306206742705239,0.000674699970277499,0.015225143599677,-0.0089285546108793,-0.0353709555259021,-0.0551681808376996,-0.060620215045892,-0.0569327832352611,-0.0585758542995147,-0.0527843565986778,-0.0429917055944611,-0.031867803747518,-0.04119379556153,-0.0443687629487241,-0.0477338665070991,-0.0364219930130807,-0.0144536517560849,-0.00484658010865929,0.00343096166846398,-0.0143751793490859,-0.0227396363591306,-0.0343667735286403,-0.0514736882959707,-0.066361742766592,-0.0769867452810267,-0.0797286849658998,-0.0841619964354661,-0.0843287925966293,-0.0763801217231189,-0.0806997585277935,-0.0696493087935813,-0.0612443822415193,-0.0553857408098908,-0.0470115708852859,-0.0306445959935575,-0.0192553921960103,-0.00391506149521603,0.00426982857640692,-0.00446817238538683,-0.0254890584222827,-0.0228384034209957,-0.0230170927964066,-0.0393309880717877,-0.053850538989777,-0.0526620771368187,-0.0579667120755357,-0.0705237364831786,-0.0781976113590221,-0.0956702698332371,-0.0784128985458647,-0.0704094926787021,-0.016808522405894,0.0443159710924442,0.103125216133345,0.134532518001133,0.16057210598891,0.130031121882233,0.119539411288302,0.123292980257079,0.0900607338201492,0.0922538187534337,0.113266346833529,0.0937909012310741,0.0630817457608249,0.0622686093508794,0.0728594684493324,0.0493152304912512,0.0352356999552949,0.0497179320755418,0.0550347212771664,0.0913629583968485,0.109430717795978,0.142038722914507,0.198735371128394,0.280864348688924,0.392590673120984,0.561132664878755,0.434905138005958,0.384718125397427,0.275125921416303,0.197820073149574,0.177073627372143,0.139789284458223,0.103910159584194,0.151737093423606,0.113580274950935,0.157387628396813,0.223159247574489,0.222653885817566,0.121050304266795,0.0903785457794799,0.0658609758361831,0.039996170488518,0.0487574329372991,0.031808787867855,0.0400458891714723,0.0696640921618267,0.0925490560102408,0.125403279359009,0.111250581851117,0.134800568235074,0.160541471041225,0.193430162400513,0.137629299750658,0.200615741631265,0.181415370571948,0.195955973337344,0.156792809540929,0.123615736917443,0.136278232931059,0.172633711929832,0.238270945605157,0.290251763220082,0.278775080986988,0.357142969415714,0.261636391176605,0.205099483487756,0.162108682568208,0.123835453872371,0.0690284202419753
"8",-0.0407686588732371,-0.0211595133652914,0.0161703474949967,0.0649682666258468,0.157368755277745,0.2145641592248,0.529794797227087,1,0.654224112461541,0.465414827162487,0.334911903173392,0.208160644503252,-0.0388723862597359,-0.155981860304665,-0.297130822784973,-0.296398026229602,-0.338634986955364,-0.371710039583423,-0.329915333845813,-0.296152791489535,-0.230398859509621,-0.139307876068512,-0.00370960621645553,0.140063860895589,0.235428230932538,0.283994261720911,0.337955283844113,0.558916390345124,0.504148830184541,0.576223204721104,0.490618649121209,0.338977184377617,0.266636768589167,0.134504780930207,0.129288015242856,0.173864270253682,0.264289541008595,0.292222255383451,0.225731081865613,0.179789206377561,0.104167180671851,0.135195808370418,0.110584150471855,0.13097477380503,0.132719795287357,0.0868908400011932,0.0599861039935571,0.0615207819976795,0.0398565572603652,-0.00332961914913548,-0.0201017758351809,-0.0199718336284969,-0.043673016197769,-0.0802852416420406,-0.0724849129806974,-0.0943651019661479,-0.102962138520659,-0.110281178186247,-0.104759980251489,-0.117740234048861,-0.136884128039325,-0.123696860925407,-0.123303203392402,-0.133578691388481,-0.132989800446475,-0.114231111166514,-0.117387849485562,-0.114440447837273,-0.0965184657895255,-0.0867404505728323,-0.0790583528448788,-0.0614826819052486,-0.0519650622333313,-0.0432929352979377,-0.041768766420154,-0.0245687782254331,0.00183249348702068,0.0128132170772286,0.0284007029049305,0.0284714015289854,0.02117341964976,0.00299475168373764,-0.0226060973542834,-0.0314557387556476,-0.0772738393937206,-0.0813429264487295,-0.0658157277407013,-0.0771486668302827,-0.126040435517018,-0.128457478966486,-0.124007163721627,-0.0978088180975338,-0.065143088655688,-0.0407285035107452,-0.00649137688062225,0.00366788245068538,-0.0301364707731803,0.00801611546176977,0.0106431484710915,-0.0408305421086169,-0.0273780605994399,0.00131542888465711,-0.0328920668746204,-0.0554423614319869,-0.079920945547748,-0.0845904566107443,-0.0882910295766363,-0.0983303955690911,-0.101564339707843,-0.0943546984810112,-0.079928442731666,-0.097080010569474,-0.111647092696505,-0.119700567346613,-0.108887990244325,-0.0949679369819259,-0.0755149220206231,-0.0568584199058272,-0.0610238309782464,-0.0625164728072791,-0.0660209128724895,-0.0840258542199044,-0.104768523163681,-0.117421959157018,-0.111546084650209,-0.114407727215289,-0.115738637379935,-0.104242465563742,-0.117020459655972,-0.111241139390066,-0.114684917416203,-0.118110380812481,-0.109437306621685,-0.0857283224674835,-0.0684950501634458,-0.0468378454636092,-0.0375671772136437,-0.0481270044823951,-0.0784523757235336,-0.076758401013264,-0.0716493575958566,-0.0825490380325017,-0.0955339235140281,-0.0964619531407133,-0.0878591259416961,-0.087573433931558,-0.0971650324280782,-0.108246112764912,-0.12598025498503,-0.129810025453278,-0.0920372743259303,-0.0590813704117649,-0.0163435001249409,0.0213969067776188,0.0532457029186986,0.0800452733006397,0.11078043251035,0.160788652215491,0.107896167240604,0.0682760747118648,0.0985955312862759,0.098290531465738,0.0533555794191411,0.0308150038251882,0.052325989209856,0.0408012672023289,0.0123773647677748,0.0165852438284863,0.00267875259407077,0.0199539800098139,0.0241668179736855,0.0548604979706242,0.106900604138121,0.173972110558208,0.272659944204441,0.383331672345351,0.495292079774546,0.472077690113002,0.3885204554558,0.319191459481761,0.346218015746792,0.277894126521091,0.236887364200461,0.299567254440627,0.232674542403696,0.274765824933424,0.372888712973294,0.337970856492935,0.194988402532002,0.164581778531478,0.109710429441574,0.0791598847795248,0.0784550326281776,0.051223826955891,0.0457194404587787,0.0613185969964565,0.0679379160698678,0.0858321455633187,0.0695733467956992,0.0865609394023911,0.112103352164552,0.125793388574886,0.0964964189853227,0.174941160390866,0.160686610880064,0.188692247371017,0.142364680910229,0.123581927540237,0.16597710568468,0.214203858907591,0.272017783763933,0.29426069671536,0.23519535755835,0.246463838839511,0.186566112896133,0.130619950307223,0.0985711500926715,0.0612147245956286,0.0333158456213723
"9",-0.0800703891380033,-0.085169812927828,-0.0560048389483896,-0.00934994002137243,0.0833438951749505,0.15374232328171,0.38370143637405,0.654224112461541,1,0.699996165545469,0.474718835296646,0.335874854696715,0.0246714265409872,-0.126037738108812,-0.276894469595111,-0.287060499418511,-0.335163394762138,-0.366088547734275,-0.322699462262611,-0.286742197153237,-0.212970593299358,-0.123284431197827,0.0237053875815273,0.165028063669807,0.248341725342144,0.289870764321426,0.378491769001443,0.591258598149945,0.466846553689831,0.588079675483069,0.443975503942407,0.331316365901376,0.294277324911502,0.151719486458179,0.132183740404087,0.176827612299622,0.274571412652355,0.350868822340306,0.287477717020282,0.221346012901166,0.121904081374814,0.143161811893967,0.100439867119214,0.102298827015522,0.0960896028394764,0.0445164572100695,0.00843330658471369,0.00160880791734412,-0.0227816310465089,-0.0710410850248055,-0.0846733896329493,-0.0807029561508757,-0.107329934806574,-0.146327218052172,-0.119669933218474,-0.135422250708832,-0.123744283828021,-0.116966842320266,-0.104960933873651,-0.117958407465978,-0.127997135004226,-0.0889848186921994,-0.0965577708703891,-0.114384858819635,-0.0864738492967589,-0.0515408178762364,-0.0758126814698322,-0.076245634130617,-0.0257819704196062,-0.0184151118872539,-0.0331750861761665,-0.00513767668513696,0.0220972402939363,0.0343546172235034,0.0389156292413105,0.0460423923617016,0.0800961496029016,0.100284896025159,0.105974958676976,0.102053753952057,0.0894774950007419,0.0602340462222969,0.0400574569394507,0.0445785585219741,-0.0292541906159756,-0.0545493970730602,-0.0507753665851267,-0.0819024194367252,-0.150514276829467,-0.179403990579253,-0.189563890621448,-0.163134801524279,-0.134518608736092,-0.111041067857505,-0.0715204888152823,-0.0605120171911529,-0.0860318022246986,-0.0334218477898402,-0.0354510735878732,-0.0925733995752127,-0.065240183808708,-0.0256910859226887,-0.0626225767556799,-0.0840260532410544,-0.109721646602378,-0.113820066356559,-0.124149070413596,-0.138151771768508,-0.146514294693098,-0.1450015088045,-0.125224169978977,-0.149087111048211,-0.172073370670603,-0.180124444405313,-0.171240863778315,-0.160404650427139,-0.141112904493217,-0.111770877148475,-0.104141059542211,-0.0928287395326318,-0.0950441287064599,-0.116109401401894,-0.137876642656956,-0.152084356029174,-0.141192692001325,-0.146710218778957,-0.148811006900093,-0.133403236481451,-0.154188583252999,-0.150608991598266,-0.161499840229122,-0.168211108458121,-0.16014023423557,-0.125096681479437,-0.105900595751051,-0.0751318740771322,-0.0610954252141204,-0.069747383038887,-0.107089202524216,-0.104525831065516,-0.0878410556728822,-0.0947576729557705,-0.110680104393478,-0.107337278628147,-0.0823400996888392,-0.0803266509095406,-0.0970226566283632,-0.102434595273465,-0.152570331599193,-0.168998159365631,-0.138944154479593,-0.120502384853499,-0.0920736322396253,-0.0530859740941084,-0.0164221956353572,0.0236940057844818,0.0646578431447087,0.118841820552482,0.0639240222228175,0.00695479330644032,0.0401139167439155,0.0468897052659577,-0.00351410171995089,-0.0317024649978176,-0.00341009412496748,-0.00788718793841287,-0.0418995805143712,-0.0389968166883188,-0.0601857259899584,-0.0438002148602625,-0.0492582718911676,-0.0132261509395962,0.037831401806162,0.103924788437607,0.202582256011429,0.320163411817544,0.46868170073007,0.554455907619595,0.494410684641732,0.46595447937518,0.531986212802672,0.421417047134726,0.349150708942667,0.359040896521539,0.266382264196622,0.275312098827897,0.355549710858702,0.278437572203106,0.153764868091383,0.143924689187643,0.0815101201738711,0.0532488366235086,0.0484180046996291,0.0190251668281661,0.00469890530500112,0.0134139402384163,0.0221953212263015,0.0419371739712283,0.022005066618504,0.0453011603149199,0.0835467775999319,0.0989817004355179,0.0859703314506012,0.185040109951776,0.177039234038234,0.230798004647912,0.179851020106,0.166465921504058,0.231793368199573,0.286257423488734,0.336837342583054,0.332720904194993,0.230652113001085,0.200977664771129,0.139126518420849,0.0719478827617797,0.0368909158333488,-0.00815196830373244,-0.0274173744519637
"10",-0.110901499675257,-0.133498263638493,-0.110359410339048,-0.0702332424423937,0.0149860724052679,0.0845670598816079,0.275058419251682,0.465414827162487,0.699996165545469,1,0.695099798899937,0.474094776373414,0.120291777325238,-0.0686934718477177,-0.212667918396493,-0.242661812825301,-0.287790044418436,-0.311344689291662,-0.26564966983256,-0.231354541373845,-0.156862913031992,-0.073645404608024,0.0765748827528534,0.211644486562661,0.280922259299769,0.334285663158407,0.450344701150033,0.607587656993089,0.477569145506576,0.544092737824473,0.378603691578515,0.281099609161671,0.270364640203953,0.135367181682667,0.100208019211877,0.123866298461931,0.199350512052497,0.298438297979784,0.222666021702788,0.1490946614869,0.068683474148085,0.0832661874739074,0.0229798553587637,0.0216921867803774,0.0241913402845015,-0.02871411362092,-0.0662698740868895,-0.0641432706381466,-0.0806940149474271,-0.125485094242698,-0.131864741508125,-0.122449919478384,-0.145307050661907,-0.176569514524965,-0.139392751668884,-0.14901146426996,-0.124409240714161,-0.101082058345524,-0.091475709352949,-0.115324475794901,-0.115154398571974,-0.0625343014761739,-0.0901990305972994,-0.11824330227951,-0.0659322908049227,-0.0307789189781414,-0.0810098516312619,-0.0829424757643661,-0.00771569789345408,-0.0115918251401592,-0.0442301253462451,-0.0042517445506459,0.0346855095378473,0.062899190628097,0.0780498537869576,0.0898061847231518,0.136177749364677,0.175514235414757,0.171861505151103,0.174294703435003,0.163715731503633,0.131202299188891,0.113165196396498,0.119207522152853,0.0204010100273009,-0.010502844173454,-0.00708896000749833,-0.052218526685177,-0.136591770745192,-0.188196982668091,-0.218700471540306,-0.197085138941787,-0.174488677095108,-0.156707682809133,-0.116598490110019,-0.105700844421404,-0.123907796999907,-0.0671251404073408,-0.0728107912446646,-0.129017275275242,-0.0979833990356912,-0.0542952658273165,-0.087599308436659,-0.0975495898646639,-0.117664132596565,-0.116539972984548,-0.13192509756492,-0.149304298524133,-0.160994350173913,-0.157571963337358,-0.13822547203872,-0.162139967736429,-0.188897433077184,-0.200645977510721,-0.194285226838218,-0.195077263666796,-0.179485383538018,-0.151727731464123,-0.136195128930707,-0.119864855944542,-0.114668499210556,-0.130714089342324,-0.151489417791086,-0.161529069357337,-0.146040844424451,-0.152099867969707,-0.152605906828514,-0.134274417868477,-0.156799554102517,-0.156038178731824,-0.174872147974083,-0.187970019359279,-0.186011200314082,-0.152858675330929,-0.137175950373706,-0.10472598820112,-0.0901841529616772,-0.0984238951229596,-0.135636169824437,-0.131747651013079,-0.11343598389401,-0.114173090063433,-0.123415714743303,-0.12154414814741,-0.089807812386306,-0.0756115757719029,-0.0889727424621942,-0.0881836315645627,-0.161357802584991,-0.187015395491628,-0.171129954076883,-0.164680478758429,-0.146672786366215,-0.109395600425661,-0.0729105127622372,-0.0210968422605245,0.0285042075936499,0.0938560277447512,0.0405162278863364,-0.0288357775382017,0.00534235699726859,0.0202023367134556,-0.0296726843813203,-0.0636184363419949,-0.0352802707751629,-0.0322872293719504,-0.0662806159109483,-0.0688242761369454,-0.0936548767025641,-0.0851003102760123,-0.0963862983226206,-0.0614646763185438,-0.016134255376745,0.0354319324152462,0.125381923299913,0.221769971842873,0.36254614445799,0.422148556235945,0.460678085651149,0.47921318619631,0.647878453781795,0.46974642657518,0.404260484959748,0.386011737923943,0.288864612773636,0.266988606594198,0.340102057135815,0.26113509584045,0.147218839197409,0.158269041954341,0.0887744730318698,0.0592526433251098,0.0474766281516471,0.0182550378810031,0.000347682571905525,0.00051164023536834,0.00211188622532474,0.014613480432008,-0.00973777044898647,0.00771645181831089,0.0426072563359225,0.0488815795071614,0.0465332774090775,0.12592453578691,0.112825377657576,0.170274051123368,0.131991072541477,0.129473193967924,0.205779786977316,0.256579126318849,0.276327091714183,0.241386707320482,0.160582039815913,0.124042142625913,0.0803133203281726,0.0175953511353051,-0.0037003150543303,-0.044926137154252,-0.0469289722255835
"11",-0.111700130717896,-0.145796790348672,-0.127229026305088,-0.0928977437092833,-0.0285731045749411,0.0391718555494965,0.170364869957311,0.334911903173392,0.474718835296646,0.695099798899937,1,0.629766946011376,0.223911833419269,-0.00348324139590399,-0.135519886750791,-0.185729657767703,-0.227752026730857,-0.258183080702928,-0.217973463571163,-0.200599044020667,-0.130786216679586,-0.0682825371284868,0.0574365420486927,0.170471833074117,0.218699680153749,0.282123876571682,0.369020941514102,0.457668015917271,0.449296654616377,0.534863152459787,0.373697451213504,0.309414984411521,0.339706280783253,0.184888035580656,0.137400414965046,0.142738089405714,0.200460285263919,0.300987385820137,0.202726156766888,0.136632254626545,0.0654696484429839,0.0580719888771409,-0.0139317474941306,-0.0353056931080606,-0.0178704581024872,-0.0573901883021282,-0.103472148435916,-0.100818771027071,-0.100482366360022,-0.139157017416957,-0.142819135467858,-0.129888848284845,-0.146207994599656,-0.169248037417159,-0.125426338409329,-0.125668461688285,-0.0826156849425287,-0.0535067567051806,-0.0402191607841751,-0.0637582183150576,-0.061496826096232,-0.00686878682240063,-0.0391269043301199,-0.077368285171495,-0.0252772426799881,0.00884792000938858,-0.0514757990905398,-0.067814359451313,0.00653875999819606,0.00337838309443115,-0.0423264661987614,-0.0119169724135608,0.0333366776346657,0.0635116128360435,0.0911758543557639,0.102413042241482,0.156469406681882,0.202964652190984,0.176011463810997,0.182032418582947,0.187030373654309,0.158641130339446,0.156969109462117,0.149355625392783,0.049495175017571,0.00838595131695649,0.0158913118219508,-0.0300106744368472,-0.10744255755514,-0.171828030563962,-0.208651578650381,-0.1972594251178,-0.178923509493875,-0.164328320850639,-0.121513986742636,-0.108555927473492,-0.122560924908189,-0.0586870600214543,-0.0620580012544621,-0.119301805542561,-0.0829218749764524,-0.0351156466594348,-0.0696416799160023,-0.0814944100693558,-0.10333037546495,-0.0983228441562449,-0.107984912528497,-0.129308835803656,-0.150515799161688,-0.148842567269793,-0.133118697205177,-0.154998600818094,-0.182603090416644,-0.199198134837349,-0.197042728048702,-0.203455203343294,-0.190294531983329,-0.169721733569356,-0.155693415490194,-0.145490491706095,-0.135326296450143,-0.148887681903899,-0.172132727519166,-0.179038556812653,-0.161284685819191,-0.164922254478559,-0.161011624584013,-0.138655199747547,-0.158283008803952,-0.156645755865597,-0.180855874845833,-0.200677174066028,-0.202534306651647,-0.173374417980236,-0.160800917196075,-0.130809485596652,-0.112750104786077,-0.121444776358961,-0.160000947927257,-0.151829613436523,-0.130093375229085,-0.133279630461498,-0.140715813918562,-0.131827967958276,-0.0989062332589373,-0.0859188875313597,-0.0936859168942669,-0.0802652124745835,-0.150409210227837,-0.164736972430619,-0.161317943764074,-0.169085433341625,-0.156804644197849,-0.122563129831625,-0.0852116441643275,-0.024237703621708,0.0352892700989003,0.104001676511227,0.0507233928637573,-0.0208304938528532,0.00837180993140665,0.0232695247072272,-0.022361472671417,-0.0595544989265053,-0.0378176532013768,-0.0304484107215057,-0.0633698427673527,-0.0720103524494461,-0.0982361079993855,-0.0972415392511785,-0.117007889675762,-0.0886853509874184,-0.0522698264285545,-0.0210964156990901,0.0536315477159784,0.115393442909866,0.226689431499052,0.278247507787448,0.30406503804573,0.356820605895389,0.563466879952854,0.499203263493205,0.507547233443253,0.479549330322328,0.379900388357798,0.32615982258166,0.366532167899807,0.259665254298352,0.15063801950971,0.146874411924272,0.0785625432670278,0.0509411588080681,0.0358252009311726,0.0084869006579802,-0.0115268630830371,-0.0185927502144728,-0.0236833147405944,-0.0203750462751692,-0.0460888399512368,-0.0329534028794917,-0.00508518670281603,-0.00915063221882933,-0.00600403866397469,0.0448983037833454,0.0370535237313767,0.0847984034659434,0.0697201036402929,0.0854217905669092,0.145158220846389,0.181853177105981,0.174526216508378,0.142211235350687,0.072822215430662,0.0383238253799573,0.0169204898123121,-0.0336707622097383,-0.0420719415875024,-0.0757342359939986,-0.0653760317918185
"12",-0.102782603437473,-0.146957695920332,-0.139570344275085,-0.118679962318884,-0.071293457066732,-0.0113132059515432,0.0735140929261407,0.208160644503252,0.335874854696715,0.474094776373414,0.629766946011376,1,0.335365895226062,0.102222026132777,-0.0281866915304997,-0.102349781535582,-0.152160722022996,-0.184018806199985,-0.154610046234948,-0.155000716972118,-0.0868081875383157,-0.0525728403627338,0.0242925032939155,0.109361071677658,0.133173754181694,0.187996240855159,0.255229772515416,0.311543799405059,0.310289185661645,0.382171701366118,0.242530804755347,0.238295252979743,0.288837750045466,0.152479203900825,0.102713855917715,0.104316468490999,0.1544733742134,0.257152153640434,0.173459408084934,0.11524076150933,0.0576806537071259,0.0371386211282586,-0.0310872889392063,-0.0658362968581257,-0.0506214480622613,-0.0776613176527211,-0.122278367088817,-0.125015640566119,-0.11915251353702,-0.149539049170032,-0.150131208076286,-0.135919680505275,-0.147842677917352,-0.164507771290435,-0.11650235325318,-0.10878824899429,-0.0568122309806655,-0.0236065944647704,-0.00797810321653286,-0.0250959382819571,-0.0164858555303919,0.0423997923508816,0.0113837296396063,-0.0263071261664408,0.0305712855865756,0.0667994135303396,0.00369215121420197,-0.0169332115251458,0.0599757532212687,0.056714691159463,0.0020691556209833,0.0275910155656728,0.0759674713892277,0.101030696347281,0.128480673073633,0.129075884325571,0.17677955161257,0.219611953513753,0.183751715381823,0.18652327924531,0.19251973953839,0.16550670993651,0.174614460737615,0.173336731897179,0.0806057833181587,0.0320407703381844,0.0305627292179194,-0.0168258552711809,-0.0831618151475318,-0.153348883659648,-0.192038672120212,-0.187842198705512,-0.180339559813457,-0.17192861527372,-0.138676459420056,-0.132845193025489,-0.139775411789393,-0.0813158954886009,-0.0836568598118303,-0.130350652280997,-0.0941734333033105,-0.0502785907328017,-0.0764020315967923,-0.0854872139903449,-0.102297429490495,-0.0954063428210087,-0.105939391108559,-0.125084722660761,-0.145099880801268,-0.147795138348185,-0.130902538952482,-0.148122826983374,-0.174840940049924,-0.18822844403693,-0.19257436622462,-0.200801687712154,-0.195552953731923,-0.176660529307822,-0.160971264957475,-0.14678030187708,-0.137640097682522,-0.149008276025244,-0.166877996220605,-0.170673882990686,-0.153742965133511,-0.159630458654192,-0.154698048990413,-0.131819749043536,-0.150765994782316,-0.147366931707615,-0.172874565614997,-0.191304479615054,-0.196847054619395,-0.167436068439298,-0.15892789353647,-0.129535521920147,-0.109749937836552,-0.113390082615754,-0.14815565962155,-0.139366868505002,-0.11191577410204,-0.112690150063241,-0.120830046085969,-0.107308887605498,-0.0705081217526228,-0.0613141945134827,-0.070212258493439,-0.0505014784522649,-0.121836995988724,-0.135288027958409,-0.142719273636551,-0.162172350645808,-0.164494640316447,-0.141004551544935,-0.110899341074105,-0.0582351500760764,-0.00770930720004622,0.0455681817079747,0.00511295692522888,-0.0567158716145975,-0.0333718037710959,-0.0183049923118535,-0.0527704487097982,-0.082498191249986,-0.0644763213021583,-0.0534608012304273,-0.0790718574660066,-0.0869455892798035,-0.11032667199142,-0.112436679212896,-0.13328185615244,-0.112015586315792,-0.0889385969696092,-0.0696881356192587,-0.0135357067381925,0.0331872536879607,0.122368852108565,0.180126019480563,0.218414936071736,0.301307093761128,0.492515491235141,0.4672645211719,0.543639758580688,0.418231482229125,0.330196514475227,0.252682164020137,0.257605698566438,0.163492352665678,0.0900269084919106,0.0885875618417593,0.0359933468900141,0.0160296557259932,0.00081403760517272,-0.0192790722008495,-0.0398859376167682,-0.0522112214810327,-0.056057873118697,-0.0549587682337823,-0.074955203931441,-0.0619478082232655,-0.0385338977908607,-0.0440278351355977,-0.0333737237257655,0.000542090558974155,-0.00189006525371509,0.0422393838446482,0.038746897723119,0.0609180509034625,0.110890782202807,0.136313904562584,0.114668490648761,0.0761293056633394,0.0164689303313785,-0.0225653130011254,-0.0344843111389346,-0.074779446204737,-0.0809966382292065,-0.106965640395403,-0.0916778076926535
"13",-0.093474600646052,-0.149323865823539,-0.162382981520901,-0.17485061955453,-0.143573053509722,-0.108966178527576,-0.0969935434052628,-0.0388723862597359,0.0246714265409872,0.120291777325238,0.223911833419269,0.335365895226062,1,0.484475981470762,0.386623931284754,0.241423875989358,0.197429538790321,0.167502430199271,0.147241250453014,0.0914139464846176,0.138803917404602,0.0782485241032326,0.0472683414532886,0.00664516389001513,-0.0160805622397234,0.0145493855578924,0.0677605733977785,0.0397303043787055,0.0394730393658568,0.0521831231469532,-0.0214370970404215,-0.0242760866836796,0.00735248961508201,-0.0171869356152377,-0.047631463456757,-0.054907648010439,-0.0564713199183447,-0.00600674063272404,-0.0277821594685652,-0.0530576735553923,-0.0480949798922373,-0.0679627805358307,-0.095577987756766,-0.117999028058112,-0.115965652964355,-0.118043419645502,-0.12907751138216,-0.13562971321579,-0.130173591176528,-0.12543151214436,-0.116678988617521,-0.116284739304605,-0.116509760936262,-0.101403015766644,-0.0693022153717694,-0.05449457204783,-0.018763277663892,0.0238543809748206,0.0250270080022638,-0.00104970587598923,0.0197249978514803,0.0679815357078415,0.0219919150777301,-0.0113669344026127,0.0526321296994321,0.0708605996997352,0.00222771134231711,-0.0108681546785425,0.0626134660971795,0.046056602103165,-0.00712130810072138,0.0217180282712008,0.0626584048766845,0.0956333605683554,0.123119107695679,0.127538069610447,0.160683870405725,0.20233212688237,0.172701073373438,0.180374316576602,0.183503181512201,0.167257460999866,0.177313132447333,0.185969001764802,0.115171655042344,0.0882448502641373,0.0824889293625317,0.0457003827516457,0.00268364127697132,-0.0590311485455224,-0.113150370341247,-0.126882676027626,-0.148417532973127,-0.167009348869171,-0.164087754993752,-0.185675849452024,-0.169811270722867,-0.145442406802214,-0.144134805972591,-0.144376847907868,-0.124454990481875,-0.104426767679072,-0.0938771288683285,-0.0797384484091599,-0.0743013760880857,-0.0587071756405902,-0.0727588911903844,-0.084078688023848,-0.0901353199336229,-0.0923235659436482,-0.0669997619217534,-0.065707811071173,-0.0914764980138911,-0.101135723372337,-0.125569522016959,-0.152374242358503,-0.173323867489194,-0.18260144403146,-0.164676844978526,-0.146882227700902,-0.13065169187808,-0.123554002959744,-0.121608318065768,-0.107088340841481,-0.0925029482050774,-0.106021652032147,-0.0963110472245133,-0.0708690137323889,-0.0793863676574105,-0.0702094811623028,-0.0994173563870584,-0.119183754818837,-0.145016822218092,-0.140157649289093,-0.152798950728961,-0.137936544074078,-0.126240832660872,-0.117233945904497,-0.127420029733393,-0.120753130129843,-0.0989365066895254,-0.0821165002523871,-0.074612144665876,-0.0685919386105705,-0.0356324564055077,-0.0102965575852072,-0.00990310182926181,0.0134710706219759,-0.0491918238556002,-0.0707638735822873,-0.104737844460323,-0.136086149141421,-0.162713401167437,-0.17481362789215,-0.160220271173035,-0.146366023193374,-0.126055809158129,-0.104724505930282,-0.1137244684237,-0.146311189510439,-0.144610472503093,-0.139033543597606,-0.142949329405314,-0.151688859607941,-0.154749899368238,-0.137661948091676,-0.134478421624694,-0.144524995884795,-0.144166627167243,-0.156967428602883,-0.160235893301667,-0.151568849773657,-0.156126208698389,-0.142821106671255,-0.128003458701935,-0.108824056346273,-0.0696407512086341,-0.0444200470745883,-0.0142068908512258,0.0405541457076821,0.1257193168862,0.108449783435018,0.16575178139407,0.0885261587382802,0.0548911081110529,0.0107183670044413,0.00397971625122141,-0.0361902485189169,-0.056869019546635,-0.056848222757249,-0.0719648247415353,-0.0837144842925961,-0.0967742569011158,-0.0934968942482298,-0.106773978533093,-0.128158379009035,-0.124620920576948,-0.121816638062195,-0.111318790242138,-0.0988736865955248,-0.0880599509153627,-0.0871741816189248,-0.0672063632798593,-0.0743945834046411,-0.0754101336603672,-0.0670052390708955,-0.0606336064344416,-0.044210935840746,-0.0225509882275571,-0.0212858003014742,-0.0481444530490727,-0.0677886875686511,-0.0817441888711631,-0.113757485131453,-0.114528920286979,-0.13835819754847,-0.151073343448055,-0.151297587533627,-0.129680496275833
"14",-0.0742536770687177,-0.136405415735328,-0.15603114034023,-0.186811380403807,-0.16259098392796,-0.145098340891283,-0.165748426625637,-0.155981860304665,-0.126037738108812,-0.0686934718477177,-0.00348324139590399,0.102222026132777,0.484475981470762,1,0.57764949590284,0.496418315760518,0.381311848829341,0.330399410604134,0.192218544791091,0.0791979573146446,0.147406765861148,0.0383192717142024,-0.0342660109136054,-0.0826029252954484,-0.114843484568578,-0.101571056804137,-0.0727108999222959,-0.117315452031414,-0.11395172929115,-0.119065513335863,-0.148081724451722,-0.135019404715172,-0.111902642954715,-0.0899861424943428,-0.10947298333488,-0.11162029787163,-0.124627103635998,-0.106220033117606,-0.0943747062917904,-0.0988103949543634,-0.0707972221884487,-0.088933578466479,-0.0907195617579971,-0.107186392265606,-0.11691485902907,-0.105471054472502,-0.0957688048467077,-0.106634083735396,-0.107681472255225,-0.0837330073048265,-0.0667934774129343,-0.0769384242004244,-0.0764906009024048,-0.0430310489957125,-0.0189595467177338,-0.00206800310583057,0.0274710105361279,0.0714784179476468,0.0668220670047596,0.0410802013056986,0.0660984131360483,0.10498691170427,0.0562015836900721,0.024739273792173,0.0843471996021251,0.0930142075240034,0.0257651545168759,0.010366910939749,0.073663467708007,0.0546248852823075,0.00142517053414239,0.0231466397307311,0.0594872087948711,0.0907917526201852,0.119588993851559,0.122717970582903,0.145514310956102,0.181919783224345,0.150142714173972,0.158681254409887,0.164010041172952,0.155655034491038,0.172303781579516,0.183492953651837,0.132975021712245,0.113841491901181,0.105962190301987,0.0800485801678763,0.0611305845203956,0.00657739262135205,-0.050834738140833,-0.0820493428328359,-0.119484767572048,-0.157358842366956,-0.170642103978456,-0.21226784460628,-0.186182278935757,-0.17655130456801,-0.166287777642649,-0.142435083195184,-0.13111509442467,-0.120160061966608,-0.088907332556229,-0.0665770252811323,-0.0532654720532817,-0.0316413437131546,-0.0432274773819134,-0.053358367170088,-0.0536021500530822,-0.0531804587991774,-0.0233506721685079,-0.00963117520787699,-0.0355871579819336,-0.0484486088198467,-0.086474017366767,-0.126179074275467,-0.16353270967212,-0.191912595917076,-0.17600620168879,-0.158917501154044,-0.138509255806085,-0.122169646467534,-0.11137393230832,-0.0861612910443865,-0.0728104574333703,-0.0891524719547322,-0.0738034936865443,-0.0446384509004559,-0.0456797318666195,-0.0320031952619668,-0.0639007247584186,-0.0879541848218683,-0.127788808642072,-0.136371163164193,-0.162072947732403,-0.15311412926852,-0.141147055368729,-0.126925515291907,-0.126460656570618,-0.114951643333875,-0.0929732565451101,-0.0722499053491678,-0.0569348003239625,-0.046914512912197,-0.0175437856676742,0.0101244323297598,0.0183296883547427,0.0502892786372448,0.00260622771836619,-0.0123186620521075,-0.0624563612687514,-0.105743296945949,-0.143230544900809,-0.179694909736962,-0.17085452336553,-0.18409900600679,-0.183960322493201,-0.187564312446075,-0.184168986443912,-0.196190719275464,-0.203116000015187,-0.208488759335044,-0.198282615121469,-0.189783265431574,-0.202058905144745,-0.186893586962202,-0.168601703182452,-0.174277044875371,-0.159472948733117,-0.170938741345519,-0.161813098623064,-0.157719196310354,-0.176003694422044,-0.161435130439625,-0.171030904465988,-0.162062288915403,-0.155347815993522,-0.141361464076338,-0.119036159706265,-0.0762234633347207,-0.0460533333094641,-0.044522767516726,-0.0101463377821909,-0.0711349822001304,-0.0822511848562066,-0.113737732417462,-0.133972572977481,-0.148187906643344,-0.141927089922359,-0.14738426860949,-0.13483750221685,-0.141693270027231,-0.148952994534074,-0.134645286668474,-0.144782842272433,-0.165480973221029,-0.153688347095014,-0.146148775059965,-0.119811446807017,-0.104412552028976,-0.09962104323644,-0.0926768611585255,-0.0696039250958838,-0.092754122797297,-0.0894457630245285,-0.0939724921566238,-0.081606146210804,-0.070839885859442,-0.067186724391657,-0.0804563051429181,-0.107717910506208,-0.119650487835136,-0.113437238554845,-0.139285458420958,-0.139712839990076,-0.154001680000872,-0.175211062641436,-0.164397125749906,-0.146385794948164
"15",-0.0858278806562788,-0.159159176838151,-0.206576722546508,-0.256695162322699,-0.249887715694245,-0.231753116635389,-0.291473950329572,-0.297130822784973,-0.276894469595111,-0.212667918396493,-0.135519886750791,-0.0281866915304997,0.386623931284754,0.57764949590284,1,0.771626734259729,0.776113303938913,0.695909194341573,0.551660688877026,0.344749871034971,0.261261956131758,0.0923669842912228,-0.0305337105630293,-0.126022887762283,-0.193219821208244,-0.196750062306878,-0.170318839117184,-0.256972503166035,-0.241657327221773,-0.267029324513814,-0.274091110361829,-0.249069137787971,-0.224037131867384,-0.160124699670754,-0.17487427834715,-0.191264557333077,-0.227543307965606,-0.221507677597113,-0.197929032633305,-0.197112644150745,-0.152263183349771,-0.19301114460782,-0.187803633244576,-0.211921189840028,-0.222893793443192,-0.197827202423577,-0.184492575136317,-0.198943018438613,-0.187784143757722,-0.154158541057789,-0.137983946469371,-0.141794721759848,-0.127648548691476,-0.0888729556512229,-0.0607177415949131,-0.0297604330085696,0.00287423275440481,0.0616147114859018,0.0555818484586183,0.0272912035914525,0.0674869603838405,0.122301811348125,0.063419540340278,0.0341535155424297,0.120942457385461,0.133920729872292,0.0526989052819358,0.0462849763028765,0.134289091248765,0.105009099326498,0.040333072173168,0.0763889901403625,0.119364388494518,0.15567534153135,0.179602083846809,0.172838831117305,0.190893398686843,0.230229136919019,0.198031138795019,0.204179202159226,0.201277338575832,0.189137213098081,0.20815259307002,0.237383044364117,0.178706306525379,0.158459722671316,0.134373927650648,0.0954091733140338,0.068524409058226,0.00199685915683757,-0.0682855151629502,-0.0899938472276219,-0.144479581805594,-0.175218283403093,-0.200075421726255,-0.24034158485973,-0.203206551632565,-0.214678968102852,-0.218135052680947,-0.174327035970405,-0.164216341563235,-0.172756544840762,-0.133359388509851,-0.10412615954664,-0.0763832671066852,-0.0566189880566138,-0.0784980157036423,-0.075464741692711,-0.0658758028775788,-0.0797956355176803,-0.0429841540126414,-0.0255331812909241,-0.0496111122279302,-0.042215182814361,-0.0846614182837692,-0.114007613526908,-0.155915098989634,-0.179171068266902,-0.158888933720139,-0.133103790256505,-0.119293081883028,-0.0985290968396128,-0.0740226586197091,-0.0453550337593909,-0.0356453732684451,-0.0624431917809413,-0.0527118651561321,-0.0261535101825201,-0.0300732286602353,-0.0108067386618197,-0.0411838904526797,-0.0499696448784082,-0.0880335561419759,-0.0943421842740181,-0.123078365400041,-0.120594214793738,-0.117654673203957,-0.0888948848737007,-0.0749561124942252,-0.0797254257677284,-0.0557245247778061,-0.0162424084714606,-0.00284435187117811,-0.0068045488145771,0.0333135296273885,0.0694832663533833,0.0667040345680088,0.0923874495993757,0.0202342905249113,-0.0194943862912685,-0.0806271722870813,-0.124378856640484,-0.188022019120956,-0.227596749717013,-0.235075627124794,-0.247723636162564,-0.249465248174343,-0.257896789984334,-0.228036205376198,-0.235399380521671,-0.260903430089223,-0.258138124214049,-0.225525514923536,-0.218244531092762,-0.244604796519541,-0.21401502128941,-0.180767413157189,-0.197883067713865,-0.177982725284757,-0.210314927113205,-0.206776826524019,-0.220510998356469,-0.257516179099789,-0.260629821213989,-0.283172472132719,-0.291155825851753,-0.29374955734132,-0.282571909120799,-0.244910059212093,-0.184394251018745,-0.177765126339736,-0.166340248741468,-0.133784683802389,-0.194016555309445,-0.181733975746996,-0.209412751613811,-0.242032149223182,-0.244104708218831,-0.212034805671151,-0.217772691846978,-0.194076883740183,-0.193180778899438,-0.212278534722682,-0.180868318686785,-0.188080139173111,-0.229981190156088,-0.225712137553153,-0.227770279002637,-0.189556548102101,-0.177845511193972,-0.178557912456418,-0.174391903485064,-0.135910430518726,-0.188050514574948,-0.186406240211868,-0.210460743735344,-0.186904990352692,-0.165066327971064,-0.169484130438003,-0.191149974879601,-0.23592516199843,-0.243796000693188,-0.218666523242129,-0.255412740348169,-0.241326481829442,-0.248847631706283,-0.262830121279174,-0.233551629939954,-0.192765825897039
"16",-0.0791109237632843,-0.149054626113548,-0.188827556175052,-0.237597501179776,-0.225853796884802,-0.214559550102752,-0.273097938297387,-0.296398026229602,-0.287060499418511,-0.242661812825301,-0.185729657767703,-0.102349781535582,0.241423875989358,0.496418315760518,0.771626734259729,1,0.847632518378171,0.764064827128643,0.399398932943624,0.241295199388627,0.218054760893375,0.0803188178636595,-0.0273349908024463,-0.130639574196902,-0.185808428726433,-0.20780669776205,-0.191310111027429,-0.27059756321444,-0.262582080351378,-0.290392494332354,-0.283940765411818,-0.254780304823239,-0.235687305530105,-0.164043512070802,-0.17288780053686,-0.181729529907795,-0.216808836475858,-0.222403536475548,-0.18830378745007,-0.178355206577761,-0.131439550595573,-0.162369192375277,-0.148130648561272,-0.16605058906978,-0.18197437982062,-0.155333919157673,-0.134709860478311,-0.150651138911124,-0.146084051434642,-0.106729510027841,-0.0897640711068384,-0.102110880708619,-0.0903809672637667,-0.0454192161034645,-0.0268210442621514,-0.00230887334414769,0.0215771715218182,0.0747271190920523,0.0642785445506471,0.0347515004031768,0.0708337029727409,0.113546800197668,0.0560783119018357,0.0288330994398985,0.103742806321333,0.108781956255651,0.0347929050868239,0.0283042941316522,0.102256751460093,0.0738914128234939,0.0175902762022458,0.0484892269679084,0.0845746731847205,0.120416632832254,0.145006190053148,0.144545912782947,0.159632215738376,0.195948942821401,0.16793519525667,0.17630315862258,0.175453733484883,0.168325648443683,0.185142223523324,0.209260379022467,0.162342077522531,0.1507040241628,0.133106732998495,0.104589979188255,0.0884349217357986,0.0331694715222337,-0.0342913718578488,-0.0635508526634521,-0.115772163154495,-0.156180151433505,-0.181824570801725,-0.227662976877487,-0.187452337751589,-0.199518057381825,-0.195810630419639,-0.147096024880579,-0.139799721242718,-0.147432780718016,-0.103484270966475,-0.0724105275771094,-0.045118148098814,-0.024690834553352,-0.0417228043649582,-0.0411269273180554,-0.0331975430119449,-0.0418194376085849,-0.00873710308508487,0.011125992184143,-0.0124477803159001,-0.0123890773703195,-0.0552895429636183,-0.0942367018220139,-0.138732439320443,-0.1732654189413,-0.154424942610514,-0.133154975042062,-0.114470784039341,-0.0900193061147838,-0.0660416070697615,-0.0341857930711351,-0.0240730805022007,-0.0471385631518972,-0.0339638216351453,-0.00718363280546654,-0.00569741052588051,0.011190267457524,-0.0195150992720528,-0.0354779165328402,-0.0784910691433432,-0.0952885725153449,-0.128545780399579,-0.130399123648404,-0.128076784864526,-0.103839976663516,-0.0867352575646507,-0.0855061918888877,-0.0669890152786122,-0.0306140463941299,-0.0105633223163224,-0.0123497886197234,0.0200556032856268,0.0577567791328514,0.0627866928372508,0.0903196484755502,0.0331174346224671,0.000734253873807,-0.0613888561882021,-0.106353340359264,-0.162633048942575,-0.209161943099978,-0.210723741375932,-0.234468043339973,-0.24402086641647,-0.264161160639837,-0.237873837121552,-0.237716723274963,-0.263022271149203,-0.268203865431952,-0.237489352141236,-0.224143150477537,-0.25122936147341,-0.226471785658134,-0.192378893431827,-0.205745960652403,-0.180641558573066,-0.206040934554376,-0.196364116815542,-0.204342246613585,-0.238809705558586,-0.233797048034664,-0.260787548212401,-0.265409627931541,-0.277637046793868,-0.270284059664262,-0.240406618718293,-0.19543721099711,-0.20634231988255,-0.192114606933928,-0.171128674410729,-0.22266881711431,-0.209198682807385,-0.230483970299797,-0.263842135011617,-0.257557570826683,-0.222257549325403,-0.227606736226998,-0.19655463729393,-0.198898369342942,-0.213266863947666,-0.184072795443092,-0.190647497335986,-0.22569921654136,-0.21545157494915,-0.211285059014912,-0.17018182451942,-0.15539460745841,-0.155479242939742,-0.147139901740427,-0.112489558925627,-0.160000936282397,-0.155405239984962,-0.177103113292495,-0.1545513926355,-0.139020173904126,-0.148171037556088,-0.173352967663316,-0.212108530805516,-0.218838950519269,-0.19265235590952,-0.223952788854258,-0.215829765181467,-0.223562704848252,-0.244423618654234,-0.218077217522259,-0.186860811279976
"17",-0.0687377881413203,-0.133735433174299,-0.187457230560048,-0.241945002082638,-0.247268518388347,-0.237511223482959,-0.31346416413123,-0.338634986955364,-0.335163394762138,-0.287790044418436,-0.227752026730857,-0.152160722022996,0.197429538790321,0.381311848829341,0.776113303938913,0.847632518378171,1,0.878082089507328,0.664989861848889,0.394270105967862,0.202830075215374,0.044567029619737,-0.0639401685211542,-0.146919069000807,-0.214094803791432,-0.229668854878281,-0.218946544414678,-0.312161785269402,-0.294350340531625,-0.332126222072691,-0.316112662864473,-0.287805318266701,-0.269434995075401,-0.183935082290224,-0.190487314811374,-0.210970822702387,-0.255351394779349,-0.264656176750506,-0.230671193536842,-0.22199225391352,-0.17122147300719,-0.214437899763855,-0.200867919108188,-0.221483973756974,-0.23327880753807,-0.203676374876766,-0.185986064105871,-0.199441887148136,-0.185717612938749,-0.149543847827726,-0.134938444158087,-0.136742478315197,-0.118051762417582,-0.0802771605902127,-0.0578908766615968,-0.025562704634194,-3.67365448018941e-05,0.0549305207529001,0.0476257643285481,0.0237200662597364,0.0651055736365074,0.114801325830544,0.0615919165252201,0.0402726354160877,0.12314429004922,0.133115770711144,0.0612721466538992,0.0609730315115102,0.14194728422321,0.11212669502054,0.0547093434422426,0.0898054237423307,0.126225534959737,0.157684424771665,0.174192400661002,0.163342940992587,0.172565028505542,0.204347978182861,0.178616454051477,0.182558272537916,0.175953322420845,0.166133454817813,0.183622492294674,0.217574149705449,0.171246602748712,0.156905514363818,0.128413954565491,0.0929495577404538,0.0730398466875047,0.0157681564957581,-0.0474492011133094,-0.0635877811470423,-0.119573575987989,-0.144935750146069,-0.1750189691022,-0.210871106373895,-0.173485720404609,-0.197651167959203,-0.205783626998604,-0.154858485410634,-0.149857448772561,-0.169285910718819,-0.128721179509729,-0.0994629383002606,-0.0676154361543927,-0.0515114013779655,-0.0738783204358619,-0.064041113426671,-0.0496377592463191,-0.0672430636764772,-0.0336566854531607,-0.014783642076705,-0.0323936509980759,-0.0163555283653379,-0.0554009666108549,-0.0763540422192829,-0.116020104082185,-0.136080432527588,-0.118226707927748,-0.0932717494991282,-0.0849471300116999,-0.0638170592618431,-0.0348493048289143,-0.00775124874160358,-0.00242508059923194,-0.0298905743249818,-0.0239160955672614,-0.00364789143267275,-0.00643149744952477,0.012724000106246,-0.0108913689669505,-0.0105055164986219,-0.0430433847880751,-0.0500167264895227,-0.0775730560768067,-0.0804046459034121,-0.0829033069777242,-0.0511833951083863,-0.0301796776645793,-0.0415063209929985,-0.0216568114843563,0.0207086416738254,0.0324284282310937,0.0225206782090119,0.0589857853571844,0.0930598838287745,0.0869475497745888,0.105864648890184,0.0389217906244506,-0.00464103239801746,-0.0628023286239483,-0.100107081511681,-0.166914778424316,-0.205726067220108,-0.222037792200092,-0.238365581920882,-0.245850593564504,-0.261039858287842,-0.220313710752378,-0.218610324210698,-0.250361668001228,-0.246312290208327,-0.205168170094981,-0.195778610927574,-0.226222927114852,-0.194417031937364,-0.15643458538625,-0.174909384465966,-0.152967831434751,-0.189310436653036,-0.186247010066507,-0.207762687063956,-0.250429501849826,-0.261667826264107,-0.292757494921679,-0.310361349564114,-0.32472316656277,-0.320283962965322,-0.282921763183213,-0.230074477492599,-0.2511221011788,-0.236596561030466,-0.216044172024654,-0.258345446027366,-0.231477905525781,-0.247970041794845,-0.281998577284585,-0.270148525892346,-0.224496822621409,-0.229323482922796,-0.197932398640956,-0.192397552631495,-0.212633114905305,-0.176078491832461,-0.179113298088497,-0.223390905439137,-0.222435610975423,-0.228407780795403,-0.187766018142692,-0.179870988781756,-0.184899067164618,-0.181089421834473,-0.141900037004635,-0.201952700278229,-0.200703627201415,-0.233112029746347,-0.207798603548451,-0.186461964616216,-0.197911811543985,-0.222527272898644,-0.266761603698622,-0.269426665366207,-0.234721972030936,-0.268079457228696,-0.249622420825271,-0.249464570069422,-0.258788689724393,-0.222937466332828,-0.179425974331857
"18",-0.0885835684290178,-0.159563264702422,-0.218609731698541,-0.275714208212357,-0.2782141975256,-0.264254637098712,-0.34510031733304,-0.371710039583423,-0.366088547734275,-0.311344689291662,-0.258183080702928,-0.184018806199985,0.167502430199271,0.330399410604134,0.695909194341573,0.764064827128643,0.878082089507328,1,0.765097105827098,0.647318708376301,0.451654303346315,0.249273905576063,0.0701995835434719,-0.119789111844918,-0.206003296011874,-0.237623080321518,-0.216523441963748,-0.333644507462668,-0.322190262976973,-0.368853995699498,-0.351445121025446,-0.320066196936896,-0.301277368601741,-0.202902471672792,-0.208414920606662,-0.232320941477164,-0.28364116502396,-0.295019932274014,-0.256583227554825,-0.246506477333633,-0.192599514174483,-0.239647445794429,-0.225586560337475,-0.246684628780824,-0.260142646343202,-0.228532743435701,-0.209932970923317,-0.225182073397782,-0.20975392406644,-0.17028469795779,-0.157465605353172,-0.16045572073386,-0.137960391631778,-0.0973442044253111,-0.0761476357544703,-0.0429175371364785,-0.0199656607853311,0.0405987909919916,0.0302052401858971,-8.8765387279174e-05,0.0448592562048946,0.0991341531353766,0.0382936456125872,0.0163021908184144,0.10965812456652,0.119439545499955,0.04052230380414,0.0457046425234537,0.137153306760668,0.101999667926384,0.0430684579233255,0.0874772807256887,0.125892666315859,0.164189933536649,0.180570438899987,0.1731082835105,0.184526765027776,0.221342423565905,0.19978113542108,0.205405485355276,0.194923297658882,0.183055825353824,0.1958580983353,0.234252309246121,0.179346947929708,0.168495540797853,0.139079493850703,0.0990334417066518,0.0696084086818233,0.00865044889750976,-0.0633034750080627,-0.0760180404158026,-0.134134496253132,-0.159815942013291,-0.189796015918383,-0.224649406950989,-0.179891722217422,-0.207842347524325,-0.220331673128695,-0.163015548915207,-0.155958721854182,-0.179619148894918,-0.136868681727592,-0.10276536169112,-0.0659394522437204,-0.0509280300224035,-0.0772623745705744,-0.0647199265329879,-0.0492524251531532,-0.0700286312027189,-0.0353609610929286,-0.0175591499477483,-0.0367106367019417,-0.0174489839343476,-0.0558267682545214,-0.0789617477493903,-0.118711866142854,-0.140324757409902,-0.117786095682181,-0.0897916263086599,-0.0796150548371608,-0.0553853402233095,-0.0230756898994626,0.0061063363820623,0.0122791712729453,-0.0171920041883454,-0.0123722537859173,0.00770621568512941,0.00439479579158914,0.0226226996774014,-0.0027258013676991,-0.00213815009957217,-0.0356769172370164,-0.0461642376766209,-0.0754421044928744,-0.0820185187814178,-0.0894317795054269,-0.055904331122023,-0.0300664748538849,-0.0455838800474742,-0.0285773536769097,0.0210568497372216,0.0362803054904475,0.0192757379508537,0.058363393378606,0.101021884936524,0.0937475685696609,0.108767812242206,0.0307379886773081,-0.0243912530596512,-0.0853397040964049,-0.122282864723496,-0.193352467540805,-0.232230782848015,-0.2472718809682,-0.262569242434176,-0.269341908587129,-0.286497890786651,-0.2409961669879,-0.240979026649804,-0.278062032772515,-0.27168876072942,-0.227242211535824,-0.220398506630868,-0.254455213859443,-0.217542607469939,-0.176958871971555,-0.200185420518137,-0.176755315664666,-0.218727560356909,-0.216977739666649,-0.238511961037615,-0.283196020842439,-0.294193107486262,-0.3246291067833,-0.340657815897869,-0.351470977343033,-0.346695415588795,-0.301198624906039,-0.24848390108904,-0.27621310349551,-0.267094849436764,-0.250695588611164,-0.291128203693963,-0.260498914335673,-0.276292896419146,-0.311985741462782,-0.297185197025236,-0.245305638784188,-0.242526673504165,-0.210453278206939,-0.207640873632326,-0.232680489580877,-0.193974654083098,-0.197839198050208,-0.248728266258718,-0.248387751262558,-0.254495806684717,-0.210451517761913,-0.201632688902468,-0.204536178744183,-0.200196391568699,-0.156020725579474,-0.219947417418068,-0.218918512449268,-0.253560164302725,-0.227022100051385,-0.203773534499237,-0.214417135830898,-0.240602926496785,-0.288380149785443,-0.292378898360755,-0.255781683163128,-0.296157161604235,-0.276367165450333,-0.280329148529145,-0.290377912273547,-0.252843779994723,-0.203255709720916
"19",-0.0744769231322175,-0.129775590969133,-0.191607784613667,-0.240896756503791,-0.256412167093076,-0.240501187245316,-0.317226640598937,-0.329915333845813,-0.322699462262611,-0.26564966983256,-0.217973463571163,-0.154610046234948,0.147241250453014,0.192218544791091,0.551660688877026,0.399398932943624,0.664989861848889,0.765097105827098,1,0.82202491329804,0.487460674125282,0.255881995692635,0.0835225639969164,-0.0889258248563178,-0.177984716672409,-0.196896746003469,-0.175879485746388,-0.289586114215126,-0.272932070806674,-0.31763773342241,-0.30330429786328,-0.278990303211514,-0.261443614462189,-0.17482629846834,-0.180027947418063,-0.211988807610466,-0.260871571821816,-0.26713387227526,-0.241209828475367,-0.238479879475916,-0.19526494865621,-0.247624880647825,-0.241678773706298,-0.263776379535844,-0.269766483378393,-0.243335365492233,-0.235040302659185,-0.245616077194122,-0.223077935923954,-0.197231634336841,-0.190939452510639,-0.181647929399121,-0.156530394068379,-0.133464680435286,-0.109918221839404,-0.0752471298624415,-0.0532433398092727,-0.000931222552243381,-0.00518060440114729,-0.0262424179683109,0.0148475876864568,0.069776506252855,0.0232628752260963,0.00968241806438684,0.0968569593015595,0.112601942784745,0.0480700705330356,0.0592969343818675,0.145791721794832,0.115725638565131,0.0658229807197064,0.109637221579545,0.143435061020637,0.172250170034179,0.177934503883813,0.162971318156858,0.16988571539692,0.197907409756312,0.183586059558734,0.1839313217423,0.168601276445522,0.153780683701192,0.162455650008543,0.203439516555563,0.151995260919088,0.138701022103378,0.104806335538797,0.0616111739040284,0.0254279926133249,-0.0298576413400257,-0.0868984487222312,-0.0807570285245514,-0.129415009520613,-0.132397961994813,-0.157385498002951,-0.172690491292268,-0.138377327610888,-0.169693640177447,-0.194206458049951,-0.148638865477493,-0.141907708276322,-0.171153154749967,-0.14284122444422,-0.117090124998079,-0.0832787208198268,-0.0761917645274115,-0.104938745776488,-0.0860365950594907,-0.0682369460754227,-0.0954798026062608,-0.0660558804925077,-0.0556699755774424,-0.0672788403813344,-0.0354261398404205,-0.060789972987327,-0.0606630523590967,-0.085363181033043,-0.0853754266834844,-0.0653568667451034,-0.0371070392410255,-0.0386917283102124,-0.0235835170642283,0.0062960954332286,0.0239031726384213,0.0254751100750569,-0.00303416070572644,-0.0073186106452671,0.0029090705624104,-0.00632546789616501,0.00976624320322069,-0.00507791003079828,0.0112087227870706,-0.00396178150960434,-0.000492759380472559,-0.0164241008657028,-0.0216216683478983,-0.0330344804651556,0.00111829088643706,0.0238786275420119,-0.00259152750515589,0.0129383353623295,0.0600606142505272,0.0631848967416777,0.0396193272248705,0.0778442824744135,0.110568090768717,0.0916698830619847,0.0931966821652066,0.0134158552890942,-0.0462252982636803,-0.0894919896604117,-0.111119945104033,-0.178607809119949,-0.198393655309751,-0.222834238155406,-0.222319268966177,-0.221281250217918,-0.225624681167874,-0.176151418881547,-0.180107183681172,-0.215815477467565,-0.198622526482405,-0.154729293323947,-0.15711371921377,-0.1865805759858,-0.147521477384862,-0.113234111094403,-0.138985642206499,-0.125801624828126,-0.172133157632946,-0.17972847586873,-0.208843121766531,-0.251014897439344,-0.27546407739645,-0.298352050416886,-0.320421697758314,-0.322859007274493,-0.317813318726565,-0.269591154283207,-0.215034699457847,-0.238089534317332,-0.23444396570772,-0.219096747571078,-0.247596950706514,-0.213586464245589,-0.2257736253629,-0.254607252115472,-0.242850096012472,-0.194239301207612,-0.188358293931582,-0.1671978253912,-0.15866754867643,-0.18677016606519,-0.149658280308439,-0.150895907445194,-0.203404201882314,-0.213179901323005,-0.228588702958597,-0.195114282674307,-0.194394985947476,-0.199292978729092,-0.200842461453516,-0.159281921117074,-0.221051692356139,-0.223870394462906,-0.259943478736836,-0.236765644606339,-0.210439081285122,-0.217251975893809,-0.235652754144145,-0.280887324516623,-0.282546094391079,-0.248901094755207,-0.288003894325154,-0.262094237048904,-0.261615197505356,-0.257790219123557,-0.220037551046401,-0.16527990344705
"20",-0.0865150808102221,-0.137604201092718,-0.192559931497577,-0.233323190829171,-0.240513048133734,-0.221450265694605,-0.286053091580183,-0.296152791489535,-0.286742197153237,-0.231354541373845,-0.200599044020667,-0.155000716972118,0.0914139464846176,0.0791979573146446,0.344749871034971,0.241295199388627,0.394270105967862,0.647318708376301,0.82202491329804,1,0.739894482197428,0.502161474003275,0.251483348927661,-0.0356034929088178,-0.13263508464099,-0.159404827988102,-0.126475156284535,-0.248036333220808,-0.24257792083141,-0.28827768468622,-0.276483606155709,-0.25482994762107,-0.240110769081477,-0.156855204200207,-0.15972431477488,-0.189520661409576,-0.237388759256241,-0.244342007287047,-0.219767832223653,-0.215734748970834,-0.178699397612497,-0.224496612730589,-0.220148954141233,-0.238739468875862,-0.245085649961187,-0.221544935252152,-0.214812047171008,-0.22586392751366,-0.205407228964953,-0.180745860520885,-0.179023021154361,-0.173781579200508,-0.148563320208992,-0.12658094110344,-0.11040643204808,-0.0825069826821145,-0.0688301556725227,-0.0202498550374908,-0.0280433657117365,-0.0536361506425074,-0.0167122243808109,0.0322750930431417,-0.0149530852759643,-0.0267172288226606,0.0557734084145381,0.0675177931500762,0.00705827829781658,0.0233057118110984,0.105279216848283,0.0742746044265542,0.0332084354110363,0.0803742786181847,0.109540346895488,0.141942369209794,0.146593474649667,0.140165138451016,0.149222645945708,0.178576301306619,0.172786858401162,0.175692610242866,0.158812876983494,0.144470003224843,0.144798346546429,0.182244536934731,0.129751634054017,0.124314813802029,0.0970911912250891,0.0571575657342721,0.015543184963121,-0.032569551456316,-0.0892239258507921,-0.0793690249371005,-0.119377388735301,-0.121851555425744,-0.140151952834937,-0.14976993952526,-0.113047186883736,-0.1420150209939,-0.167107540460596,-0.123498963662085,-0.115108438655536,-0.143332514269643,-0.119133501371729,-0.0926413163805728,-0.0597243656505139,-0.0560764713440957,-0.0834923197983418,-0.0651187006391147,-0.0504415095243961,-0.075967468217918,-0.0522133441384212,-0.0459395762890564,-0.0570225309900361,-0.027945929882072,-0.0461549432287787,-0.0492256743158816,-0.0679336634303404,-0.0704419390124429,-0.0485998907979848,-0.0231175181049957,-0.0215416200120218,-0.00538668648298237,0.0221479411315051,0.0386489812926527,0.0410689815084492,0.0165166286346934,0.0116448894461246,0.0191695554490299,0.0115734157561918,0.0225163439132952,0.00869554822532757,0.0213762681486359,0.00845774948914423,0.00566839686179584,-0.00915399087316284,-0.0189504993093734,-0.0349159164200138,-0.00640256498088584,0.0181833269308648,-0.00813507829128162,-0.000619524549480274,0.0460516324787074,0.0538236338833102,0.0254024290685773,0.0584542282546449,0.0962494868781182,0.0803129976481444,0.0761781841392286,-0.00126559310471494,-0.0638080118647187,-0.101333651065918,-0.117219480855124,-0.174838833950131,-0.189497490412933,-0.205635841018043,-0.202881460935291,-0.199991151271291,-0.205620372988427,-0.161282259232565,-0.16753834649365,-0.203109318037898,-0.186780943952912,-0.148660265480515,-0.155015009426883,-0.183387569851049,-0.145999995370929,-0.116310720648586,-0.143584387734676,-0.131274736575561,-0.175163016787735,-0.183938353398855,-0.206182124331191,-0.240665213011409,-0.258882660903397,-0.274748752963815,-0.288904679124429,-0.285430239805857,-0.280536450309294,-0.232617341837159,-0.189466350308838,-0.213899119840155,-0.218591178764604,-0.210862266305501,-0.229836039083708,-0.198766713170699,-0.207533618436914,-0.231893899378614,-0.220329686496859,-0.176135035811622,-0.162241611818285,-0.146689796154888,-0.14443557248832,-0.17337698103622,-0.142047729679801,-0.144301527261206,-0.194226963292171,-0.203009130045015,-0.21522924987086,-0.185179332384258,-0.182962042298707,-0.183389383879908,-0.183735296711048,-0.14417434173167,-0.197135065012079,-0.199271165196991,-0.229540525255079,-0.209261079096907,-0.185619209315554,-0.189692456415466,-0.206195925602299,-0.246961082928576,-0.250288880868141,-0.222422071533129,-0.262613084300631,-0.241282613379229,-0.247234263955258,-0.245320672628117,-0.214454235888029,-0.163189716273145
"21",-0.0968570763633527,-0.149495137688404,-0.18956000830735,-0.22141237948397,-0.211928252957156,-0.189442780155679,-0.23004410928685,-0.230398859509621,-0.212970593299358,-0.156862913031992,-0.130786216679586,-0.0868081875383157,0.138803917404602,0.147406765861148,0.261261956131758,0.218054760893375,0.202830075215374,0.451654303346315,0.487460674125282,0.739894482197428,1,0.684976964823153,0.363021866541353,0.00943832611406325,-0.0816298254883758,-0.110779284310543,-0.0623267139071997,-0.175638931825486,-0.182486420324849,-0.218874379967004,-0.222343054138799,-0.205463883955873,-0.191731716654708,-0.128181623522129,-0.133802198505896,-0.153249273902162,-0.190228721869074,-0.19057672348154,-0.170888345254231,-0.169359985464645,-0.13972335930745,-0.172758731995913,-0.17142880006459,-0.18595848368632,-0.194026257757172,-0.176811523380288,-0.170040649829793,-0.18124339736826,-0.169009707982665,-0.145430372711675,-0.142709286188474,-0.145064214948983,-0.126989020061101,-0.102195531691724,-0.0889346242234503,-0.0692818980773625,-0.057766287118833,-0.0120184444658407,-0.022137792038936,-0.0529728942199575,-0.022161840681747,0.0206610899844953,-0.0294777319282973,-0.0462048752005369,0.0284591775105187,0.0364663597000328,-0.0248150993850643,-0.0130041127595655,0.0627580083048513,0.0334636465970639,-0.00492911528933088,0.0395831643433083,0.0680691016771153,0.104662274302073,0.115864502698032,0.119793390186371,0.135511883368595,0.16945199285745,0.163515631234356,0.170514911464561,0.158118586165463,0.145210769612049,0.142632709386197,0.170445198227727,0.114982174893779,0.112129203176739,0.0957679596056167,0.0611576860885119,0.0192397351561404,-0.0265984085670876,-0.0853814527546589,-0.0842325613583422,-0.117453872944335,-0.129890312003569,-0.141447394188771,-0.156398542496006,-0.119703604835878,-0.135986349036702,-0.151718432215361,-0.114402797509634,-0.103445848695504,-0.119808463257532,-0.0961688964172445,-0.0695183752519015,-0.0423452398261889,-0.0359371005283801,-0.0587415684015349,-0.0489317504831474,-0.0405879376783516,-0.0576119022160517,-0.0355511269421617,-0.0304247599289432,-0.0462765236118405,-0.0313502707840606,-0.0500944081754362,-0.0669277020924852,-0.0866614588791382,-0.098807651543768,-0.0763039484109491,-0.0545224115947282,-0.0445286834285179,-0.0270216477444482,-0.00569139938125329,0.0130230264411905,0.0196833509310752,-0.000124631736270352,0.000378949235874299,0.0126551300292458,0.00781147915315712,0.0157384566947733,-0.00342425097022649,-0.00447377566407043,-0.0241079575844791,-0.0335503481610842,-0.0509045385454355,-0.0587254181762739,-0.0705758595545087,-0.0500646848255554,-0.0308493727435753,-0.0466936449349637,-0.0411846722527557,-0.00109674097680053,0.0128874447613319,-0.0092419917003004,0.0196753939419507,0.0602204775758107,0.0533257772834791,0.0547292881465011,-0.0149914331524299,-0.0680270815986226,-0.105293244138529,-0.124964965315396,-0.169862683653706,-0.187008851741911,-0.189302065991268,-0.18905534874445,-0.18526019850417,-0.190369191907254,-0.161703897884012,-0.17213678535663,-0.19935149045514,-0.189119512934617,-0.16359686824368,-0.169159662698757,-0.191834311384135,-0.161249570005402,-0.138260847097345,-0.160897558354609,-0.148776522529609,-0.182246165804176,-0.186260069306431,-0.195230774251001,-0.219199969800833,-0.222913688696672,-0.229977982816583,-0.230603939929802,-0.219384408944952,-0.212932726810993,-0.171470810660303,-0.138290343206174,-0.149190515362858,-0.1590827953135,-0.152345482326495,-0.175379388149572,-0.15885978555972,-0.170294719511318,-0.189325628910408,-0.184747502987935,-0.154056864797844,-0.137213936257929,-0.126829492059789,-0.13277112763171,-0.156617856323935,-0.134829240384648,-0.140767274198732,-0.181154289753787,-0.182941434540519,-0.186484719095433,-0.160306843040567,-0.153349489102632,-0.14817932599179,-0.146439155837124,-0.112734687793958,-0.150230367326235,-0.151142703158101,-0.17026867707484,-0.155072809842313,-0.137324183805702,-0.136087439140416,-0.149702687905322,-0.182944993297586,-0.189805496303568,-0.172203636286528,-0.210529771309052,-0.19796234865101,-0.212859148338476,-0.218834694091529,-0.199169866050525,-0.159450040630749
"22",-0.0924334448019162,-0.133002402527934,-0.156814326048138,-0.174830377405178,-0.155647714619756,-0.133698647430177,-0.148739806240309,-0.139307876068512,-0.123284431197827,-0.073645404608024,-0.0682825371284868,-0.0525728403627338,0.0782485241032326,0.0383192717142024,0.0923669842912228,0.0803188178636595,0.044567029619737,0.249273905576063,0.255881995692635,0.502161474003275,0.684976964823153,1,0.582462014062661,0.135647007985597,0.0177723180104759,-0.0293336033932928,0.02774011720911,-0.0760632066496447,-0.0985282309727926,-0.132643220268639,-0.146288256310152,-0.142143857337778,-0.136208402115041,-0.09072021885732,-0.0947587795585865,-0.107640315643333,-0.135185419725554,-0.133457576155351,-0.120895703756092,-0.122145416999905,-0.102893607416862,-0.121868269222413,-0.124517607197392,-0.130096500781203,-0.135491368035954,-0.127321670057192,-0.12278317418012,-0.129486900572508,-0.122772699580894,-0.105659370905753,-0.10563529917418,-0.110840052643922,-0.0980254721229824,-0.0782113839495084,-0.0723544678645896,-0.0628193815591034,-0.0605016420067167,-0.0243146447102254,-0.0366114285596594,-0.0686923918395642,-0.0466956519238377,-0.0156737265452688,-0.0610924681073692,-0.0756323324653374,-0.016044240769815,-0.0134493488924325,-0.0642528687862711,-0.0508905822383145,0.0102985815995591,-0.0159314649887846,-0.041707488395403,-0.000472741778528598,0.0205263306118201,0.0568875920436018,0.0676340249781574,0.0808291965933051,0.0985617125226534,0.131191325169719,0.133388568338354,0.142972712490583,0.131835870706539,0.121075796298035,0.110554148363395,0.129392186577371,0.0782264308439856,0.0829887520860332,0.0770380358191155,0.0503409712051412,0.00872910669029922,-0.0250637861450667,-0.0753887513259422,-0.0733135639848909,-0.093383503785736,-0.105423658482576,-0.109114290683911,-0.118881437896899,-0.0878227359648958,-0.0964631494489103,-0.108134290159723,-0.0812382434829638,-0.0708387262371822,-0.0802346082819167,-0.0638358740965477,-0.0404684027542008,-0.0198584883398765,-0.0157134974263773,-0.0334140189736678,-0.0279522920222858,-0.0241325859366886,-0.0338310071562093,-0.0192758754095954,-0.0180316164822208,-0.0319270545430391,-0.0249681838137791,-0.0358735590403186,-0.055641766525145,-0.0683788315281983,-0.0816943252841131,-0.0616285162328969,-0.0459538946815925,-0.0333428575230587,-0.0176689907523367,-0.00321394767491127,0.0121822985978736,0.0194881484131778,0.00637848632718053,0.00758803830512924,0.0173804641671459,0.0146618236145144,0.0172361123103824,0.000449964701794349,-0.00601023476962939,-0.0227885108767045,-0.0356870524277861,-0.0496115586891805,-0.0574697681519822,-0.0692821518347831,-0.0579337069828701,-0.0427914408049968,-0.0535466159613228,-0.0550643814002878,-0.0232003061472822,-0.0066988274234382,-0.0277923532267672,-0.00801283658236912,0.0314349409884955,0.0300017845226685,0.0281497998449793,-0.0285705762632304,-0.0737426603487597,-0.100441578608063,-0.112515339928365,-0.139229194527067,-0.149808006341558,-0.143568735665626,-0.141321362276784,-0.13599550011339,-0.136984790784763,-0.121541168853252,-0.133964432989869,-0.152283168791872,-0.143922455394854,-0.13146946424947,-0.139497170086473,-0.154047738710765,-0.131647629812688,-0.11861352796337,-0.136667881542618,-0.128933231223336,-0.152277464177432,-0.153935832528753,-0.152553347824429,-0.16370741405697,-0.158407291571115,-0.154832392968593,-0.147127175813857,-0.129039303307628,-0.130386826293666,-0.0984347576746056,-0.0859154200299288,-0.089047013539961,-0.108298089033411,-0.109422118323124,-0.119419331894315,-0.111855690916628,-0.11565103430038,-0.121771080198431,-0.118034379888896,-0.0992321907029057,-0.0713101817373174,-0.0704162626260221,-0.0838897182733625,-0.102158074002628,-0.0934228877844091,-0.101146713443694,-0.12885270101651,-0.12799819784833,-0.126192002542065,-0.109915343919033,-0.103653324613712,-0.0954362371308476,-0.0952862957666379,-0.0735003013755321,-0.0950340723294171,-0.097940223260571,-0.109621414902538,-0.102827626521666,-0.0924179887170306,-0.0861445236864912,-0.0930505343996303,-0.113429700404356,-0.118436992087893,-0.108026953292909,-0.137502550138897,-0.129240625479715,-0.148999674025867,-0.155667838427057,-0.148503013182514,-0.121851347546575
"23",-0.103252842714754,-0.129851357260086,-0.140083814100863,-0.13737251365287,-0.109809597784848,-0.0772284279783016,-0.0522022085873528,-0.00370960621645553,0.0237053875815273,0.0765748827528534,0.0574365420486927,0.0242925032939155,0.0472683414532886,-0.0342660109136054,-0.0305337105630293,-0.0273349908024463,-0.0639401685211542,0.0701995835434719,0.0835225639969164,0.251483348927661,0.363021866541353,0.582462014062661,1,0.455322535243454,0.208371138873237,0.129718206024979,0.267350103513012,0.0972648983952835,0.0452859393738965,0.00809046081904388,-0.0324746783318049,-0.0554461457164269,-0.0596275146691043,-0.0439626078573052,-0.0513555623842878,-0.0623830982729171,-0.0767737204129094,-0.0596507481829667,-0.0661321230146415,-0.0849555059613197,-0.0809812901848277,-0.0881391087912795,-0.102400802514222,-0.100988168157301,-0.101117257113173,-0.108377307837905,-0.114724004765834,-0.115787227498396,-0.11119893002323,-0.11174241023216,-0.119120538232164,-0.118734026408535,-0.110698030702189,-0.108442744494565,-0.103024950468199,-0.102063580700208,-0.106751561153123,-0.0780252414220866,-0.0890272274696765,-0.123334053577281,-0.109707738635922,-0.0800763483311992,-0.120597376383507,-0.132474250584586,-0.0781731243928873,-0.0729218335947009,-0.116156666581601,-0.0955889328159649,-0.0357091943432682,-0.059599784753579,-0.073834902153455,-0.0262696490616562,-0.00876206129570331,0.0291539124412412,0.0354500400892334,0.0559956350975946,0.0800030827865239,0.11440804839089,0.130262539459265,0.140654347641789,0.12438798359341,0.108790230337706,0.0835378440069891,0.0987826345589358,0.0362785294456148,0.0445140933997973,0.045525296594799,0.0159192883395784,-0.0448769821795003,-0.0734223367303116,-0.115730026670738,-0.0990802270093763,-0.101600078548445,-0.0985261573818097,-0.0894476279948446,-0.0827013768437318,-0.0622822664122016,-0.0615381322223502,-0.0793801992595882,-0.0726704235689476,-0.0603532866011807,-0.0634253934430993,-0.0629245494376437,-0.0447124425587795,-0.0311900551562486,-0.0324277907589062,-0.0516763400981661,-0.0477837726341705,-0.0461424164019526,-0.0529883675424329,-0.043256825146856,-0.0527896629999431,-0.065111981386848,-0.0589914726529453,-0.055928149290881,-0.0660713405086748,-0.0631711994271586,-0.0610132563780514,-0.0404840627898585,-0.0256549556007964,-0.0160520370540114,-0.0080629399230826,-0.00225175445614815,0.00326587735599577,0.0109551929695428,0.00222377843088458,-0.00183256797342498,0.0027350842935068,-0.00529915073260291,-0.00859676350673738,-0.0210400945338811,-0.0245776534859992,-0.029313484281946,-0.0329049421570709,-0.0343214670770122,-0.0363640705727108,-0.0495716617084453,-0.0455834245377015,-0.0402647123019363,-0.0539024516303046,-0.0604088443371715,-0.0348516846263639,-0.0235923222611119,-0.0497750719295085,-0.0332899439053987,0.0047944879688644,-0.000567978033165095,-0.0145649506575835,-0.0753018365467181,-0.123820667878552,-0.130406230064611,-0.126874067745403,-0.135868136925989,-0.125774565045329,-0.11483400856747,-0.0948181120715133,-0.0776156905185365,-0.0533156209902565,-0.0540893928954407,-0.0812159057835333,-0.0840964564669082,-0.064843381143945,-0.0720922547501175,-0.093766598925358,-0.0918010226106993,-0.0729830972463521,-0.0780049027084394,-0.0940717356140615,-0.10201270720165,-0.119096579587915,-0.124801292800787,-0.113489092982801,-0.107202273034309,-0.0993724250170579,-0.0706839303382199,-0.0515350965215666,-0.00741043975125441,-0.0129592359867073,0.0155217717184092,0.0130819182906445,0.0247063649330297,-0.0182995106064217,-0.0345944778626478,-0.0243325484119259,-0.0295777468502828,-0.0230196058469633,-0.00650394784184412,-0.00641310253829132,-0.00480673045842057,0.0568011657662849,0.0268066051896238,0.00580895784431433,-0.0119004670838272,-0.0208701943249688,-0.0321222057807023,-0.0506213127339838,-0.0544949821298163,-0.0516532564455961,-0.0555118601829416,-0.0554453825235109,-0.0420601527987088,-0.0482762455963889,-0.0377405958502027,-0.0388008620637001,-0.0482366661868531,-0.0523823510045879,-0.0609784671592944,-0.0564442375490347,-0.036066606382449,-0.0271407789049464,-0.0309407395017921,-0.0344407700698418,-0.0375360692888722,-0.0635716604836567,-0.055884811714495,-0.0852415865317551,-0.0821210198655237,-0.0906695947627587,-0.0686240019582506
"24",-0.0927537909979573,-0.101529002312884,-0.0848767181245328,-0.0629463702954068,-0.0255673337876514,0.00622831610624041,0.0648334701348171,0.140063860895589,0.165028063669807,0.211644486562661,0.170471833074117,0.109361071677658,0.00664516389001513,-0.0826029252954484,-0.126022887762283,-0.130639574196902,-0.146919069000807,-0.119789111844918,-0.0889258248563178,-0.0356034929088178,0.00943832611406325,0.135647007985597,0.455322535243454,1,0.589475859940615,0.397284038576367,0.439003861206946,0.280722234499063,0.187338987536064,0.14738161093408,0.0804667602999953,0.0347133450241923,0.0185566996371929,0.00092334849013904,-0.0102959272850741,-0.0114776387161481,-0.00592697459821088,0.0240732895612269,0.00300508989732042,-0.0310966814794131,-0.0374447319414493,-0.0245759373674823,-0.0458829594472622,-0.0298926233253485,-0.0242946748118625,-0.0491732950400088,-0.0583091673611457,-0.0490934419270075,-0.0542004058289321,-0.068271398205869,-0.0749793391904954,-0.0747650214061917,-0.0789513330358777,-0.086345483550877,-0.0845437831209446,-0.0960889889299833,-0.111046529078095,-0.0939548040918408,-0.10651433587947,-0.144051719208851,-0.143193348940557,-0.126819329375569,-0.1628461972623,-0.175275601278271,-0.139844586960283,-0.140113865849164,-0.17295553703362,-0.15287338276682,-0.109510933429355,-0.128858831203784,-0.129037839519185,-0.0853865415501511,-0.0751469910918587,-0.035786260458209,-0.027362955993407,0.00673904543776821,0.0372703930302184,0.0735287032295049,0.0996513235300098,0.114635392031468,0.100453519883605,0.0861563136156398,0.0488476540701433,0.0505882240263377,-0.0127864714200415,0.00345656111733068,0.0200945196511602,-0.00157529309930446,-0.0660019398690035,-0.0828489056293741,-0.113901034714925,-0.0986603106044193,-0.0854948104335772,-0.0829158643666661,-0.0677258560887341,-0.0592857438408131,-0.0516774497475538,-0.0349554766663943,-0.045108427768602,-0.0595094516811315,-0.0493230321038697,-0.0367362486347921,-0.0452085833585506,-0.0317374149573482,-0.0293080204903575,-0.029085502844262,-0.0428208574709103,-0.048324428304348,-0.0515066343996926,-0.0444499620531117,-0.0395732619361321,-0.0533219376373198,-0.0648509582629495,-0.0731357674295512,-0.0647166841602076,-0.0794640402165971,-0.0716685742048247,-0.0671870624118174,-0.0507601356064474,-0.0416233886620216,-0.0284739367216362,-0.0254301150842461,-0.0314983497856303,-0.0308211735819396,-0.0208745153687993,-0.0222655344596885,-0.0240257935864915,-0.0188871272113938,-0.0268826751652337,-0.0347337461605684,-0.0468597045924159,-0.0590347572327177,-0.0627684653482122,-0.0634986243356881,-0.0581304734773324,-0.0503776352058468,-0.0568135582250912,-0.064113339064669,-0.0730295564891296,-0.0765682822501216,-0.0864883852008844,-0.075868052090167,-0.0652525553575755,-0.085031050655439,-0.0784709954082442,-0.0443022526348943,-0.0424442470834533,-0.057882237978184,-0.102740598226348,-0.136013063842104,-0.126923742216599,-0.113493206316142,-0.0968380003903398,-0.0785720667843613,-0.0617148239011858,-0.0379139559250104,-0.0191250206281044,0.0248071469787902,0.000796149289564502,-0.0322634921966855,-0.0103207115233778,0.0124251890257861,-0.0186511772206698,-0.0423443643034207,-0.0187335262942391,-0.0132120380209307,-0.0358705376177113,-0.0393259844641604,-0.060103478394525,-0.0595130895432138,-0.0542569167343108,-0.0256786315705449,-0.00149318483179913,0.0151925427908911,0.0623574211129821,0.0817736129911776,0.139945716544156,0.111408583670981,0.128755226518358,0.0995606744116703,0.13083953090921,0.0773738386691063,0.0550784488263895,0.0714425519757291,0.0473532088398472,0.0622310892463969,0.101622427537401,0.105645736545309,0.104379415950839,0.208271148346995,0.153962547812867,0.121448531023035,0.118235495188296,0.0832800943541963,0.0677288729918283,0.0739129905410571,0.073944560158861,0.0830140137776977,0.0602344187762097,0.0491397470244705,0.0577545340848584,0.0413571015249308,0.0244420969638772,0.0426202079541198,0.0259398768489953,0.0264956024559303,0.00161842987819925,-0.0053620532320934,0.0247762296136924,0.0481267456519499,0.067235589351456,0.0700722926902626,0.0627503044205626,0.0592635426564371,0.0746268024047853,0.0431374009496196,0.0540564775268979,0.0259416065869056,0.0242018905691886
"25",-0.0804305087972788,-0.0729430543503544,-0.0439930536608658,-0.0130136771875981,0.0303415363807325,0.0602201311927996,0.139710263172152,0.235428230932538,0.248341725342144,0.280922259299769,0.218699680153749,0.133173754181694,-0.0160805622397234,-0.114843484568578,-0.193219821208244,-0.185808428726433,-0.214094803791432,-0.206003296011874,-0.177984716672409,-0.13263508464099,-0.0816298254883758,0.0177723180104759,0.208371138873237,0.589475859940615,1,0.615781663978244,0.400252130044382,0.406990453017386,0.290664928181822,0.234118620569127,0.155320158930295,0.0876185772399346,0.0600417980763946,0.023993727083437,0.0144202530554036,0.0179924296496509,0.0347125571517254,0.0669616767092396,0.037049850433386,-0.00110045521386463,-0.0158127925336813,0.00569229585887268,-0.0163419953989401,0.00681418109482795,0.0152946140700821,-0.0161405270347908,-0.0267099794010942,-0.0142066459317613,-0.0224093962575461,-0.0426454200075506,-0.0519413257135863,-0.0522651580485856,-0.0598696919982064,-0.0739426452937312,-0.0778266817517246,-0.0963773383138625,-0.121277831464023,-0.113910970626421,-0.127304710556367,-0.164939626242805,-0.172780035021027,-0.16641780605105,-0.19581559943377,-0.205196427811061,-0.184274388415177,-0.18782694673822,-0.208750815516112,-0.186316280372296,-0.156578575174223,-0.171859680600133,-0.158979511099195,-0.118158436871222,-0.11525093457302,-0.078013506503251,-0.0721371416346596,-0.0314601154878989,-0.000685716910412278,0.0318855638356202,0.0669149457014498,0.0829275507534729,0.068811802331368,0.0559774171919081,0.0107746089670221,0.00538815992825187,-0.0524818326563364,-0.0285890586714908,-0.00399947179159486,-0.0189003081907,-0.0835864864948012,-0.0881358512769429,-0.109134785025356,-0.0890935786390009,-0.0659763705163696,-0.058936239936302,-0.0398772210605706,-0.0276883361849202,-0.0294238917794661,-0.00914921027683097,-0.0173144440949474,-0.0413517671335749,-0.0335797066701107,-0.0177669690603244,-0.0327828260041598,-0.0238552047159784,-0.0263387543838836,-0.0280083146052777,-0.0390972068822628,-0.0458641543136975,-0.049368538175631,-0.0378338040826528,-0.0357680083450849,-0.0518248141693977,-0.0608860535136256,-0.0717871093571152,-0.0583798159261187,-0.0697386470755914,-0.0569165814670269,-0.0504831992843005,-0.0383235884848051,-0.0338911551415749,-0.0219430049780855,-0.0221922406685315,-0.0330918467991577,-0.03599449226452,-0.0268566614761029,-0.0253990959743072,-0.0276883922477872,-0.0240261892669867,-0.0315071793527312,-0.0404620138673869,-0.0491773921888599,-0.0613633738071892,-0.0612143114379517,-0.0608721110093186,-0.0510557356997401,-0.0417364634136836,-0.0478186092542784,-0.0597121259997187,-0.0728738103574813,-0.0752913208439396,-0.089412259137068,-0.0850244609632165,-0.0763337384992128,-0.0966585474899062,-0.096841008172793,-0.065761407123269,-0.0626634250356094,-0.0834851241160945,-0.116480803621217,-0.143620913495171,-0.121701426307814,-0.0961781980883044,-0.0647029170174948,-0.0390545008433469,-0.0210137855956661,0.00384841750636766,0.0228067511265494,0.072378123932218,0.0410916401255095,0.00872929351169167,0.0381254504690151,0.0600472115975532,0.0233523889131631,-0.000439952744253241,0.0279047236520213,0.0271953547477327,-0.000383978548073642,-0.000396501611955161,-0.0239715609449954,-0.0177920163524527,-0.00640850303889697,0.0269668726323555,0.0572209854554459,0.0811353270536939,0.133035566947944,0.157610026861034,0.220369590342368,0.181979657922014,0.185936135690564,0.142091348494322,0.179609842966393,0.116771820517849,0.08623424828695,0.117300504805716,0.0864799852833412,0.114195327366808,0.171147468146743,0.177455231561771,0.166710830840196,0.269899646681847,0.226161688215388,0.180047521552101,0.180078565788409,0.132879760796677,0.118352746752424,0.135527289315343,0.13447464435462,0.141180518165336,0.113854690573895,0.098763508918129,0.102794949069217,0.0870638417704774,0.0561592532086511,0.0835816349920841,0.0629883402437963,0.0646820122087367,0.0306851643097411,0.0179126656118155,0.0513877135534627,0.0825613634736041,0.115329688425862,0.124845191416454,0.115020194694602,0.12580122981435,0.136765729624423,0.107825946566657,0.119553184951076,0.0895773630531044,0.0772796058935395
"26",-0.0838553674977863,-0.0845061826326144,-0.0537723485358171,-0.0213344680144707,0.0216351564021277,0.0608789489179276,0.161527735837936,0.283994261720911,0.289870764321426,0.334285663158407,0.282123876571682,0.187996240855159,0.0145493855578924,-0.101571056804137,-0.196750062306878,-0.20780669776205,-0.229668854878281,-0.237623080321518,-0.196896746003469,-0.159404827988102,-0.110779284310543,-0.0293336033932928,0.129718206024979,0.397284038576367,0.615781663978244,1,0.596776465435139,0.464737603178741,0.405730863456771,0.319291161504923,0.212675044878354,0.129762716610331,0.0980691023943058,0.0396668351073394,0.0249720353860616,0.0302140179718385,0.0578905405963896,0.0969060481358753,0.0504902832174102,0.00420879013700319,-0.0173094370473877,0.00112714192156765,-0.0333813320960208,-0.0107456211556325,0.00569338268536358,-0.0320310429548738,-0.0478330404811125,-0.0284069474863094,-0.0352817371079468,-0.0599642334568552,-0.0632566830018206,-0.0591049278900032,-0.071155474778181,-0.0830114437441054,-0.0751897668047593,-0.0885342243029337,-0.0981853113321235,-0.0830197717637063,-0.093299294597243,-0.133909890152951,-0.139219106962943,-0.125352869206227,-0.163030252245252,-0.183869893838448,-0.155920921275959,-0.157069765345429,-0.193210356287599,-0.182210198345133,-0.143458039765699,-0.159689036573982,-0.161855158359231,-0.123325063921422,-0.110645771701534,-0.0678326427965009,-0.0501384262703317,-0.00876089416486329,0.0333021681102698,0.0769533680121938,0.0942377482402236,0.113763094988478,0.109681260255207,0.0961122015740123,0.0607805920669057,0.046800731535601,-0.0241957982305888,-0.0108014268725697,0.0164642328959932,-0.00420882683726268,-0.0714105864648901,-0.0918222502134595,-0.120268171669465,-0.108676995966936,-0.0887540873663903,-0.0824725606872344,-0.0582497066941323,-0.0485845196173237,-0.0574402252463016,-0.0291060462103358,-0.0322652176205971,-0.0639086712467549,-0.0549635741247956,-0.0311638234458401,-0.0473702675695643,-0.039622942779218,-0.0469330338599491,-0.0429399578156382,-0.0531449276080245,-0.0664595250590415,-0.0726125075466988,-0.0572766069880121,-0.0514097557796913,-0.0651875006210489,-0.078686458779518,-0.0960741160552039,-0.0885536948082362,-0.103243099456486,-0.0928096224794237,-0.0878074559780946,-0.0783854157359341,-0.0765198892653025,-0.0616728497961029,-0.0623469879573179,-0.0771653349599154,-0.078168968284711,-0.0662792401211139,-0.0657850752634095,-0.0642973381922128,-0.0539059486542931,-0.0624499631332106,-0.0672209032267463,-0.0821301406354834,-0.0990025582807709,-0.103150754932945,-0.0988132732854737,-0.089715220265743,-0.0741488233045118,-0.0725442344240824,-0.0840163289266661,-0.104673367848927,-0.102699423080344,-0.109977165393995,-0.10870589713699,-0.101093715946947,-0.11417334599275,-0.109834657079431,-0.0792286606444711,-0.0729000012004211,-0.0824282002944991,-0.120439426279212,-0.13874751854511,-0.125071778928575,-0.109332527739205,-0.0795434480490325,-0.0532928989318455,-0.0334193077437352,0.00176399692441874,0.031445853169229,0.0987628769285752,0.063112109013943,0.0204587033401905,0.0539962827210769,0.0835434311502528,0.0443650452340325,0.011062412138914,0.038164500583254,0.0403871530701579,0.00989134781664153,0.00457943352861894,-0.0218924542868838,-0.0200659182638751,-0.0123721851543194,0.0182088873665495,0.0508568728751456,0.0647767753232355,0.128451784844771,0.149722151450217,0.226341442427397,0.186192790686867,0.19345300763356,0.155561571029278,0.218673048604193,0.154185527254094,0.13255483704557,0.168683607430998,0.134242961675505,0.165416757978128,0.240383213021793,0.239157261305258,0.22928013058621,0.341428380353138,0.257835504765968,0.194874950367139,0.18241644770386,0.133253013158864,0.125987140408296,0.142506606023378,0.134444431497683,0.132617825307392,0.094965755000032,0.0768122289861705,0.0804135892275125,0.0557449997598056,0.0336576162588272,0.0632731170160436,0.0402477942052341,0.0416134337668188,0.0145746641604919,0.00713420001319231,0.0446798885375455,0.0788186526980223,0.103282931853679,0.111849727788326,0.0982712093527583,0.099867401843518,0.117236651846042,0.0888108675460752,0.112117656461832,0.0836095226424701,0.0793548977459377
"27",-0.107907682453265,-0.123106851384634,-0.0979191452340139,-0.0652528647296646,0.00225069558089703,0.0505775674844421,0.200246482402705,0.337955283844113,0.378491769001443,0.450344701150033,0.369020941514102,0.255229772515416,0.0677605733977785,-0.0727108999222959,-0.170318839117184,-0.191310111027429,-0.218946544414678,-0.216523441963748,-0.175879485746388,-0.126475156284535,-0.0623267139071997,0.02774011720911,0.267350103513012,0.439003861206946,0.400252130044382,0.596776465435139,1,0.622045220433308,0.434319765068269,0.363024592118602,0.228749338137508,0.138412821569833,0.108154174701565,0.0400566274835033,0.0199189646971527,0.0262507415541069,0.0615942616204625,0.116403066788029,0.0675190335977306,0.0128718065427917,-0.0163982902248213,0.00500361289267905,-0.0364630260024444,-0.0145779502452696,-0.00272559093934164,-0.0471680488981015,-0.0679709165353942,-0.0527235149759615,-0.063697241044625,-0.0937922670153742,-0.0991275298695422,-0.0943365170847244,-0.109278432985209,-0.126160326436069,-0.108625848519001,-0.120577969300165,-0.120537647691244,-0.0962384296248667,-0.102936896343278,-0.143626898594982,-0.142322260065737,-0.11013228729199,-0.152881207051418,-0.177142304907347,-0.129133357969189,-0.118299715328156,-0.167907937751937,-0.156575343840476,-0.093831301469861,-0.111842454599103,-0.12793608476475,-0.0798979115739462,-0.0554490577490988,-0.010674765210034,0.00655945281973623,0.0402121282094988,0.0858208692633654,0.133900890250263,0.14788527210715,0.163342888489876,0.152563558274602,0.130210653029145,0.0964313222986397,0.0951980605755165,0.00513626364477847,0.00569455757534522,0.0228436032140152,-0.0113767095596509,-0.0924405080680034,-0.128522019749533,-0.165293017430323,-0.150023807122723,-0.132782729551909,-0.124896267434004,-0.0972574262557655,-0.0881471360304965,-0.0959412817253794,-0.0613583434909159,-0.0685224940790173,-0.104270210646097,-0.0885630874769816,-0.0604220206010295,-0.0782020811245032,-0.0702778918606651,-0.0777246473486096,-0.0733975391268542,-0.0893701453475149,-0.103238932352039,-0.109154073500841,-0.097062105125426,-0.0845442333024072,-0.101693419597567,-0.120946818853815,-0.135621571588858,-0.129464818173503,-0.143000157438727,-0.132478029325798,-0.119546611023988,-0.10435123067942,-0.0936721337176132,-0.0805628202206804,-0.0840148303157194,-0.0982886751258143,-0.100493194917553,-0.0864670541393707,-0.0901245889251462,-0.0899987304087117,-0.0766109656225782,-0.0909727084773433,-0.0944168455132097,-0.112577501989022,-0.128374658261681,-0.133041974581272,-0.119767616919744,-0.110017557965124,-0.0882153882457399,-0.0843577215662182,-0.0932652307036747,-0.117565611845859,-0.116710998892831,-0.116243460163094,-0.110439780585007,-0.105457194434766,-0.11768670628119,-0.101316724901215,-0.0689813998107894,-0.0695916338312496,-0.0770422655146177,-0.137678948374856,-0.16748797800124,-0.157006312599141,-0.146758224759855,-0.124943059675914,-0.0969310821692437,-0.0709942486838007,-0.0299873635340144,0.00681543481013391,0.0804319689456928,0.0365007793655642,-0.0200613817006712,0.0159305381345878,0.0445207652564173,-0.00369781122147231,-0.0402830396130806,-0.00876543470349114,-0.00386953235943349,-0.037677107884347,-0.0421781722067137,-0.0698776235370819,-0.0665602310977161,-0.0667782816069781,-0.0344681166623838,0.00365484767482932,0.0366599457217469,0.113126544875795,0.176917644485998,0.275878296364354,0.249602820210314,0.260220067273543,0.221788347752984,0.297409616018866,0.208467299821792,0.177037409777893,0.200443672607735,0.149544006996533,0.172626510832674,0.254709274857111,0.240342992700594,0.184574023737257,0.28581176980859,0.187856665703914,0.135372944130017,0.116901911264392,0.0763431902976406,0.0653912793324729,0.0710208110336755,0.0645251189307254,0.0699542552368828,0.0384759053347549,0.0351013023893001,0.0550528832613821,0.0466373945851191,0.0359864326582354,0.0829868417234063,0.0609387401163417,0.0732564159353874,0.0366924751388086,0.0271620491708066,0.0786741654987987,0.11975948975467,0.148623077051267,0.151076931367918,0.11904615114604,0.102549211481138,0.0895372537832621,0.040299102248299,0.0460687809093075,0.0124268102944788,0.0167993890773404
"28",-0.0891242223931618,-0.0859304115125579,-0.0501164035311229,-0.00550065609221554,0.0806088704385908,0.135825330452402,0.34215928421803,0.558916390345124,0.591258598149945,0.607587656993089,0.457668015917271,0.311543799405059,0.0397303043787055,-0.117315452031414,-0.256972503166035,-0.27059756321444,-0.312161785269402,-0.333644507462668,-0.289586114215126,-0.248036333220808,-0.175638931825486,-0.0760632066496447,0.0972648983952835,0.280722234499063,0.406990453017386,0.464737603178741,0.622045220433308,1,0.651642203520222,0.529113887589942,0.375270682043324,0.237420775663371,0.183440728387492,0.0793713683837363,0.0611134327707971,0.0805330075649138,0.141761616048944,0.20735826459976,0.144664814852889,0.0744747766433345,0.0282599563835234,0.0627256053882757,0.0192908026743841,0.0475786400335044,0.0585552296627248,0.00279865999782856,-0.0222485204271488,-0.00768226252682128,-0.0265122314472544,-0.0672866083785069,-0.0768585239264291,-0.0736277805963146,-0.0946311947361137,-0.122955336374982,-0.108432158083743,-0.127938941058662,-0.134697801409663,-0.122677532257444,-0.125968773000491,-0.160324881046728,-0.16862498413335,-0.142438544372878,-0.171480459452325,-0.191057631546527,-0.158680086923058,-0.144303789895213,-0.178097772068681,-0.166308377651845,-0.116318945454205,-0.125237237628378,-0.129818232709775,-0.0873610890259292,-0.0682305667409938,-0.032736425988888,-0.0216125198043899,0.0109894545702283,0.0536797670925568,0.0916870198193294,0.112560017785226,0.123793617472711,0.111250461556027,0.0877595575283959,0.0495875886490482,0.0454045251296283,-0.0369565318142508,-0.0355632675814171,-0.0159024975366183,-0.0443663377988737,-0.1237887486909,-0.147395841435254,-0.169020055211989,-0.144354122288999,-0.115590828699392,-0.0990824540350011,-0.0657823348369203,-0.0534723744571632,-0.0770472429091807,-0.0354313186115195,-0.0397133305906521,-0.0908520620130147,-0.0763956165112175,-0.0421604690258668,-0.0701656306331567,-0.0732681782821837,-0.0892208184180427,-0.0878812309933012,-0.100482032293332,-0.115117374468125,-0.120300954566587,-0.106031018450469,-0.0929902419673998,-0.113387815524888,-0.131460333113326,-0.145414191727934,-0.134639004042231,-0.13809264777801,-0.121520438028559,-0.102328752534481,-0.0933968210097084,-0.0860731498375741,-0.0785594954153442,-0.0896012263598888,-0.10964484944634,-0.118209082938472,-0.106036975256866,-0.108430646143553,-0.109756863575094,-0.0972399035526363,-0.112906449977686,-0.114687115745733,-0.12701570966851,-0.139236399399572,-0.136751477992606,-0.116829572096054,-0.101753453712717,-0.0767851349094976,-0.0702605142512084,-0.0823248939218846,-0.112424129137931,-0.111147803139786,-0.110367577457099,-0.111610567313424,-0.11326459655824,-0.123378582539026,-0.109979181459464,-0.0869122923673136,-0.0913252624269823,-0.103831680294034,-0.153357683700487,-0.176682159534734,-0.149275607453432,-0.123198964688185,-0.0866873024196511,-0.0485049291152595,-0.018358734770226,0.023664400920751,0.0646620318957394,0.144502632667032,0.0887284720632439,0.025636349427985,0.0648427665531231,0.0817910273857477,0.0293969347686644,-0.00503313680809435,0.024299966786376,0.0210556147333929,-0.0130850158711708,-0.0143895825967502,-0.0371490026230704,-0.027300333278514,-0.0226593828075808,0.0127947851320364,0.0608472784728284,0.119717430210496,0.209356395958514,0.306727417977452,0.434230206923567,0.402065893962667,0.394489476360217,0.330361672709521,0.4186552366001,0.300920876671445,0.245823115771316,0.286131281544959,0.215884277673905,0.261106784254222,0.377304742693594,0.347814961448594,0.214378049544101,0.237394133971641,0.166464736608853,0.124791047803596,0.118522036349276,0.083683290955669,0.0725099667760195,0.0823971702987359,0.0811960467164875,0.0919929552124029,0.0687915919556356,0.0755459549870052,0.100700911154148,0.105595323083514,0.0819300644582943,0.154970842746389,0.127703833566127,0.149434729893229,0.0981800469104697,0.0793954714063936,0.14152487601735,0.197846486018874,0.248545774340814,0.258362976331786,0.209269987472288,0.200962894108675,0.159305646992284,0.101046096475813,0.0852895854171559,0.0492600418252411,0.0372023020051775
"29",-0.0744064307470065,-0.0723311225241526,-0.0400526168489021,0.00408473038067835,0.0719153613653792,0.129789650078799,0.311192975515695,0.504148830184541,0.466846553689831,0.477569145506576,0.449296654616377,0.310289185661645,0.0394730393658568,-0.11395172929115,-0.241657327221773,-0.262582080351378,-0.294350340531625,-0.322190262976973,-0.272932070806674,-0.24257792083141,-0.182486420324849,-0.0985282309727926,0.0452859393738965,0.187338987536064,0.290664928181822,0.405730863456771,0.434319765068269,0.651642203520222,1,0.662455130499475,0.457347315271389,0.31415711076207,0.26513590771312,0.135366492013759,0.117982219623562,0.127961198318002,0.190061455261231,0.234814285313157,0.139302854641495,0.0924074531791304,0.0339497513132781,0.0477106233204397,-0.001951567358701,0.0132011151442593,0.0378150990174155,-0.00615898195796681,-0.0369919752135165,-0.0203035099799511,-0.0249528379205744,-0.0619647459229691,-0.0692116896797398,-0.0622078009314905,-0.0790693202945305,-0.102348936503355,-0.0837315933780555,-0.0960968148151559,-0.0879875239255584,-0.0758758801561726,-0.074568383665244,-0.105607841295282,-0.115757437183545,-0.0934926026148615,-0.121067362644859,-0.148619526289442,-0.126126919411874,-0.114354061966169,-0.149993621994362,-0.153402697154448,-0.114356727869918,-0.119118148956592,-0.130917693654686,-0.103192796373656,-0.081989839254807,-0.0488861305604657,-0.0270678099771204,0.00460609906486585,0.0530402367235618,0.0934609953423194,0.0909857072002734,0.105092469555519,0.110853272608281,0.0936804244355415,0.0727291963692595,0.0499708311967187,-0.0251477576093234,-0.0314668270771911,-0.00590273746272013,-0.0303449475572587,-0.0970709745882999,-0.126164125001411,-0.146051596369293,-0.128792389111208,-0.101001543491566,-0.0794852520845999,-0.0383666886633789,-0.0180806283462934,-0.0498426967200041,-0.0065153619888993,-0.00877276416884493,-0.0655524213897398,-0.0520339552740242,-0.018310123554013,-0.0519879510084428,-0.0596510924070629,-0.0798516714876704,-0.0771516621158651,-0.0838255596616212,-0.100185787177519,-0.110408687115026,-0.0965675032928522,-0.086416318063602,-0.103557812935788,-0.119770419628812,-0.135712074770961,-0.126854808620886,-0.126245228271051,-0.106726027557224,-0.0918417694400883,-0.0913416589614141,-0.0959116814587306,-0.0882386074775069,-0.0994665407215945,-0.123041381350557,-0.131338155145824,-0.119789599085963,-0.120022230854469,-0.119038570589511,-0.104656988424569,-0.117235711859253,-0.115008032569691,-0.127701177646388,-0.139929462633338,-0.136287715698023,-0.118030193280979,-0.102997816078329,-0.0823857377502858,-0.0736317088257098,-0.0860477954303598,-0.117673350172025,-0.115183133308132,-0.113005177971669,-0.119197135450066,-0.122688687164174,-0.127048688464201,-0.116186523258901,-0.0989868009128603,-0.0992442157644953,-0.101235097280882,-0.138178776378398,-0.144616693687817,-0.12443709703856,-0.106121019897703,-0.0701058474849183,-0.0289311096019434,0.000109154437117654,0.0556271245497566,0.110638972200525,0.197923567400907,0.147876831870843,0.0820996556311523,0.111806447840231,0.131103018870928,0.0857081351811421,0.0412234522894276,0.058510906417884,0.0594327543692626,0.0263052408827763,0.0142618706793943,-0.00887703371087013,-0.0101035476166774,-0.0186671259738665,0.00514027569038924,0.0504943258444493,0.0885937690347733,0.169233253642834,0.227310206875351,0.321614371487735,0.298495227139806,0.274174209556315,0.240224492542678,0.333609488427994,0.273932917380089,0.276874350557303,0.357350741781095,0.303559769238252,0.358331509838734,0.491858022031851,0.458985691271162,0.277641491583525,0.254623472981381,0.171624550865867,0.129863068758003,0.118625135938588,0.0842861016147447,0.0734295138410054,0.0783682746769743,0.0656410885904146,0.0630693648063014,0.0331069044874386,0.0364878383886001,0.056175988819512,0.0515628440300582,0.0366716833717492,0.0872000190728851,0.0634804478275862,0.077419410511693,0.0467137286995515,0.0444798660489938,0.0893548854152356,0.133310801772179,0.160266128272016,0.1701160142693,0.134452604979934,0.133373367478406,0.109853509329317,0.0633057653763726,0.0622584822682838,0.0317994519472541,0.0329258341700394
"30",-0.0761581936115053,-0.0830389070054738,-0.052114719335705,-0.00183070210930312,0.0733162468165831,0.146716900596864,0.345764392615082,0.576223204721104,0.588079675483069,0.544092737824473,0.534863152459787,0.382171701366118,0.0521831231469532,-0.119065513335863,-0.267029324513814,-0.290392494332354,-0.332126222072691,-0.368853995699498,-0.31763773342241,-0.28827768468622,-0.218874379967004,-0.132643220268639,0.00809046081904388,0.14738161093408,0.234118620569127,0.319291161504923,0.363024592118602,0.529113887589942,0.662455130499475,1,0.690939371236292,0.473194807867268,0.423233851278026,0.234876590389126,0.213443714871522,0.237663822868015,0.328964699274453,0.379793549907335,0.250724028727715,0.203585239876054,0.105819144801228,0.101940037195913,0.0457994219633934,0.0356934406679018,0.0551843877110461,0.0152761809551711,-0.0287419541620017,-0.0261125374663036,-0.0300344641195525,-0.0742105109916585,-0.0845661994110368,-0.0759181023615665,-0.0969173079469764,-0.127887579737191,-0.0968836037992643,-0.10532317442852,-0.0763829215588345,-0.0659908900574665,-0.0513833086674995,-0.0693791248290817,-0.082258582298431,-0.0481858777063884,-0.063068095056404,-0.0958050061086484,-0.0763137165657171,-0.0481820645554492,-0.0825689537900093,-0.100854179685563,-0.0593006954459822,-0.051136646178325,-0.0751196188679215,-0.0593816045776426,-0.0281858533996645,-0.00881616701709373,0.0147997565312736,0.0312604385816116,0.0815128135865457,0.114827815605503,0.0925231352592777,0.0979844242840382,0.110483244738341,0.088741962758388,0.0846041047856836,0.0596022848786656,-0.0169145517724268,-0.0473239764041199,-0.0282597061101329,-0.0564458257111641,-0.119704149848647,-0.159121510779012,-0.17415075897554,-0.155303403597991,-0.124355163008358,-0.0943535893548277,-0.0406388198374701,-0.0182663258573047,-0.0538472580287286,0.00680376003264637,0.00848987997007905,-0.0595657126564201,-0.0313858196387837,0.0121949623627341,-0.0341353878133802,-0.0607867468908852,-0.0924676177390769,-0.093064802862394,-0.0947174217940078,-0.11356649179053,-0.132530057955884,-0.129280900348188,-0.115645711537544,-0.137134407802962,-0.159351632990563,-0.174246891075968,-0.16558590175217,-0.156079845453488,-0.131445092674288,-0.111298348260562,-0.113471376190024,-0.119291705851909,-0.116094757861994,-0.135305154265849,-0.164479726118879,-0.176877205988473,-0.164402499710235,-0.165328734419631,-0.162651744579509,-0.142992456263885,-0.15894908355058,-0.152259210605804,-0.166969854382489,-0.1797649791414,-0.172462965789652,-0.143879919391767,-0.125424403593625,-0.0999010100179218,-0.0835627187187695,-0.0960815784516449,-0.13723800035234,-0.13138646434826,-0.116542680772912,-0.12943770103887,-0.143332045391253,-0.135595941031775,-0.115145318636463,-0.112695958295804,-0.119941213536605,-0.11267954393611,-0.151092341240583,-0.148493865386012,-0.127420953449471,-0.11615201771438,-0.0823053867940184,-0.0347664862412317,0.00607537186664277,0.0719506850006792,0.139007966480656,0.216985089900718,0.151658072375503,0.0829552169602717,0.112877298687472,0.119741580480258,0.0664297637041529,0.0250853903589064,0.044517552222838,0.0428106608314178,0.00457419922426077,-0.00383092554742294,-0.0297650798009177,-0.025331863203753,-0.0467123493444277,-0.0203725744853927,0.0316131427292444,0.0725335734271563,0.163201705865907,0.23264388079761,0.332826692758188,0.360516827630781,0.318137173515034,0.312223566097997,0.432507255955927,0.395844520042579,0.413759387595555,0.506869938428768,0.426062117606923,0.468467554889581,0.593697026430375,0.428213847366971,0.257098003330045,0.207418023318531,0.126763720317048,0.0927544910726829,0.0806620182596047,0.0452389315003064,0.0297387760703377,0.032606397344096,0.023652609993498,0.0260373767537325,-0.00585144020510549,0.00755887008663175,0.035427237059282,0.0338436032704598,0.0222448031548498,0.0802219217249122,0.0678163874934623,0.0999818796734578,0.0807339392532683,0.0912787113335535,0.132857988205281,0.173245049348161,0.189233284312608,0.191193723193917,0.129794558265934,0.122281264449278,0.089584324348486,0.0358969138087937,0.0250825042643091,-0.0151549436561823,-0.0157591998363805
"31",-0.0333891340015664,-0.0240347403771529,0.00490268083535526,0.0538395653916654,0.111259381772874,0.179736054067686,0.33106163323831,0.490618649121209,0.443975503942407,0.378603691578515,0.373697451213504,0.242530804755347,-0.0214370970404215,-0.148081724451722,-0.274091110361829,-0.283940765411818,-0.316112662864473,-0.351445121025446,-0.30330429786328,-0.276483606155709,-0.222343054138799,-0.146288256310152,-0.0324746783318049,0.0804667602999953,0.155320158930295,0.212675044878354,0.228749338137508,0.375270682043324,0.457347315271389,0.690939371236292,1,0.601913746081113,0.501947184258991,0.272495889883358,0.274451990880745,0.333505814336931,0.424627240369134,0.403652157856671,0.25065385145897,0.24392547764462,0.126111087875462,0.109640838968132,0.0727858881730402,0.057755899825559,0.0730360473877819,0.0492770161876658,0.014078244436692,0.0114386285684592,0.0094074218589816,-0.0254426324893028,-0.0361626316919799,-0.0313655213616445,-0.0488881266810403,-0.0763220642108585,-0.0572004245148404,-0.0654076544859423,-0.0446894799091539,-0.049456039069092,-0.0326314472974626,-0.0385654632748599,-0.0597361404797124,-0.0445527613569327,-0.0400470934053564,-0.0642789775545799,-0.0740521009986405,-0.0519122853514808,-0.0602933971424952,-0.0825427221593856,-0.0741486246676778,-0.0553290728074344,-0.0634936822327243,-0.0674572947092473,-0.049824202242125,-0.0471254358005679,-0.0296868532095425,-0.0183752110277912,0.0184001598230967,0.0323337158563402,0.00834490292913607,0.00967623424484125,0.0295428295131941,0.0173112449064662,0.020879363825227,-0.0137043621537377,-0.0544326710727763,-0.0784578247377313,-0.0571972472957216,-0.0665003299575807,-0.10138883677979,-0.118210554910732,-0.11507599064063,-0.096537904535268,-0.0635767626072673,-0.0244904185185677,0.0334991780848939,0.0577467028614824,0.0128126935498421,0.0625288157931119,0.0734440472381137,0.00795836940218827,0.027735998233943,0.0637155589689077,0.0139527122854861,-0.0269541145965178,-0.0639965926536219,-0.0698643268751984,-0.0619477708329672,-0.0755165279604935,-0.0914054672184849,-0.0929435161666229,-0.0829418795279639,-0.0985222089961128,-0.114717977126096,-0.123869471739108,-0.113843158232876,-0.0923525513103072,-0.0625686564753987,-0.0479087492025464,-0.0639589108637925,-0.0827820253466561,-0.0865886827043197,-0.107437696381028,-0.135903913908818,-0.149796958136072,-0.14381567210324,-0.142697867432015,-0.139986070107278,-0.124207399178194,-0.133417604324521,-0.121807946940687,-0.127890554131346,-0.133655203448586,-0.121017033714427,-0.0973332211245211,-0.0787190349430651,-0.0622569444324732,-0.0490162428194005,-0.0609304379261611,-0.0962318024850203,-0.0927646450225091,-0.0823583547599628,-0.100613422641805,-0.118813448384424,-0.109971707174124,-0.0999650114307427,-0.10996323218079,-0.11686573296138,-0.111212014658693,-0.11687921937748,-0.0992522717489763,-0.0732283002011762,-0.0554928297350941,-0.0158858142740687,0.0335181678917322,0.0741778542787789,0.136378492127836,0.202607339374714,0.263756268161822,0.197565631879922,0.14603809503739,0.164741475341635,0.161917958497507,0.11338850010667,0.0750263042151506,0.0863347837185546,0.0800858510398627,0.0453887604372242,0.0367012548139399,0.0164411010742518,0.0208121076972913,-0.000945067076933421,0.014860155225662,0.0604698169988966,0.0944801849032987,0.163181787315585,0.215020606311999,0.267176117516045,0.27696549311788,0.22259756306004,0.216381731727115,0.293493012105727,0.295344096469933,0.32372349816201,0.432916752809519,0.402295391737929,0.495152750445668,0.594285265116992,0.457884890815261,0.264004234033267,0.177929006776981,0.108243604551759,0.0775905031041952,0.0655431293678348,0.0359562726324866,0.0279310219776447,0.0319175593381566,0.0222851795328444,0.0238213979060156,0.000287950712729989,0.0125428697849744,0.0307894028368469,0.0312946115877719,0.0150803090393266,0.0533700633721362,0.0465948297354579,0.0696934859994549,0.0644184096090145,0.0793306529052776,0.0941727107944866,0.119247338368001,0.128765533814213,0.141991259191555,0.101868718153212,0.113929240764234,0.0853975033222002,0.0478836836178562,0.0359993034924238,0.00377873945584914,-0.000753069091014414
"32",-0.0362611267938776,-0.043940726732084,-0.0255140067995412,0.0121829444427212,0.0476821466055512,0.105981807670245,0.215255729158064,0.338977184377617,0.331316365901376,0.281099609161671,0.309414984411521,0.238295252979743,-0.0242760866836796,-0.135019404715172,-0.249069137787971,-0.254780304823239,-0.287805318266701,-0.320066196936896,-0.278990303211514,-0.25482994762107,-0.205463883955873,-0.142143857337778,-0.0554461457164269,0.0347133450241923,0.0876185772399346,0.129762716610331,0.138412821569833,0.237420775663371,0.31415711076207,0.473194807867268,0.601913746081113,1,0.712117824315751,0.402822629604118,0.416317621752975,0.481348102241847,0.630926064190852,0.576204650768227,0.371260490246458,0.358253041078084,0.198136332133477,0.148546552059708,0.104824791458555,0.0517370968175364,0.0610970881935168,0.0548196957960117,0.00598356092904091,-0.0171185257975964,-0.0105033776107711,-0.0418370063851237,-0.0568270184858259,-0.0529415355276762,-0.0659958962235692,-0.0921923126039335,-0.065201383276285,-0.0628802406418573,-0.0208418936509585,-0.0232578347674513,0.0039738272537798,0.0100865661944244,-0.008624953135819,0.0166045868207767,0.0298846857569882,0.0022267623245048,-0.00685603374806409,0.0264223769139408,0.0170393516835718,-0.0179401171197254,-0.00730408312574347,0.0195695120915,-0.00203989571858341,-0.0175362295630172,0.00819596947625595,-0.000697369628855206,0.0186684235698358,0.0144591952933096,0.049194201318753,0.0569649890105989,0.0127929842914907,0.00713627626512612,0.0336987266129413,0.0201710922006652,0.0425803885013906,0.00843001239783421,-0.0284808821844829,-0.0737684708465893,-0.0607366596884253,-0.0727719942769039,-0.099547795538317,-0.127916016443709,-0.125489891050151,-0.111971116680549,-0.0844740861413166,-0.0466302205670247,0.00980241898415376,0.0384690345530683,0.0195175768873034,0.0888522092657399,0.0977101097872476,0.0345701765891324,0.080469115095116,0.126721300520749,0.0643528625451456,0.00377333191300722,-0.0424236689040273,-0.052336686300672,-0.0335688949650784,-0.049443327739169,-0.0815719688188149,-0.0969551978687901,-0.0902398790885107,-0.110365200530075,-0.130880981702166,-0.140233870886509,-0.131417515864088,-0.109314120564438,-0.0786871781290243,-0.0644039892481998,-0.0745668767163118,-0.0924622131963777,-0.0954457855968113,-0.118268361573745,-0.148945212588456,-0.164128553826786,-0.156116237027345,-0.152110271968415,-0.147166609418405,-0.12976026243909,-0.139394469189441,-0.130449640651943,-0.140266579856804,-0.151219736565082,-0.137635304929411,-0.111655836724598,-0.0920850283489097,-0.0757553692398071,-0.0591599113965039,-0.0693958636981621,-0.105870730888053,-0.100152030942998,-0.0802274318547368,-0.100186327755032,-0.12294231962197,-0.104962276293636,-0.0869787216952089,-0.106872139834073,-0.11776781106057,-0.102637013509294,-0.111078735952667,-0.0875871088388731,-0.0689717079001066,-0.0684826507348529,-0.0430698517857215,-0.00189329709874223,0.036775906798129,0.096818515813363,0.159197854284149,0.197162695672055,0.139609600338792,0.0992274874970135,0.111600362574618,0.106521235697041,0.0680018408965825,0.0377654670181284,0.0478794733272823,0.0456804694308184,0.015364942329904,0.00874695743001175,-0.0125704566296379,-0.00874238611661981,-0.0349640782478439,-0.023183522444939,0.00915684678308906,0.0263727109958429,0.0826966479473633,0.122487991132975,0.164603621656358,0.199112944762639,0.15622119997094,0.185212333490563,0.287147477831485,0.360486071147862,0.415304393667449,0.546379800944469,0.505161788798545,0.534140462124988,0.41291919015515,0.27543543662396,0.163427604343208,0.1124381949865,0.0568488291021833,0.0400355926287912,0.0302733184237005,0.0075511549959499,-0.00535349373933039,-0.0079884121890641,-0.0148226732228312,-0.0157723524262568,-0.0352909183121973,-0.0230826676429098,-0.00994131793417685,-0.0113300218357811,-0.0197831223364475,-0.00185493914605475,0.00934775222253364,0.0470049676954516,0.0680930638925176,0.108741355121107,0.101358698392759,0.102873583091661,0.0822329882470796,0.082130249511072,0.0384442443945845,0.0403124640006525,0.0219739806320752,-0.00578900576850513,-0.0139079919647456,-0.0392661956506703,-0.0375835143894384
"33",-0.0506616362250193,-0.0733226383763442,-0.0597214487833184,-0.0260125061422096,0.00365007333729548,0.0608158737959685,0.150621610655488,0.266636768589167,0.294277324911502,0.270364640203953,0.339706280783253,0.288837750045466,0.00735248961508201,-0.111902642954715,-0.224037131867384,-0.235687305530105,-0.269434995075401,-0.301277368601741,-0.261443614462189,-0.240110769081477,-0.191731716654708,-0.136208402115041,-0.0596275146691043,0.0185566996371929,0.0600417980763946,0.0980691023943058,0.108154174701565,0.183440728387492,0.26513590771312,0.423233851278026,0.501947184258991,0.712117824315751,1,0.586892883544376,0.490736371755249,0.506156652805677,0.539578820519795,0.576770992966788,0.383751501172322,0.336867594808205,0.202327788386164,0.151778642025434,0.100883633601363,0.0273327744927262,0.0394289607383844,0.0403348473302002,-0.0191305385634018,-0.0515020239005919,-0.0364657653006334,-0.0679293261898909,-0.0853651935258031,-0.0803917194147374,-0.0902263834989201,-0.116318210471405,-0.0788097036841068,-0.0706908681597047,-0.0072347609505341,-0.00264318878332526,0.0313153737530876,0.0414872150528882,0.0272811554825414,0.0655195264880758,0.0768908521152244,0.0418428392068519,0.0428396002096519,0.0849914828925471,0.063751027155171,0.0187215614768803,0.0419075071724415,0.0703208899638224,0.0317952027366366,0.0136576717712684,0.0506590529772862,0.0409156003057332,0.0667359413217194,0.0547058880244536,0.0956944821042814,0.108643504321685,0.0463861856289913,0.0388560173304953,0.0712805978710384,0.0543951448628913,0.0897763610478328,0.0549757569447288,0.00678809621690089,-0.0566890080724699,-0.048149144194114,-0.0695160517521513,-0.100020134805995,-0.146002996800397,-0.150114232379481,-0.13971542202152,-0.114693579962097,-0.0779594164022371,-0.0223579833758257,0.0106449802645175,0.00426216884002022,0.0895148997960606,0.091671946172061,0.0217999900221514,0.0794863128828968,0.134468254126434,0.0665652248140788,0.0027158675522318,-0.0448514883816774,-0.0506042877356654,-0.0275339814675007,-0.0468438270954093,-0.0901888827924218,-0.110883331208399,-0.105348199122415,-0.12991693391829,-0.15436095791424,-0.166610216915222,-0.15947265604444,-0.140058991887896,-0.110719271069935,-0.0942108165221064,-0.0991832224997199,-0.114465737371918,-0.115626124400941,-0.139367677109222,-0.17237086367414,-0.187978681143416,-0.176813764505193,-0.171660767103868,-0.164934955503548,-0.144540367639664,-0.155775321300583,-0.148606104169032,-0.163729529892528,-0.179654355188223,-0.166708419694275,-0.136533193127178,-0.116882525292402,-0.0978517938692469,-0.0770760402040882,-0.0876727751842395,-0.128170910990633,-0.119230849536234,-0.0915219344982421,-0.112564349384796,-0.137057934246599,-0.111958329071306,-0.0858237813909955,-0.108879512691389,-0.12136973704999,-0.0970335404766037,-0.117786258094976,-0.0931087258675749,-0.0821257412255728,-0.0939348333566075,-0.0776445778522095,-0.0381913695172678,0.000961504564298649,0.0662512501471398,0.130792716085641,0.166766505085817,0.111125887382336,0.0660535177500281,0.0776366631806794,0.0767032746740773,0.0411897544134799,0.0106017692071408,0.021378148512673,0.0235502457105617,-0.00766620502505191,-0.0156763847683351,-0.0404860952523607,-0.0386811500815723,-0.0723731118484909,-0.0591921069429548,-0.0307668789584765,-0.0218993300748941,0.0314735232574188,0.0649203595760185,0.108077880011315,0.160030771462016,0.12985662710897,0.183887466189742,0.307718972356503,0.408347074506389,0.496249391859477,0.648511602805419,0.650624701016429,0.513616139380363,0.369195437340598,0.213190740464464,0.128185639545893,0.0862948129343438,0.0342040002095356,0.0222759069097595,0.0108421204617802,-0.0110767782813732,-0.0282163414250449,-0.0359994422293092,-0.0436584642941608,-0.0464937342299736,-0.066889737386344,-0.0536850890991676,-0.0404051929133065,-0.0445206139322097,-0.0470696769438069,-0.038797553524345,-0.0208750107129632,0.0226243475056032,0.0556436709973013,0.107196161457032,0.0969548087675428,0.0924695426933403,0.0558591043054471,0.04551035937615,-0.00282677212240503,-0.00971361459001721,-0.0209738298210815,-0.0472276799297838,-0.0520768170409177,-0.0778084109978125,-0.0695822259212328
"34",-0.0313651287704246,-0.0497474658817505,-0.0434381398453438,-0.0225389626298651,-0.011376415551331,0.0248629194698002,0.0712907812325109,0.134504780930207,0.151719486458179,0.135367181682667,0.184888035580656,0.152479203900825,-0.0171869356152377,-0.0899861424943428,-0.160124699670754,-0.164043512070802,-0.183935082290224,-0.202902471672792,-0.17482629846834,-0.156855204200207,-0.128181623522129,-0.09072021885732,-0.0439626078573052,0.00092334849013904,0.023993727083437,0.0396668351073394,0.0400566274835033,0.0793713683837363,0.135366492013759,0.234876590389126,0.272495889883358,0.402822629604118,0.586892883544376,1,0.620443078236415,0.410208120061427,0.3547599906747,0.340491213318721,0.23594354849587,0.222471252756874,0.146042177771481,0.101445581049052,0.0670168944995032,0.00732096522402099,0.0179508963440409,0.0268514471931727,-0.0192517587628445,-0.0477437528465009,-0.0282356254870113,-0.0463038459332058,-0.0635700680671711,-0.0611657105598957,-0.0609504897664907,-0.0775664149416867,-0.0525761710441174,-0.0426506009304208,0.010663737499306,0.0127637364604313,0.0412336173723293,0.0541247563532548,0.0436072022635933,0.0705259158203884,0.0842255744654655,0.0582265524602814,0.0534790136589341,0.0853271743789197,0.0734339433274634,0.034913672554487,0.0455088889684269,0.0701293047795563,0.0401419886908056,0.0188575930833571,0.0458194104338987,0.0330488979194455,0.0529470133666811,0.039373054819178,0.0678757519974993,0.0731726733520779,0.0174216425472496,0.0100321417980869,0.0403555417534858,0.0304771579862961,0.0659421254076814,0.0353666004496068,0.00819526050436143,-0.0436998999250148,-0.0381146459787223,-0.050337387824149,-0.0641983075668767,-0.0975148478043407,-0.0983334293796049,-0.0911243245438971,-0.0737557245689838,-0.03847834240627,0.00362884025534587,0.0373402419913655,0.0474572764855623,0.121132158261187,0.116078387840015,0.0499802624911273,0.0884946246230612,0.142036879643415,0.0810214465009655,0.0241942507407037,-0.0179169882572258,-0.0207580741127315,0.00843371704565394,-0.00767436893961488,-0.0476991456082942,-0.0659325449139745,-0.0644795505796509,-0.0845933662472791,-0.102378497020661,-0.110473296764139,-0.104760408308737,-0.0822281952325258,-0.0549800343097202,-0.045661349779573,-0.0535027315863279,-0.0720399556721702,-0.0750885400668097,-0.0928892806639916,-0.119530511139506,-0.134043474552065,-0.127215814520552,-0.119880228116003,-0.115261455442373,-0.103292547386858,-0.108255527520489,-0.1034631945228,-0.110840677759436,-0.12122589259277,-0.105379507698165,-0.0854486421442423,-0.0707414365176332,-0.0641213009195821,-0.0516997123874849,-0.0594436797364747,-0.0847563132782963,-0.0797053551619352,-0.0599365362659988,-0.0759748898790056,-0.0947923869510418,-0.0756880325733027,-0.0573241701139676,-0.078408416259533,-0.0879694508800415,-0.0674151102479199,-0.0763652278906942,-0.0538267726265569,-0.0480749771242243,-0.0604778662947511,-0.0514067108962826,-0.0232300111717535,0.00516764205436587,0.0491438412170936,0.0900875712059789,0.099349624644901,0.0639975587573198,0.0390404221067023,0.0407519728463873,0.0394914209138412,0.0181486646476168,-0.000829961629582509,0.00507116394209046,0.0068570019695907,-0.0136635999117846,-0.0186434031115255,-0.0347131687941472,-0.0318762623227317,-0.0575965676361192,-0.0496981973405801,-0.0332670145135115,-0.033115223301532,-0.00294691181563816,0.0150830828668298,0.035067769739432,0.0698527490702948,0.052885578360988,0.0893972004374583,0.164453314246167,0.227422717279084,0.282045294631307,0.376147707106329,0.430063762042451,0.323759294250236,0.21977625890557,0.102146891207817,0.0618762542312456,0.0391823708551264,0.0101629942487906,0.00427931848222218,-0.00364048026003119,-0.0173972015985795,-0.0299298021311884,-0.0371829283261789,-0.0439045523686079,-0.0461875813783189,-0.0589195563404353,-0.0494342726636407,-0.0427396943907163,-0.0428638502474921,-0.044210371886649,-0.0507440913410466,-0.0346391970440685,-0.00678893835653841,0.023278311811038,0.0676096167268381,0.0498865661226943,0.038726050216155,0.00715122979453722,0.00113306449413651,-0.0278466423435199,-0.0291835929853265,-0.0360370355343282,-0.0491051176927058,-0.0508623500081165,-0.0666296756287301,-0.0583582499280151
"35",-0.0150837382023706,-0.0240737041264641,-0.0172288072185368,0.0031024546195166,0.00836652609886101,0.0375743176647211,0.0802436182846046,0.129288015242856,0.132183740404087,0.100208019211877,0.137400414965046,0.102713855917715,-0.047631463456757,-0.10947298333488,-0.17487427834715,-0.17288780053686,-0.190487314811374,-0.208414920606662,-0.180027947418063,-0.15972431477488,-0.133802198505896,-0.0947587795585865,-0.0513555623842878,-0.0102959272850741,0.0144202530554036,0.0249720353860616,0.0199189646971527,0.0611134327707971,0.117982219623562,0.213443714871522,0.274451990880745,0.416317621752975,0.490736371755249,0.620443078236415,1,0.573322476934282,0.413602576110491,0.304960815149556,0.209942483074526,0.23633782291782,0.145096556456755,0.0983655919192145,0.0694259395858258,0.0202187908661806,0.0274328268473212,0.0354423688109858,-0.0032274980545473,-0.0275991077789935,-0.012053831050768,-0.0267853387138211,-0.0428805947292897,-0.04138337257792,-0.0410960314684623,-0.0560234789527968,-0.0392639921570479,-0.0299136895167428,0.0147610321679777,0.00882804707574125,0.037656947252095,0.0543538801780785,0.0385117406902368,0.054733188190178,0.0780837003205529,0.0570256451234346,0.0364491991382718,0.0644003029019836,0.0674371355296345,0.0294528130354093,0.0222812154053306,0.0520875770795068,0.0337850849337068,0.00448134607734513,0.0228935180864711,0.00282010085066366,0.0184747952650494,0.00495773186265992,0.0276115874143332,0.0229692654382456,-0.0311086054638074,-0.040095552888591,-0.0062289992121874,-0.0114089208524163,0.0252634441631764,-0.0118820897723732,-0.021488867476273,-0.0671373999276346,-0.0584259334889687,-0.0595769938806379,-0.0621730740207128,-0.0813299094908195,-0.072633414910331,-0.061535626290626,-0.0404418848324397,0.00531414923008188,0.0531026433792133,0.0988676036149231,0.124063692490799,0.193162854053644,0.183217385874778,0.118386959000815,0.175655147361022,0.228887014504543,0.14854849862874,0.0691675642542591,0.0128207739589543,0.00244862256456539,0.0449075206393875,0.0278603772283527,-0.0172869104722836,-0.0385963000899417,-0.0438342175659488,-0.0647352852368099,-0.078840652775409,-0.0831270879993449,-0.0710161488337359,-0.0372993415190026,0.000906829945654377,0.00634265675196072,-0.00792559714462078,-0.0380206362319515,-0.0445005429204715,-0.063419596277117,-0.0918103463265758,-0.109078327230501,-0.105976880376644,-0.0957897004797388,-0.0926029733463743,-0.0853715728131254,-0.0863611513237804,-0.0821985987253021,-0.0826198579034513,-0.0884912353308494,-0.0647002232108822,-0.0506521329256119,-0.0335032942583673,-0.036447820239965,-0.0307670926516375,-0.0378310267536563,-0.0568323047448018,-0.0573230640196743,-0.0439964630831448,-0.0605367755283458,-0.0809530181178798,-0.0668644344531419,-0.0552558672831515,-0.0801073843798093,-0.090323903531807,-0.0745629459066293,-0.0666841970379602,-0.0386691735268976,-0.0272073208104942,-0.0331914937970894,-0.0194437602998503,0.00961083883121222,0.0368041809700748,0.0790262735063009,0.118378242755404,0.112318303089183,0.0826580978826627,0.0678733601485441,0.0611511623499485,0.0552406546739813,0.0360268924037875,0.0170110351199182,0.0198350432092417,0.0194751602997154,-5.93085026087683e-05,-0.00521118709573538,-0.0181758128049283,-0.0135241274219018,-0.0347629611901459,-0.0299130853733069,-0.0155085797349001,-0.0158320395064457,0.00720881811661235,0.0206195978880733,0.0309482541853988,0.0610315353950957,0.0383341232243945,0.0680149410004005,0.13087934578086,0.184983896678022,0.22647551454823,0.319379928210133,0.349722799659878,0.299649548042177,0.203123327929233,0.102413299789752,0.0603073183210167,0.0306922756674364,0.0059398112989661,8.93142950611764e-05,-0.00574916290024949,-0.0171148987926439,-0.0263780980437342,-0.0308579695505063,-0.036065201534835,-0.0372026331994716,-0.0457377183577509,-0.0376259885110229,-0.0347470817964007,-0.0349309954642777,-0.038255160157358,-0.0462136926379447,-0.0305159093867841,-0.00533094556587294,0.0240424141339565,0.0657663691089672,0.0442372903029273,0.0299546419100928,0.00104446883695322,-0.00200849561498688,-0.0242391807235763,-0.0207878656742249,-0.0260596309068525,-0.0341610668400375,-0.0372869638993281,-0.0491197614756179,-0.0448293648392041
"36",-0.0186653927046295,-0.0277264875833384,-0.0207656406769715,0.0015009117455437,0.0175008698261564,0.0534338294501572,0.118520780232397,0.173864270253682,0.176827612299622,0.123866298461931,0.142738089405714,0.104316468490999,-0.054907648010439,-0.11162029787163,-0.191264557333077,-0.181729529907795,-0.210970822702387,-0.232320941477164,-0.211988807610466,-0.189520661409576,-0.153249273902162,-0.107640315643333,-0.0623830982729171,-0.0114776387161481,0.0179924296496509,0.0302140179718385,0.0262507415541069,0.0805330075649138,0.127961198318002,0.237663822868015,0.333505814336931,0.481348102241847,0.506156652805677,0.410208120061427,0.573322476934282,1,0.638033521288803,0.421629601902401,0.271906709757173,0.330476853469559,0.190229487141182,0.140751549081845,0.115506427247234,0.0655699970509987,0.058562889890243,0.0601623978245973,0.026432567607733,-0.00466284651865253,-0.00518003074300333,-0.0246153761519259,-0.0376659768874279,-0.0393601216943287,-0.0492939512292756,-0.0680532020987906,-0.0483158854506662,-0.043139660933591,-0.00499759942092937,-0.0147023646885468,0.0149551278586298,0.0352030877057411,0.017122268745959,0.0358019130710608,0.0658310087987701,0.0503198091109505,0.0295791395916571,0.0635497667251231,0.0734582253328098,0.040419365242038,0.0351227910805675,0.0685631728500723,0.0547081013607531,0.0279643612043236,0.0454930911237651,0.0192443933019072,0.0267385972000682,0.00811109828496937,0.0241342363040342,0.0115268500606405,-0.0314487023341511,-0.0460883734257297,-0.0224449416173203,-0.031774203955577,-0.0012198042561659,-0.0269732204168443,-0.0349209871350402,-0.0813449444989288,-0.0785979060854545,-0.0795964184637491,-0.0841720771456738,-0.0983911314165581,-0.0876126971001281,-0.0748831768005049,-0.0532533613857389,-0.0131768994911863,0.0359772411673134,0.0715941682550357,0.0844492299284666,0.151831127627135,0.164575247178653,0.118985393817406,0.185626791417421,0.229056489265592,0.152112692171218,0.0653301297618229,0.011215986803711,-0.0118706861724558,0.0206162708466105,0.0119162426136722,-0.026295993560503,-0.0568455578028732,-0.057710055641276,-0.0774955170684148,-0.0955036822862007,-0.0969099542196514,-0.0841107768634653,-0.0553287045047863,-0.0191741684854139,-0.00947511654168012,-0.0162806620902572,-0.0367896620216377,-0.0438977052584232,-0.0647824752200764,-0.0904366300496367,-0.107406729104619,-0.103530150672039,-0.095701915502511,-0.0930126116932827,-0.0847065285046757,-0.0901677034691552,-0.0859833012911563,-0.0884813708664185,-0.0955244125745073,-0.0753065726366407,-0.0567513149703784,-0.0367291148308178,-0.0351427390504924,-0.0276867228861205,-0.0353940851915297,-0.0571383243050776,-0.0564792056081032,-0.0397605446866557,-0.0564133344568197,-0.0793973761027388,-0.0636686511929118,-0.0485716934834968,-0.0763957701636869,-0.0912110444868524,-0.0801388069663632,-0.075444458961098,-0.0524756018206645,-0.0356796646120606,-0.0414227334526284,-0.0280613762773436,-0.000478852613062173,0.0307714960654127,0.0680235096465303,0.10275112649842,0.0934495240154781,0.0609578308086683,0.0463301893457491,0.0426659994952109,0.037252195766549,0.0173049296964574,0.00159210609233839,0.00762575964714748,0.00643782828144224,-0.0126614560725946,-0.014294583187076,-0.0268363756250085,-0.0180817087661136,-0.036561941659083,-0.027751834665947,-0.0102974870596177,-0.000251988671414832,0.0305769217149147,0.0570657799224777,0.0734726718254483,0.108442433073584,0.0806522131275219,0.105185089230993,0.165458602787199,0.231982924509798,0.247752870758611,0.312811737933566,0.303583840300618,0.273090675084888,0.181752005834747,0.0874835471215253,0.0507830129542165,0.0264198161856727,0.000420040392926125,-0.00431724225837524,-0.0100410939564543,-0.0217989195023702,-0.0308579565144243,-0.0342642161975939,-0.0345780031902626,-0.0304847492177236,-0.0379620493974338,-0.0248395178303474,-0.0177855362038323,-0.0144472334824693,-0.0177147513684331,-0.011256430129057,0.00689255008216403,0.0420141540371282,0.0671964010057621,0.101446406395793,0.0823738025453922,0.068104165954207,0.0461278239181348,0.0404959855593882,0.0104688508885251,0.0100186893414734,-0.00446671584412754,-0.0195401531655504,-0.0316323781521852,-0.0476164687305273,-0.0487927937506647
"37",-0.021982279539915,-0.0301965421973401,-0.0188825458626207,0.00975373711273115,0.0400534660446544,0.0889392385875557,0.186757666359474,0.264289541008595,0.274571412652355,0.199350512052497,0.200460285263919,0.1544733742134,-0.0564713199183447,-0.124627103635998,-0.227543307965606,-0.216808836475858,-0.255351394779349,-0.28364116502396,-0.260871571821816,-0.237388759256241,-0.190228721869074,-0.135185419725554,-0.0767737204129094,-0.00592697459821088,0.0347125571517254,0.0578905405963896,0.0615942616204625,0.141761616048944,0.190061455261231,0.328964699274453,0.424627240369134,0.630926064190852,0.539578820519795,0.3547599906747,0.413602576110491,0.638033521288803,1,0.669944731874523,0.461033122894446,0.516411052337428,0.286826545831556,0.20504400605138,0.171227372479242,0.112958237502878,0.102115715090212,0.101709870078088,0.0618254081006805,0.0245500037989685,0.0150339257718452,-0.0125939909534578,-0.0256360549210444,-0.0282295587963925,-0.048872582898585,-0.0752455151671347,-0.0515550236274308,-0.0519471260896223,-0.0209878576518311,-0.0315450056830491,-0.00319342199365854,0.0150226149673065,-0.00489718277703999,0.0171971726933664,0.0463205480244384,0.0317746633283758,0.0149488693476928,0.0528221285625065,0.0617362623036453,0.0325250133656779,0.0340066863125012,0.0677358291135768,0.0549590865816786,0.0342692869829212,0.0534764027771751,0.0278903446798316,0.0321133216184678,0.0138271500224156,0.028932752139996,0.0161547672458458,-0.0152453043355839,-0.0315954925674053,-0.0176043487849266,-0.0317637250626204,-0.0106356456128467,-0.0270226956096674,-0.042438294510762,-0.0876804185067638,-0.0875031390901045,-0.091839004995397,-0.103243903390382,-0.117149283743911,-0.104978242369061,-0.0950938315131194,-0.0734262436696747,-0.0406513905670088,0.00727971267841673,0.027801220541484,0.0207339501864077,0.0883412058507707,0.104705533854291,0.0493993972628445,0.102197035772408,0.155399676265982,0.0874868369522942,0.0176180339056784,-0.0326098240462919,-0.0547685419623115,-0.037357521606816,-0.0475061634353141,-0.0723280791149954,-0.0941277721924614,-0.0835959547988827,-0.100945813385232,-0.121837343672316,-0.125661415379325,-0.118736482943859,-0.0942452570283904,-0.0667201157199899,-0.0487144207449319,-0.0538357354548361,-0.0634437048359663,-0.0713414282581488,-0.0966971138696542,-0.122329953139006,-0.139984120599842,-0.134456378189498,-0.131156653502158,-0.128992472182651,-0.116485416553204,-0.127738201316224,-0.119939287578893,-0.123996990469035,-0.130658349066566,-0.115392253996802,-0.0871491419790063,-0.0660769378296052,-0.0519877708503034,-0.0371528478939212,-0.0449710380336693,-0.076275640856794,-0.0710190777834102,-0.0482037394526946,-0.0670750801441217,-0.0926663228149555,-0.0721002501982203,-0.053101484980301,-0.0815392128905631,-0.0982482076163789,-0.0876356519849388,-0.0883794885331626,-0.0670143522132007,-0.0458734115208689,-0.0508498141711405,-0.0339311590410017,-0.00375140195282355,0.0287162078418329,0.0706383670229051,0.109646607556356,0.113686800523943,0.0754654351759221,0.0512225675310963,0.0569680372457651,0.0529345021521412,0.0266300922048101,0.00795369367542452,0.0188004925040161,0.0172958743216331,-0.00551036267575878,-0.0061348779538217,-0.0225408655350364,-0.0129136777224935,-0.032765595142173,-0.0216713906891082,0.00323503491838227,0.0213096887995801,0.067205598499676,0.110694994397835,0.13903827924429,0.186931135210227,0.14811559044911,0.175588483503723,0.258020415713263,0.364088684064377,0.338720921768383,0.379517744660245,0.305900635293059,0.326532139878716,0.242931010431068,0.141729075390543,0.0850012104094019,0.0475218063157304,0.0105497184092008,0.00353242942026336,-0.00242474971846585,-0.0171228165690695,-0.0271804800828614,-0.0288139309772564,-0.0268433511615538,-0.0224561662931815,-0.0342265359852195,-0.0197896115365055,-0.00777886889738094,-0.00333301649567615,-0.00574045798322861,0.0183439183804734,0.0400758125546315,0.0898080126131949,0.112903821295255,0.149817252256246,0.131059633768,0.120478303338134,0.100735507651712,0.0926611353379953,0.0472129023766545,0.0411943387684097,0.0175039471974298,-0.00679152689775775,-0.021245915430385,-0.0431663540276111,-0.0480663003756381
"38",-0.051440505625128,-0.070654634681719,-0.058659962321139,-0.0271685816754324,0.0121504620973412,0.0714437532623855,0.182151369884615,0.292222255383451,0.350868822340306,0.298438297979784,0.300987385820137,0.257152153640434,-0.00600674063272404,-0.106220033117606,-0.221507677597113,-0.222403536475548,-0.264656176750506,-0.295019932274014,-0.26713387227526,-0.244342007287047,-0.19057672348154,-0.133457576155351,-0.0596507481829667,0.0240732895612269,0.0669616767092396,0.0969060481358753,0.116403066788029,0.20735826459976,0.234814285313157,0.379793549907335,0.403652157856671,0.576204650768227,0.576770992966788,0.340491213318721,0.304960815149556,0.421629601902401,0.669944731874523,1,0.547666637054337,0.46794718118822,0.257539426026073,0.198376523091004,0.161707684592303,0.0904423929746064,0.0790647526982289,0.077403603026491,0.0280138498256216,-0.01553687281695,-0.0212592732930392,-0.0530442888325829,-0.0693654440247709,-0.0698621212878864,-0.0890608625006428,-0.118891252324244,-0.0844507640447016,-0.0840368815402423,-0.0408322197236788,-0.0407638476881079,-0.0118899599518151,0.000166487652559246,-0.013532278588638,0.0245264972512199,0.0409853528730948,0.0193604297363375,0.0245223805528778,0.0691544344713711,0.0582251005747669,0.0295292295840661,0.0565535478219458,0.0836051435069237,0.0562545349451074,0.048407089410396,0.0794749499125469,0.0646854339434696,0.0742459480328827,0.0570890063742871,0.0832366076484872,0.0849281761024026,0.0500805577740884,0.0359985012422871,0.0466025799889436,0.0249514128878276,0.0439903252784112,0.0334939389932102,-0.0093582208287281,-0.0634371156694576,-0.066105722492597,-0.087161801944862,-0.11963530058389,-0.15307149040079,-0.152834161431893,-0.140456454950058,-0.118283598054909,-0.0889885070882381,-0.0419249280907471,-0.0214558195053221,-0.0323909101880458,0.0368876934931398,0.0441510751392319,-0.0123835164403056,0.0384812512503622,0.084959583224027,0.0278091580631946,-0.024413874807162,-0.0630916593159365,-0.0779830121843108,-0.0718767441819386,-0.0832983170496202,-0.107886347998135,-0.128348963148946,-0.115447415649545,-0.136779159192528,-0.160426206526649,-0.165840000885961,-0.159617610322816,-0.140618162441888,-0.11626205243971,-0.0912431820311911,-0.0884808024627619,-0.0886747062536384,-0.0941105353097495,-0.119080861545811,-0.144208079477892,-0.16091425535336,-0.151437590132684,-0.151330673624053,-0.149778399628538,-0.133844321900426,-0.150831364581774,-0.144463919935802,-0.155194943235735,-0.164187152038382,-0.151344554356914,-0.116360920665916,-0.0953372877741351,-0.0742084174108249,-0.0561625983276094,-0.064039808409269,-0.101021009851145,-0.0946833434009994,-0.0669031700022823,-0.0832169654831304,-0.108274554032344,-0.0870150128321198,-0.0592747528672584,-0.0816840260607286,-0.10024909927408,-0.0874897700083318,-0.114311655283842,-0.103767472441216,-0.0858657362496448,-0.0941796013233075,-0.0809353297742056,-0.0477368136680252,-0.0124120920237475,0.037103949660731,0.0837580805165959,0.101404846609219,0.0582703769735004,0.0205984286274261,0.0336875470562841,0.0346845113387058,0.00282305128874519,-0.0198640860371086,-0.00438437846691288,-0.00290183104974847,-0.0298132817867303,-0.0316351011079416,-0.0527012388747645,-0.0448711252117316,-0.0673173234741033,-0.0500804249602446,-0.0217918421822124,0.000581533859537448,0.0578501255588184,0.112468984494976,0.17265287561764,0.234527144006937,0.219197008904657,0.258751067306763,0.371273305217372,0.473278512381327,0.449778369622871,0.469897479284007,0.359658744072886,0.327274635646542,0.258446495470419,0.151810948690659,0.0877375037944244,0.0588134620398467,0.0147022930165468,0.00462215604810755,-0.00378305895073312,-0.0218058685944284,-0.0361297966096574,-0.0402253487993227,-0.0380651672536355,-0.0320495518600734,-0.0460794759144265,-0.0284508231937726,-0.0113615243662169,-0.00556928088203105,-0.00602337057136201,0.028980302370041,0.049827886030924,0.109686212980373,0.126760976400309,0.162431662851346,0.162308117895696,0.160212017227359,0.141515640766466,0.120051155170006,0.0583849185221236,0.0389760569020307,0.011381366313307,-0.0217736549872852,-0.0389949858494278,-0.0662528842401484,-0.0684701796539818
"39",-0.0434342306214367,-0.0607946378713466,-0.0529434347892159,-0.0289120440460127,0.00691463375020547,0.0552107291468674,0.153469198594034,0.225731081865613,0.287477717020282,0.222666021702788,0.202726156766888,0.173459408084934,-0.0277821594685652,-0.0943747062917904,-0.197929032633305,-0.18830378745007,-0.230671193536842,-0.256583227554825,-0.241209828475367,-0.219767832223653,-0.170888345254231,-0.120895703756092,-0.0661321230146415,0.00300508989732042,0.037049850433386,0.0504902832174102,0.0675190335977306,0.144664814852889,0.139302854641495,0.250724028727715,0.25065385145897,0.371260490246458,0.383751501172322,0.23594354849587,0.209942483074526,0.271906709757173,0.461033122894446,0.547666637054337,1,0.617967482659366,0.3422128625847,0.254999669431532,0.225913757694817,0.155442625551237,0.126803848859612,0.12793410624728,0.0896869619152067,0.037083492009536,0.0133924120975286,-0.0155262882284365,-0.0296111921807826,-0.0371665906100699,-0.0648440466569696,-0.0944486261026514,-0.0675118203230615,-0.0728264994172246,-0.0466733714274332,-0.0512717690956079,-0.0276252587400765,-0.0133470935548578,-0.0263410699698336,0.00571657561379029,0.0264559647059985,0.0158306536877415,0.0189865911753413,0.060372115832782,0.0601641512893689,0.0424575369740404,0.0644235459010448,0.0899158105711242,0.0728536514772053,0.0680661634428447,0.0911848906132224,0.0716044268315288,0.0697816461562894,0.0493370089425902,0.061678460155856,0.0533105303636445,0.036711198515945,0.0190055938095186,0.0167667660962354,-0.0042875103100089,0.00562543644934519,0.00995040123889849,-0.020030667034592,-0.0640531510843752,-0.0734594461075152,-0.0902027356247805,-0.115534469710986,-0.135966287693947,-0.12943740192573,-0.120597448116698,-0.103073855585555,-0.0831308629990455,-0.0481174218632742,-0.0327963740116181,-0.0399108488789118,0.0116385056712659,0.0124633568192526,-0.0288589711313372,0.0130830816721945,0.0458368128261029,0.00695314849843667,-0.0297501009203809,-0.0601666410903918,-0.0756549066884856,-0.0765362402409862,-0.0859896996311078,-0.101241506111769,-0.117368014469863,-0.103327247354848,-0.123141568516038,-0.141708810557675,-0.144530355067732,-0.139713186220999,-0.120906715129915,-0.100809044447017,-0.0734459032030972,-0.0665146976769548,-0.0589115249434144,-0.0674018859434107,-0.0912012657352224,-0.109964077217013,-0.127171653924576,-0.120149993392675,-0.121885422248446,-0.124078009180021,-0.113944279960056,-0.132191161275911,-0.128519096671512,-0.13329370174836,-0.136799867118282,-0.121447802886344,-0.0874585936978119,-0.0673846593467574,-0.0496678584675191,-0.0353667586879032,-0.0396726172267722,-0.0696218276681939,-0.0660555074677967,-0.0409109021089388,-0.0533301127058078,-0.0773556531307621,-0.059662445422586,-0.0347295893187381,-0.0569986835630695,-0.0778488900000347,-0.0714171262044176,-0.0952135396536071,-0.0898749555535239,-0.0708464779035442,-0.0799430838739182,-0.0712178366725927,-0.0496047268167394,-0.0215026767407015,0.0100011395046338,0.04023281346653,0.0458772609241964,0.0168103353569843,-0.0108461914049978,-0.000457236579995014,0.00108025254370497,-0.0230224587993858,-0.0376735780825653,-0.0227829646269765,-0.0213788074318108,-0.0418328860305788,-0.0405815208270045,-0.0564691510781075,-0.0476344750183575,-0.0616156102059351,-0.0450585315303761,-0.0224858261833425,0.00261591623985767,0.0505878156863795,0.110397224942889,0.167036203905588,0.232846887350899,0.214745606390029,0.244310848330262,0.297466473289894,0.388674257200063,0.32935042573265,0.305318348755555,0.230901268108096,0.193527569288854,0.149199485338362,0.0770754662490706,0.0360572586846326,0.016470572037797,-0.0114175413714461,-0.0184855105979135,-0.0228259575749893,-0.0350731801051554,-0.0460993469982407,-0.0482289850816953,-0.0387597159939371,-0.02872282966128,-0.0354325959582827,-0.0174273343936863,0.00106414247596558,0.0121312456333335,0.0187377473803996,0.0677698412244123,0.0931342306596982,0.16111752258589,0.176103217277401,0.198707532944233,0.19248419021349,0.185577967410366,0.173923094852343,0.146949310609693,0.0831036558104234,0.0528176682663743,0.019174757599632,-0.0144554678831584,-0.0365728754943702,-0.0603578728754184,-0.0684525855840918
"40",-0.0235708996111482,-0.0385377644434084,-0.0344130535028914,-0.0125418406597759,0.0116316108088965,0.0557137788772194,0.141882816287866,0.179789206377561,0.221346012901166,0.1490946614869,0.136632254626545,0.11524076150933,-0.0530576735553923,-0.0988103949543634,-0.197112644150745,-0.178355206577761,-0.22199225391352,-0.246506477333633,-0.238479879475916,-0.215734748970834,-0.169359985464645,-0.122145416999905,-0.0849555059613197,-0.0310966814794131,-0.00110045521386463,0.00420879013700319,0.0128718065427917,0.0744747766433345,0.0924074531791304,0.203585239876054,0.24392547764462,0.358253041078084,0.336867594808205,0.222471252756874,0.23633782291782,0.330476853469559,0.516411052337428,0.46794718118822,0.617967482659366,1,0.493731576613869,0.349587939768305,0.306606379916657,0.241142325132024,0.212659520694608,0.206651844260338,0.166329745555524,0.107460163537856,0.0689223951164615,0.0340777013816801,0.0221810234831874,0.00686056439659713,-0.0327279101601093,-0.0642506042028912,-0.0374994690528315,-0.045005444382739,-0.0169708635593477,-0.0307551237654778,-0.00289671863621744,0.0220899402510706,0.00352239963634342,0.0292965250192719,0.0638772652251727,0.0562899473809777,0.0435773291768758,0.0874111454227292,0.100918823070418,0.0759361686545377,0.081816403922051,0.117081830683507,0.103221270617815,0.083877838780341,0.103585655500786,0.0702541571732762,0.0655717729810635,0.036532094400323,0.0415140390717069,0.0203662539818655,-0.00341871863250728,-0.0265927846609311,-0.0237954100627494,-0.0415925768163412,-0.0217472531271493,-0.0211436876830651,-0.0325434630766716,-0.0819312714404433,-0.0934289411053847,-0.10213298940718,-0.109893163919511,-0.121794914399431,-0.103408143595679,-0.0991945781485476,-0.0810446773643948,-0.0576756700908292,-0.0216343142489756,-0.00298869325221189,-0.00861889351121844,0.0376638008755627,0.0403348744711355,0.00418460972627409,0.0480671404732756,0.073896965140702,0.0349716203436888,-0.00876660745246836,-0.0412366752160668,-0.0626390626062559,-0.0603792419869528,-0.0658698035820561,-0.0835068560278949,-0.105852509278136,-0.0940924275897148,-0.112595447996518,-0.128410407013783,-0.130049414026209,-0.124242040759384,-0.0979604263075608,-0.0752379987234171,-0.0482660646233391,-0.0463896288608936,-0.0437138908726359,-0.0576182075732008,-0.0841251617686605,-0.102167717441366,-0.120988736741454,-0.116960545553016,-0.119088964156433,-0.121557985485603,-0.112455112389684,-0.129510465972028,-0.122709301131776,-0.12362072565032,-0.12277976870383,-0.103295592341143,-0.068714984036482,-0.0474339755871489,-0.0356980391011158,-0.021880751473367,-0.0252664990502406,-0.0542986599943538,-0.0506688533712546,-0.023032789397765,-0.0402681402928539,-0.0697644103583566,-0.0462016471932806,-0.0232492455160906,-0.0575213638940619,-0.080567894120674,-0.0703199759652253,-0.0791456004298219,-0.0612589871326787,-0.0412092849652887,-0.0546125263174979,-0.0465841052887955,-0.026572559902901,-0.00077017033212992,0.0280897625531762,0.0546025556434616,0.0471956813143156,0.0240564389547474,0.00576323003202865,0.0088574053106084,0.00774575357108725,-0.0121160238540669,-0.0242546543442501,-0.0127412860435826,-0.0119666796973932,-0.0303104368475408,-0.0286503787024365,-0.0429427954758991,-0.034433299803036,-0.0519333800500577,-0.0426715489048882,-0.0247591083099147,-0.00931061597827239,0.0280177022566946,0.0817505430520716,0.104279819927045,0.184570578462303,0.14020941365437,0.185850416768581,0.227791115320915,0.315258600485477,0.262418094446952,0.250894018511384,0.192695927924945,0.174931731342778,0.128321093528625,0.061580486985283,0.0268746309392883,-0.0068220641783772,-0.0293797023822343,-0.0344601306670799,-0.0387241217578771,-0.0493244817157267,-0.0591525528572176,-0.06166124839817,-0.0511076134911718,-0.0435788528458293,-0.0485918102239324,-0.0327997556995007,-0.0240903424368217,-0.0144369759749071,-0.00598411373050167,0.0264409994517475,0.0705265635772021,0.147687516090496,0.19500676883007,0.231579973254185,0.189881846606493,0.163951245149968,0.128804599922203,0.105973912919667,0.0436754119039461,0.0167469082547931,-0.00971403776429548,-0.0323006889925509,-0.0496874099225825,-0.0694480709941401,-0.0765471214272796
"41",-0.0089501655514085,-0.0218748997921192,-0.0204498399806307,-0.00694956933363727,0.014764523687089,0.0447368727817286,0.112584469356702,0.104167180671851,0.121904081374814,0.068683474148085,0.0654696484429839,0.0576806537071259,-0.0480949798922373,-0.0707972221884487,-0.152263183349771,-0.131439550595573,-0.17122147300719,-0.192599514174483,-0.19526494865621,-0.178699397612497,-0.13972335930745,-0.102893607416862,-0.0809812901848277,-0.0374447319414493,-0.0158127925336813,-0.0173094370473877,-0.0163982902248213,0.0282599563835234,0.0339497513132781,0.105819144801228,0.126111087875462,0.198136332133477,0.202327788386164,0.146042177771481,0.145096556456755,0.190229487141182,0.286826545831556,0.257539426026073,0.3422128625847,0.493731576613869,1,0.502823371688892,0.389150616485085,0.289452492202577,0.28421831839281,0.289374279664326,0.212191934851994,0.150415667971786,0.125749194788003,0.0850076084234242,0.0611804670095582,0.0461081456654313,0.00964418328285095,-0.0223775488210882,-0.0136959448848306,-0.0192376448455335,-0.01159702448072,-0.0264904249028833,-0.00756430090522572,0.013228751501549,-0.00273652257176765,0.0113580614305358,0.0428071137391677,0.0430681371233584,0.0270691537347578,0.0588712105909717,0.0789888353831298,0.0642923721462943,0.06096100236704,0.0901017571441254,0.0876046585684532,0.0711391252823503,0.080443025329364,0.0492460962869914,0.0386652234611089,0.0142225669100021,0.00803516529417542,-0.0176992560994007,-0.024722700498332,-0.0457246749260078,-0.0505717205237571,-0.0630560280683812,-0.0527729363804856,-0.0446712708105537,-0.040996637719787,-0.0721392796395523,-0.0840073656305587,-0.0841052563621276,-0.0810879700570537,-0.078496831468572,-0.0567379145261402,-0.0602388643615207,-0.0509939735005325,-0.0428081034707053,-0.0235608926866857,-0.0160522306817228,-0.0215979811010054,0.00930480384940229,0.0111509813763679,-0.0103824643822274,0.0168752513122044,0.0347878763364661,0.0218788735356266,-0.00300698884331199,-0.0258500861148853,-0.0400937721502477,-0.0390431473149773,-0.0463327219349973,-0.0575621402851188,-0.0710368549043896,-0.0585707041598296,-0.0752280685087647,-0.085363843146431,-0.0880392641095541,-0.0876901571103018,-0.0697097406905564,-0.0587155141216242,-0.0395457888526414,-0.0378127652872391,-0.0322945256973633,-0.044201223015105,-0.0649031181068095,-0.0766753941276478,-0.090125716051715,-0.0881996377664021,-0.0910992063296124,-0.0923962048054786,-0.0846305853762603,-0.0966722278367385,-0.0916495289422383,-0.0905140408866791,-0.0898514184619042,-0.0765850398478863,-0.050271085560685,-0.0356167050249519,-0.0241725610692887,-0.0119683207911491,-0.0109482508707387,-0.0320628215612359,-0.029085809768015,-0.00721505490820531,-0.0193121887055225,-0.0430840108714406,-0.0247693289674882,-0.00875699781766237,-0.0366733525523712,-0.0558943031037735,-0.0488047409399662,-0.0468942866116898,-0.0307845891684401,-0.0145708022128423,-0.028277245495678,-0.0231932006352584,-0.0182570710585272,-0.000982024745826787,0.00886078725295464,0.0204300206858061,0.0143873345607019,0.00254097120496054,-0.00839244982168134,-0.00680976911056289,-0.00674260737350239,-0.0190401189986605,-0.0271074765890897,-0.0189199635128772,-0.0176562809397001,-0.0297093432015441,-0.0284577188999176,-0.0373519681278735,-0.0305124972053737,-0.0391905024429473,-0.0312814867761577,-0.0179901125405879,-0.00068838101237219,0.0281670779155258,0.0794976004911208,0.0782326581980738,0.138540440522638,0.0903889887291495,0.104652462739516,0.118808225850748,0.185476901074364,0.156986411248911,0.146639751274161,0.116175094813663,0.0957109845011475,0.0602547941120126,0.0165727172155112,-0.00301645185640404,-0.020600920467438,-0.0316883587409469,-0.038829196447715,-0.0418424532605972,-0.0486531950703571,-0.0549258408597889,-0.0576725392743177,-0.0444080745193324,-0.035963913274212,-0.0395869024094784,-0.0263333145577615,-0.0110127816893313,-0.00139556700753755,0.0208600157275748,0.0632620461349421,0.110303756072814,0.198403479339701,0.2430488894815,0.285279187855851,0.217782309673432,0.169343025500125,0.140646755271309,0.119063838001173,0.063444564790306,0.0334885824931757,0.00252950868029521,-0.0234493658929656,-0.0404995209736307,-0.0564921936168251,-0.0660901601456314
"42",-0.0100432620920137,-0.0193349935575034,-0.0121007781037144,0.00822964016608752,0.0398088508303533,0.0814409073727217,0.170222038801202,0.135195808370418,0.143161811893967,0.0832661874739074,0.0580719888771409,0.0371386211282586,-0.0679627805358307,-0.088933578466479,-0.19301114460782,-0.162369192375277,-0.214437899763855,-0.239647445794429,-0.247624880647825,-0.224496612730589,-0.172758731995913,-0.121868269222413,-0.0881391087912795,-0.0245759373674823,0.00569229585887268,0.00112714192156765,0.00500361289267905,0.0627256053882757,0.0477106233204397,0.101940037195913,0.109640838968132,0.148546552059708,0.151778642025434,0.101445581049052,0.0983655919192145,0.140751549081845,0.20504400605138,0.198376523091004,0.254999669431532,0.349587939768305,0.502823371688892,1,0.691679141673151,0.494272660472345,0.496978921547221,0.48087480951767,0.342496803018032,0.237876333954248,0.220313239008623,0.158859296577812,0.101603946156438,0.0729289594757229,0.0436194332601904,-0.00201723543095088,-0.0139085214468008,-0.0205913139467353,-0.0292287738945925,-0.0481606307551298,-0.0347815193718416,-0.0156314503819298,-0.0330234634199774,-0.0217093335885855,0.0106460691969608,0.017460565635781,0.00172779652408431,0.0334229520770706,0.0589788954055511,0.0533196784168957,0.0509343697809765,0.0796129695257522,0.0852098113429433,0.0752942833676526,0.0808596132662344,0.0487927258523109,0.0303736674707812,0.00724621967939789,-0.00559266787495452,-0.0369323781013083,-0.0264406867985797,-0.0502029103368319,-0.0674515896747679,-0.0827365995995605,-0.0842090502015865,-0.0637995863327195,-0.0580132253618801,-0.0798697499628651,-0.0953932225355838,-0.0922817475479549,-0.0884034035175394,-0.072283495462343,-0.0449002391808657,-0.0520921531894646,-0.0429120510586218,-0.0429765803094211,-0.0308976661920231,-0.0354820076442619,-0.0467486696047218,-0.0194426424773015,-0.0159360518798824,-0.0383544179038513,-0.0200812694690597,0.000635765295115106,-0.0062496577273168,-0.0271625899204554,-0.0516004975785603,-0.0589159229768908,-0.0579946452443916,-0.0691351602397417,-0.0690381256311804,-0.0694187331144357,-0.04797643462539,-0.0647536492601127,-0.0756129980363926,-0.0807314077899268,-0.0880493878278206,-0.0719931301306137,-0.0680577256485535,-0.0478418462001968,-0.0474861792910319,-0.0358510767486236,-0.0505416176783747,-0.0728573606045679,-0.0827112707326334,-0.0965145513416659,-0.0954644257490473,-0.101701875361081,-0.103841008721603,-0.0957268319222627,-0.107836826550222,-0.0999271996046406,-0.0961781865368948,-0.0936434882248531,-0.0826595385516585,-0.0536378056742308,-0.0411358792972761,-0.0239180016057742,-0.0100056154558186,-0.00832968621952985,-0.0308390851342573,-0.0260952979308751,-0.00446396020597198,-0.0157301058022639,-0.0384922204452192,-0.0203644862998365,-0.0050772084407584,-0.0309321084831637,-0.0509027561772391,-0.0470821763442778,-0.0437825285748438,-0.034282342012024,-0.0125167242798772,-0.0233312901245018,-0.0116260160217986,-0.0107804231285288,0.00801291249959313,0.00542899722403596,0.00819656914796771,0.00462922743343002,-0.00623349313814238,-0.0155618105890856,-0.00930882877869475,-0.0105958015814773,-0.0244444709198689,-0.0316735342796588,-0.0218292522853164,-0.0217511561421346,-0.0338090714865025,-0.0319631172119996,-0.039830978724919,-0.0310716970646096,-0.0314319289790967,-0.0178954487752011,0.00189775189870688,0.0309161692707791,0.0783547097599101,0.154624086304765,0.149072204504188,0.209675465046908,0.151807355664371,0.134706554670777,0.112918858554418,0.143869502800574,0.114906964807782,0.109460606976949,0.0774305823482792,0.0632012103238591,0.0425437971766873,0.0168002072501601,-0.00609351311364618,-0.0195330016773102,-0.0292628818280115,-0.0394512913242282,-0.0400112732056262,-0.0456481247390321,-0.0501408655996235,-0.0508739522744411,-0.0309603062107698,-0.0176649293496547,-0.0205983276415662,-0.00559160284990688,0.0162303091482618,0.0332190084844344,0.0563470229628761,0.127275408960562,0.196826209481718,0.32050154447855,0.408477935136196,0.438858905162351,0.325628696351028,0.262110862733448,0.236040842995491,0.212910236007392,0.134733071071038,0.0943474015474989,0.0436570515523186,0.00284237497972562,-0.0207627218131381,-0.0396045643090528,-0.0578458504551791
"43",0.0124399250822579,0.0131006516640762,0.0201975120548247,0.0399944934254201,0.069976469388837,0.0972079700830865,0.179096694069667,0.110584150471855,0.100439867119214,0.0229798553587637,-0.0139317474941306,-0.0310872889392063,-0.095577987756766,-0.0907195617579971,-0.187803633244576,-0.148130648561272,-0.200867919108188,-0.225586560337475,-0.241678773706298,-0.220148954141233,-0.17142880006459,-0.124517607197392,-0.102400802514222,-0.0458829594472622,-0.0163419953989401,-0.0333813320960208,-0.0364630260024444,0.0192908026743841,-0.001951567358701,0.0457994219633934,0.0727858881730402,0.104824791458555,0.100883633601363,0.0670168944995032,0.0694259395858258,0.115506427247234,0.171227372479242,0.161707684592303,0.225913757694817,0.306606379916657,0.389150616485085,0.691679141673151,1,0.705032266081164,0.467227152867481,0.564252819331617,0.517973352821884,0.312839303964074,0.240441662551025,0.2358096631905,0.169513658030657,0.102687087380477,0.0675115198163668,0.0332686687685653,0.00957496375194021,-0.00937401036067234,-0.0304696026592788,-0.0614565414899543,-0.0494843169606705,-0.0223762366870872,-0.0441080149995687,-0.0439493815220855,0.0011621378237298,0.0188394987667088,-0.0111350454792715,0.0178646294624549,0.0621599725363156,0.0623976767997088,0.0437751344865803,0.0771005996976191,0.097054256395145,0.0819507473206525,0.0771589903685058,0.0349031509051656,0.0060601687251705,-0.0205217268342855,-0.0460644897145493,-0.0917413199946625,-0.0688748055638167,-0.0971174621477993,-0.120311153585758,-0.132842122897363,-0.138924092362298,-0.113543069173393,-0.087744764414326,-0.101067662895472,-0.118993721624714,-0.105614098387426,-0.088680746783383,-0.0528607067198522,-0.0108646689013899,-0.0157681647607685,-0.00770664780463401,-0.0110665863116192,-0.00943621413944142,-0.0196193847813931,-0.033490306240658,-0.0167349101442952,-0.0110535724847427,-0.0256448384501328,-0.0166773267443814,-0.0034144104761872,-0.00373428459658592,-0.0240724964863136,-0.0431488027096522,-0.049969526225445,-0.0477171761449574,-0.0533683377010496,-0.0462976961417399,-0.0474184950376368,-0.0246681356549604,-0.0407678152666764,-0.0480896679927135,-0.0504568636743799,-0.0580417253350135,-0.0393255174827998,-0.0390683621664154,-0.020040079001395,-0.0232693713498325,-0.011127000044491,-0.0304473027977395,-0.0527362676399754,-0.0582066657776316,-0.0713454195197909,-0.0743360963661231,-0.0817367019649267,-0.084564592044989,-0.0786278971262782,-0.0874981556701389,-0.0782212449607079,-0.06990022697352,-0.0627971858781992,-0.0512220698571834,-0.0242724495854734,-0.0132493608673843,0.00338494221025368,0.0159185935737783,0.0197257206173077,0.00124369030626683,0.00420151962494603,0.0232800564586134,0.0107578072608322,-0.0142698342123971,0.00281999700713744,0.012373136897818,-0.0196305882858271,-0.0409945963863358,-0.043725045355391,-0.02624868602321,-0.0152082500701505,0.0158288758615643,0.0130184723395309,0.0273858467832635,0.0209644369623959,0.0347518642396379,0.0144078177989961,0.0047620259722296,-0.0100403097082838,-0.0154176469816953,-0.0121599705885309,-0.00725144789978743,-0.0136606205231996,-0.0230626315536078,-0.0227634934333928,-0.0147524003145586,-0.0186696071207569,-0.0268626157987185,-0.0211886958050251,-0.0237310904525333,-0.00973501065509932,-0.0054861217392815,0.00679635564050337,0.0251607164188727,0.0599221130970727,0.0950820745293081,0.176582611470883,0.140843002229369,0.198759049164748,0.128982121747981,0.103869236192149,0.0564991397410428,0.0880222565641842,0.0515522143683727,0.0479305572569355,0.0166108640056704,0.00931325718754209,-0.0118967493701067,-0.0162662459084062,-0.0307666137585436,-0.0439527528531331,-0.0413424524239685,-0.0516649637062093,-0.0484233501798368,-0.0518195454492939,-0.0524388865130618,-0.0482366987967457,-0.0229677878353468,-0.00464417885096738,-0.00341958375483136,0.0138905586946494,0.0377309299422623,0.0663678181815204,0.0915534832483385,0.171392786521709,0.261228794084343,0.357604459526555,0.424221923054901,0.38058766705189,0.291810103853244,0.267819304370223,0.250659887979752,0.238423080475104,0.163036413958532,0.130244053664092,0.0663200937881038,0.026289569291301,-0.00269082551965379,-0.0208114226850889,-0.0476471258665073
"44",0.0164667859551389,0.0330137748728569,0.0479062553477065,0.0735297927341557,0.11089459972615,0.136550631958652,0.21616213281968,0.13097477380503,0.102298827015522,0.0216921867803774,-0.0353056931080606,-0.0658362968581257,-0.117999028058112,-0.107186392265606,-0.211921189840028,-0.16605058906978,-0.221483973756974,-0.246684628780824,-0.263776379535844,-0.238739468875862,-0.18595848368632,-0.130096500781203,-0.100988168157301,-0.0298926233253485,0.00681418109482795,-0.0107456211556325,-0.0145779502452696,0.0475786400335044,0.0132011151442593,0.0356934406679018,0.057755899825559,0.0517370968175364,0.0273327744927262,0.00732096522402099,0.0202187908661806,0.0655699970509987,0.112958237502878,0.0904423929746064,0.155442625551237,0.241142325132024,0.289452492202577,0.494272660472345,0.705032266081164,1,0.681519067618739,0.478559807113807,0.58075609242571,0.486255777743264,0.292102993041937,0.236744793949216,0.2329337805629,0.162533431926705,0.091371379865157,0.0525140900334358,0.0346800946552366,-0.0105223920073432,-0.0539987919445104,-0.0905681752691072,-0.089037841821583,-0.0690102632786753,-0.092311769291701,-0.10279628680953,-0.0622354977234593,-0.0372960827139436,-0.068958619738346,-0.0498017772648414,-0.00070699865622093,0.0137836640234404,-0.00821842431198224,0.0182737658519566,0.0527286503643836,0.0482232271246717,0.0343236482589116,-0.000104390701316895,-0.0343423824055524,-0.0487679874124716,-0.0763331393286349,-0.120621855354462,-0.0762024742235108,-0.100573713246027,-0.13327215877672,-0.145223009124997,-0.169046950544214,-0.139320676409316,-0.113058576253731,-0.106925825898847,-0.119805537714027,-0.101917453052721,-0.088819109098243,-0.0365847216182979,0.00848027698549476,0.0073684950394404,0.0216829187793731,0.0136015204637225,0.00823180734757977,-0.00691077676135714,-0.0237706940484294,-0.0168595923225334,-0.00756953285673987,-0.0171123279159622,-0.0184161414795499,-0.00860714355710716,-0.00257312420283978,-0.0192474159414277,-0.0353582179506906,-0.0384522526458884,-0.0341875479030285,-0.039129573353072,-0.0262566981497225,-0.0152595781891982,0.00759708960632763,-0.00691557250389219,-0.0124136786351976,-0.0201259282594114,-0.0275842457651363,-0.0141477844503292,-0.0166104770384317,-0.0028812876957193,-0.00798976970218813,0.00355546221733242,-0.0145717047565244,-0.0325665641820227,-0.0351535409264069,-0.0453355109972246,-0.0497312103600836,-0.0573873356228878,-0.0600347668819309,-0.0561560853122243,-0.0603163185328734,-0.0530434074999186,-0.0434591175945869,-0.0361287140385036,-0.0278627130500142,-0.0073097607474857,0.000175948205766764,0.0169427389868787,0.0255692235864441,0.0269985253333591,0.013578032089459,0.0157872223383623,0.0244229511477533,0.0142793681127243,-0.00371070780907045,0.00478383088239032,0.00589019304506508,-0.0170104881179432,-0.0341302056698473,-0.0466069005333415,-0.0267287805036262,-0.0228808217434721,0.0154427874931665,0.0289107644267342,0.0538532098470615,0.0478912345183775,0.0595026305112251,0.0291493834737218,0.0105190147578464,-0.00689525178100671,-0.0123257388665923,-0.00142481804667034,0.00712932892606219,-0.00303052629747578,-0.0124563524851659,-0.0067257724410217,0.00165819267427304,-0.00677079656735612,-0.0117979131593356,-0.0024210564983645,-0.000910360423701018,0.0154963271694891,0.0315578447753223,0.0459121480126852,0.0701807182043443,0.117170582318628,0.156575479975003,0.238694818534838,0.19317676266741,0.216768878896031,0.153834168788784,0.0948419002527286,0.0317704375099051,0.0312649423738724,-0.0130128535370861,-0.0103802905151722,-0.0407996232931602,-0.0291016808607064,-0.0231903809474333,-0.0032872223728324,-0.0216091312527489,-0.0315890890382021,-0.0241989585338751,-0.0340715408983427,-0.0246449527169866,-0.0260377483451948,-0.0218941009737947,-0.0103123777439017,0.0182884764496526,0.0410551431550483,0.0456026469608936,0.0653422888704319,0.0913333284318475,0.128454256111807,0.138909846058817,0.23277211452648,0.305870481092461,0.369171887794562,0.413921866815774,0.32713029660952,0.261134955333182,0.253543835450575,0.277195774273006,0.277600798415762,0.220248342791736,0.204663508210629,0.128850502191029,0.0848284247871485,0.0475945970286014,0.0304570075542329,-0.0049632112828878
"45",0.0256668591576578,0.0491414775993043,0.0678029070132251,0.096970567037778,0.135672696719622,0.157161976000153,0.218861559854108,0.132719795287357,0.0960896028394764,0.0241913402845015,-0.0178704581024872,-0.0506214480622613,-0.115965652964355,-0.11691485902907,-0.222893793443192,-0.18197437982062,-0.23327880753807,-0.260142646343202,-0.269766483378393,-0.245085649961187,-0.194026257757172,-0.135491368035954,-0.101117257113173,-0.0242946748118625,0.0152946140700821,0.00569338268536358,-0.00272559093934164,0.0585552296627248,0.0378150990174155,0.0551843877110461,0.0730360473877819,0.0610970881935168,0.0394289607383844,0.0179508963440409,0.0274328268473212,0.058562889890243,0.102115715090212,0.0790647526982289,0.126803848859612,0.212659520694608,0.28421831839281,0.496978921547221,0.467227152867481,0.681519067618739,1,0.66234803870114,0.477266831300618,0.552328426527309,0.476207342652338,0.294473341062762,0.247308805621542,0.230780193875965,0.166616611576625,0.0869106720963383,0.0564130400522105,0.0184296671696731,-0.0268877550451247,-0.0626827535678805,-0.0655058752826344,-0.0525200755419379,-0.078114560391323,-0.095214303223972,-0.0621935021587888,-0.0430454283001583,-0.0789515616299761,-0.0673205578541547,-0.023339009539623,-0.0136880801597766,-0.0408689517482098,-0.0169404873992282,0.0165008112259351,0.0093562145493003,-0.00515441328514431,-0.0326041935016606,-0.058328484616489,-0.0637730171021182,-0.0841275677783174,-0.120749665381776,-0.0827758120281185,-0.100767094540697,-0.124586947175798,-0.132462564176304,-0.154420445095716,-0.136986531199588,-0.111910035138077,-0.101227474335441,-0.10495474339793,-0.0843205290332004,-0.0678638057140088,-0.0149431641468508,0.0311129369898909,0.0232846116350751,0.0411096015776805,0.0322434307463568,0.0259859249430192,0.0123568425762036,-0.00877942350601913,-0.00212071684652911,0.00707243741977921,-0.00550446169123383,-0.00864672693739562,-0.000932721527872786,0.00486005919144258,-0.0100529029427377,-0.024759944154993,-0.0253087509774003,-0.017813056580424,-0.0236223151706773,-0.0127919905789639,0.00689037540827097,0.0270195151782429,0.0122366962357915,0.0101526137151007,-0.00495272516320013,-0.0124259579366255,-0.00172261331712622,-0.00559358700589571,0.000652728195961046,-0.010111226724563,-0.00728463388954941,-0.0224380827768514,-0.0378676659302713,-0.0428384970583238,-0.0509617276635318,-0.0552478605535892,-0.061732656405916,-0.0618458989470699,-0.0563914913522924,-0.0572321576002462,-0.0481565752347135,-0.0388356616715724,-0.0338488462959603,-0.0278020506093841,-0.0124950143385994,-0.00702534953879805,0.00443151150722143,0.0131550166794823,0.0125760079373192,-0.000853755725916881,0.00420953223354558,0.0100071676599796,-0.00230514065149822,-0.0170251562812833,-0.00744273298872813,-0.0109784225321358,-0.0308014390795354,-0.0421860932611737,-0.0486724781488978,-0.0205739336414089,-0.00611099241253921,0.0286423858336177,0.0433213972928968,0.0750353593680907,0.0728350610111508,0.0798827556465871,0.0534332207437961,0.0369702812226732,0.0236809554162359,0.0179409819281878,0.0288299384073697,0.0362166830480735,0.0258134311252492,0.0169586354412327,0.0211956337988267,0.0267890441036178,0.0174464507751589,0.0137783340239255,0.0221619586739391,0.0240993650465735,0.0386814054808138,0.0526160661904304,0.0629953842504038,0.0894780632349007,0.130433321737094,0.169195836994484,0.236295439820919,0.18104036866067,0.1847976195645,0.11362194027083,0.0610067647569785,0.0178880569679387,0.0245980368297355,-0.00415001450144269,0.00897482739533166,-0.00793197718237835,0.00678208267472152,0.0168339076438611,0.0294577537708786,0.00692262823278701,-0.00694898730923436,-0.00427809115135595,-0.0125236358823981,-0.00523412190891271,-0.00578644188036874,0.000210052324973354,0.0105139653843865,0.0316422577350749,0.0477582299427351,0.0481459339968197,0.0622142952388184,0.0807669612461508,0.109738705243125,0.104117926974377,0.1639663675207,0.212851000261666,0.249119190017902,0.296296148140069,0.236974441839787,0.166583616209695,0.163846851600165,0.186212224035907,0.223919943413911,0.190017074835857,0.192102535442148,0.1255447874693,0.0902079999722801,0.0609530995205883,0.0476115357080914,0.0181014864276686
"46",0.0487302813949938,0.0723761520350732,0.084954163202136,0.109586298862634,0.140591654916371,0.145345912645889,0.180040613954346,0.0868908400011932,0.0445164572100695,-0.02871411362092,-0.0573901883021282,-0.0776613176527211,-0.118043419645502,-0.105471054472502,-0.197827202423577,-0.155333919157673,-0.203676374876766,-0.228532743435701,-0.243335365492233,-0.221544935252152,-0.176811523380288,-0.127321670057192,-0.108377307837905,-0.0491732950400088,-0.0161405270347908,-0.0320310429548738,-0.0471680488981015,0.00279865999782856,-0.00615898195796681,0.0152761809551711,0.0492770161876658,0.0548196957960117,0.0403348473302002,0.0268514471931727,0.0354423688109858,0.0601623978245973,0.101709870078088,0.077403603026491,0.12793410624728,0.206651844260338,0.289374279664326,0.48087480951767,0.564252819331617,0.478559807113807,0.66234803870114,1,0.690780943053534,0.460165792213238,0.537846303573837,0.482587288183879,0.314791926329466,0.231873967616231,0.224932586306407,0.158737390885218,0.0781393481630829,0.0556654800406437,0.0148017554502829,-0.0300934437359208,-0.0298478649577825,-0.00696271552482753,-0.0377610149286084,-0.0637086044250997,-0.0185673568258317,0.00231935218729411,-0.0509206891566728,-0.0393051317735575,0.0175360153156508,0.0178079040052149,-0.0280802348638314,0.00516743996288527,0.0411616166410547,0.0172941408818508,-0.00110097674516925,-0.0414225396197865,-0.0676960075699777,-0.0804971207822209,-0.107992890300304,-0.156229071607171,-0.128431704885801,-0.150115013267064,-0.165649803402454,-0.167783666910622,-0.177541737244087,-0.167064328129134,-0.120521933891051,-0.112731860176233,-0.116647813891601,-0.0854001425577196,-0.0466368268803792,0.0171644543598057,0.0744266892305302,0.0602927689076642,0.0695840871279891,0.0570782088618899,0.0435262854942508,0.0288453009860771,0.00767024718187481,0.00938766808795862,0.01761724312302,0.0101897876934646,0.00654914582148611,0.00607904813716616,0.0127785824179764,-0.00289299871645417,-0.0112568571005204,-0.0151378838932892,-0.00588237185590765,-0.00276070466506749,0.011245167474205,0.023781286702013,0.0436273096713701,0.0343589787950186,0.0366820809482167,0.0234143736817935,0.0120765742113452,0.0238876059306117,0.0157072944567254,0.0183610291604226,0.00184517280019021,3.62500983820686e-05,-0.019004162790088,-0.0350795061487203,-0.0375575491639352,-0.0448612775162928,-0.0524648208581592,-0.0597923747470614,-0.0585533474658728,-0.0523307828132978,-0.0506737061585192,-0.0358108748743761,-0.0225722279119184,-0.0158251785299915,-0.00860208782080008,0.00362061925561704,0.00789672647362205,0.0124953788289888,0.0221557699343777,0.0246941879246584,0.0124922843803303,0.0186062531242906,0.0283776614012068,0.0112618422860439,-0.00878077268322382,0.0084021111752256,0.00216127721176143,-0.0296817635902291,-0.0405775270902223,-0.0410147507488217,0.00712433601895311,0.0347142709998761,0.0688158079059307,0.0781301086200152,0.106530138745897,0.0943596215940748,0.0959122259046859,0.0606011369125143,0.0410748824251249,0.0207460891123232,0.0206970756365455,0.0380055230886138,0.0395222926270149,0.0265305220947641,0.0233929958538975,0.0304350173340436,0.0303900668102869,0.0206054856129968,0.0204826583511801,0.0281915940119641,0.0338020154599887,0.0498200311628992,0.0573731377912316,0.0594324037615158,0.0777679096471759,0.110395697755568,0.128300039435349,0.189377759134021,0.115828397720598,0.127272499221819,0.0449180030995624,0.0153940037998663,-0.0245202217687754,0.00520726412628403,-0.017048585071474,-0.00339434934889769,-0.012480961570614,-0.0018700713165489,-0.00747825817327382,0.00471033281813968,-0.00861956228640551,-0.0281079215026213,-0.0200152156735315,-0.0276748084443273,-0.0237131576685876,-0.0215806618342626,-0.0144133543950417,-0.00712594010828371,0.00982110097670978,0.0211329508610841,0.0221618039512819,0.031521685734883,0.0420939572101303,0.0695168829185547,0.0693576879493197,0.102997727183311,0.168452815538569,0.204074156220361,0.258793117163421,0.208411612493713,0.128657156531393,0.120045078506307,0.117024633287546,0.165232286705998,0.136713194346483,0.144059168275453,0.0821543483364677,0.0590398840139881,0.0385069215113109,0.0313081753696736,0.00717323397551607
"47",0.0655909706076641,0.0982072769230418,0.11121995848439,0.131326636237696,0.160835843893417,0.141275063445136,0.15847496466547,0.0599861039935571,0.00843330658471369,-0.0662698740868895,-0.103472148435916,-0.122278367088817,-0.12907751138216,-0.0957688048467077,-0.184492575136317,-0.134709860478311,-0.185986064105871,-0.209932970923317,-0.235040302659185,-0.214812047171008,-0.170040649829793,-0.12278317418012,-0.114724004765834,-0.0583091673611457,-0.0267099794010942,-0.0478330404811125,-0.0679709165353942,-0.0222485204271488,-0.0369919752135165,-0.0287419541620017,0.014078244436692,0.00598356092904091,-0.0191305385634018,-0.0192517587628445,-0.0032274980545473,0.026432567607733,0.0618254081006805,0.0280138498256216,0.0896869619152067,0.166329745555524,0.212191934851994,0.342496803018032,0.517973352821884,0.58075609242571,0.477266831300618,0.690780943053534,1,0.679780447947044,0.444512913886066,0.524982876081398,0.474747779088939,0.30023317185901,0.221191773410273,0.212696665775789,0.149162618577733,0.0748903698448979,0.0109238966144041,-0.0440799868284534,-0.0520177265021998,-0.0272464706219065,-0.0590010879873599,-0.0984545415723214,-0.0494920539857594,-0.017384538619547,-0.0786401826360779,-0.075821058329198,-0.00620652107256167,0.00570548224691057,-0.0514975572737956,-0.0207459729199017,0.0304070227941357,0.0090501543526144,-0.0207187015336188,-0.0626735823154855,-0.0982273280591707,-0.107234956826841,-0.145190704107618,-0.20137645543392,-0.154536330574539,-0.176814245501955,-0.201935315769739,-0.201472848206953,-0.222688479125702,-0.204278241449568,-0.143829584352507,-0.119813019114222,-0.123544834846073,-0.0821386757906227,-0.0327337127914102,0.0531357068508869,0.118530500125503,0.101973838264565,0.107667273282212,0.0856557579772003,0.0595437209135035,0.0373878704793675,0.0144852116059908,0.00597629718939201,0.0211082467452371,0.0225181210780538,0.00759875990787937,0.00441520464542208,0.0199967550586527,0.00461862463618323,-2.49971786262081e-05,0.000441335057324757,0.0149727573938179,0.0212422832196924,0.0413852992279833,0.0614302457793305,0.0838426731586588,0.083223924193502,0.0859340410796691,0.0660781631383024,0.0492080243468087,0.0549109837072299,0.0406928007017702,0.0374758980167058,0.0187024119287685,0.0177801317574065,-0.00218796904485745,-0.014430811876324,-0.012193192270282,-0.0160015608366098,-0.0265680739862513,-0.0338882780150291,-0.0313032339783047,-0.0269844964280731,-0.0193470115833128,-0.00555498192212814,0.0102957077503952,0.0171996458961841,0.0212822676860979,0.0273086064870353,0.0266863530147405,0.0331493874213531,0.0417394054041215,0.0451474831725526,0.0394303401204623,0.0451928574047994,0.0476775672592943,0.0319004026709962,0.0162410442294121,0.028681704282792,0.0136725201903274,-0.0157833793271448,-0.0230068350896486,-0.0306318899652079,0.0275853030971048,0.0546787075831223,0.0926450362629704,0.111085859617498,0.141169763635674,0.116785871598765,0.113753098772231,0.0634265626054354,0.0342165424150647,0.00591832271608037,0.00859645078845725,0.0360252861051719,0.0379076660336304,0.0205243598475128,0.0212958509211496,0.0363192389005269,0.0343072204098279,0.0206642471563394,0.0252870346882331,0.0367400890774476,0.0481288617103681,0.0679210118289128,0.0820414875394649,0.0828829154746904,0.0998479623472865,0.138901536538212,0.137252205927581,0.186337324429681,0.104216409695903,0.100596449396607,0.0314809414582422,-0.00917233638472584,-0.0657674116041007,-0.0455686717555952,-0.0742989924333187,-0.0614105815780215,-0.0703465233746758,-0.0513770711981828,-0.0496745331755619,-0.0180816920600931,-0.0258661858044478,-0.0416420611322915,-0.0234034387697575,-0.0309550926533881,-0.0231059895738993,-0.0186579942312024,-0.00732651813606907,0.00535105716299886,0.0256390944352877,0.0408571954235657,0.0466440475258014,0.0589007148791718,0.0708513618429112,0.103901650971844,0.0974895683366869,0.13159992669465,0.189188480165908,0.20746619267186,0.246106171069602,0.172003296346798,0.104722099274576,0.109056446078628,0.119166805552381,0.157003476257655,0.147695707506601,0.17251385453407,0.108956666223151,0.0879107584094488,0.0613897823858144,0.0558370724365628,0.0256945812014599
"48",0.0742648667859868,0.120665278785489,0.141462766641288,0.166891071069143,0.201337776784603,0.165152568122522,0.160054599419706,0.0615207819976795,0.00160880791734412,-0.0641432706381466,-0.100818771027071,-0.125015640566119,-0.13562971321579,-0.106634083735396,-0.198943018438613,-0.150651138911124,-0.199441887148136,-0.225182073397782,-0.245616077194122,-0.22586392751366,-0.18124339736826,-0.129486900572508,-0.115787227498396,-0.0490934419270075,-0.0142066459317613,-0.0284069474863094,-0.0527235149759615,-0.00768226252682128,-0.0203035099799511,-0.0261125374663036,0.0114386285684592,-0.0171185257975964,-0.0515020239005919,-0.0477437528465009,-0.0275991077789935,-0.00466284651865253,0.0245500037989685,-0.01553687281695,0.037083492009536,0.107460163537856,0.150415667971786,0.237876333954248,0.312839303964074,0.486255777743264,0.552328426527309,0.460165792213238,0.679780447947044,1,0.667255190230297,0.456256768771881,0.531366860576548,0.463212608751344,0.310682338562066,0.238408051192038,0.213181800467269,0.103685366351751,0.018190064653098,-0.0367924792004858,-0.0578340976941165,-0.0451453341600212,-0.0760455703997114,-0.127032040550373,-0.0911788849273924,-0.0582713176357269,-0.118948704257554,-0.130856776642252,-0.0659767628736609,-0.0459407852368448,-0.105552250921185,-0.0851743984194124,-0.0268534311078391,-0.0399069260319571,-0.0759181651344101,-0.104197715291422,-0.136686523911958,-0.130048439262993,-0.164363044543358,-0.211520209381156,-0.153320131240425,-0.167169221062945,-0.194036521575358,-0.190223438890854,-0.223285676019233,-0.207823371398856,-0.149884615932267,-0.107840610384393,-0.102591217799906,-0.0568012738767019,-0.00685972595314698,0.0883569463288216,0.153849357174119,0.130559169834594,0.14229696628798,0.114398225969282,0.0816504902147242,0.0565967872384042,0.0276192049590408,0.0134620105799252,0.032511435553435,0.0339830552496762,0.00992808832427859,0.00541803453049441,0.0230903833495018,0.00798161120255441,0.0046042088672167,0.0106891185996716,0.0302535125686196,0.036110203799135,0.0589735418640667,0.0942779100482427,0.116237233803059,0.128499961615405,0.132307375750931,0.1004661047748,0.0792657536144384,0.0790632028226041,0.0611557740824748,0.0485614727468067,0.0252534672300073,0.0183612823834209,0.00223829365240915,-0.00423623302547373,-0.00179644510512348,-0.00185273756895366,-0.0130060768386494,-0.019253913017456,-0.0146989106973058,-0.011364386191678,0.00174110627135085,0.0152353634622367,0.0315961595170159,0.037022170345876,0.0357374447458893,0.0340384843437223,0.028541578941394,0.0333059218172618,0.0397215951004946,0.0399666381133106,0.038933571595822,0.0461990827412921,0.0381671222104271,0.0243928436098778,0.0188040203444214,0.0246013178924535,0.000201022665318985,-0.0168934148543262,-0.0153379133164481,-0.0248615215082705,0.0392025740274189,0.0691040272042489,0.104808375606141,0.132509728233102,0.171950778206137,0.149971082038376,0.141079354531873,0.0872229006876603,0.0544203167928867,0.0265506453836484,0.0286378719014954,0.0599780503040109,0.0630601873102653,0.0434963272362128,0.0442232714198474,0.0617952262404301,0.0588940383494906,0.0416453574420325,0.0485419811186547,0.062432811583408,0.0764061243688406,0.0977631529760893,0.117134295470115,0.118651285348495,0.141496246540283,0.180719088170677,0.17307823147957,0.196200937398453,0.11275425260754,0.0809006739625216,0.0212352599619763,-0.0304650805866678,-0.0815085290411934,-0.074538268274113,-0.0984677335414596,-0.0797272106849209,-0.0805403572027663,-0.0521719236105722,-0.0346144787308437,0.00404848767048831,-0.00631354720217192,-0.0200791385476491,-0.00223418282619241,-0.00739511575548496,0.00318363230120172,0.00890518196894317,0.0241621750571429,0.0413771244253384,0.0592811471803627,0.0730812752934085,0.0783385147531146,0.0884107904793802,0.0968727485578506,0.122336765265778,0.0988877183301139,0.121794859798145,0.145818402457878,0.139294151732222,0.165426876616374,0.105708200689332,0.051193433028399,0.0562722076045347,0.0815245003953595,0.129809541151055,0.147715074059309,0.191706528117542,0.141687501910237,0.127562636323156,0.100583332228088,0.097040027649996,0.0646522795261685
"49",0.0912401676965549,0.14223445774465,0.162304234995903,0.188704875307949,0.217147889669771,0.17417394089006,0.139904587977568,0.0398565572603652,-0.0227816310465089,-0.0806940149474271,-0.100482366360022,-0.11915251353702,-0.130173591176528,-0.107681472255225,-0.187784143757722,-0.146084051434642,-0.185717612938749,-0.20975392406644,-0.223077935923954,-0.205407228964953,-0.169009707982665,-0.122772699580894,-0.11119893002323,-0.0542004058289321,-0.0224093962575461,-0.0352817371079468,-0.063697241044625,-0.0265122314472544,-0.0249528379205744,-0.0300344641195525,0.0094074218589816,-0.0105033776107711,-0.0364657653006334,-0.0282356254870113,-0.012053831050768,-0.00518003074300333,0.0150339257718452,-0.0212592732930392,0.0133924120975286,0.0689223951164615,0.125749194788003,0.220313239008623,0.240441662551025,0.292102993041937,0.476207342652338,0.537846303573837,0.444512913886066,0.667255190230297,1,0.660528423372295,0.446578426889747,0.474442877422105,0.455367159120447,0.298341921458455,0.19190002694883,0.129006145138777,0.0548941869853819,1.80161457902935e-05,-0.0193917224161931,-0.0062686350108865,-0.0392633439514693,-0.0949722469841424,-0.0593399225879911,-0.0319825613120426,-0.100759326051508,-0.116021664222126,-0.0523269603138915,-0.0429277106052842,-0.111846436722857,-0.0889875397617031,-0.0347242726426032,-0.0583185234092893,-0.0937709857019676,-0.122810894007153,-0.147244691136692,-0.139829603325956,-0.169868148452629,-0.214853586574664,-0.1729244087802,-0.183708982203525,-0.196667427694483,-0.187329885774781,-0.208653701869543,-0.207996895461376,-0.143478217677016,-0.103930134499174,-0.0933502913444951,-0.0435605007022463,0.0170792186045826,0.113306433914046,0.185042332337172,0.157743603909519,0.16720715065159,0.137337474791785,0.101595167294168,0.0784192011832125,0.0462097173481096,0.0310047491186423,0.0467535065067809,0.0465130142385488,0.0228200661795519,0.0127826308960428,0.0267762818487758,0.0139412514166732,0.0154008045484092,0.0197984267897364,0.0402962160154672,0.0515854649925774,0.0761884424139451,0.116114799524555,0.135920262172999,0.143693048025462,0.154782141880551,0.121880954303157,0.10220859262856,0.0992340091974758,0.0784604554483436,0.0601394984309777,0.0294526848746751,0.0130168051029269,-0.00283951733038263,-0.00802285549528281,-0.00635127006706047,-0.004566896816277,-0.0171938338427384,-0.0230105359933833,-0.0160435267627069,-0.0105532868375145,0.00609155065008487,0.0247601215503605,0.0426619527129737,0.0466845235131866,0.0438370019969286,0.0378541505343694,0.0310928816237206,0.0281878210471778,0.0352132539265701,0.0356670578231437,0.0347763882426662,0.0441420886605151,0.0376615981601723,0.0202103893660971,0.0135128395312884,0.0242582915324515,-0.00264529060192726,-0.0240164992610892,-0.0189205292143475,-0.0201887247963945,0.0588415867036948,0.0983925305099893,0.131993850662785,0.158855672055877,0.199572016480834,0.177441841215624,0.161714744124806,0.106363595684663,0.074076624587877,0.0462294249303711,0.049819112525343,0.0824732922584252,0.0826447852801665,0.0621044150141223,0.0647080569896346,0.0822789213452725,0.075853799296596,0.0575080208972091,0.0659112573120395,0.0795237807513486,0.0950498123726043,0.118137195773923,0.131499383318866,0.125919829084102,0.145156407104124,0.172454928979245,0.153610505093054,0.157707859990641,0.0669041601928326,0.0350623804940528,-0.0306456514464834,-0.0617208065858767,-0.0987685572009555,-0.080547523114706,-0.0899622485887907,-0.0659514796798926,-0.0544048409044799,-0.0283263748635205,-0.0177367620709616,0.0133585934717658,0.00576207472218965,-0.0140384198849649,0.00196997064368303,-0.0017789432868022,0.0052482699146933,0.0122761849298156,0.0284049165206188,0.0434371245481175,0.0525779023909634,0.0594605339426206,0.0625223648988063,0.0658352706556666,0.0628626400355725,0.0835260707921915,0.0575128267319996,0.0523216839872933,0.0786834629237441,0.0642325600374417,0.100980422108666,0.0569300388167966,-0.00153524617238998,-0.000380999446433502,0.0073581494228899,0.0674581031169222,0.0917939877600041,0.144207435668018,0.105690783222509,0.109799995383659,0.0937086089224016,0.0962473717575884,0.0708409635188799
"50",0.115941436340654,0.166353999499302,0.178288609381023,0.191386075076975,0.209223754544768,0.149330185607786,0.0944587622958084,-0.00332961914913548,-0.0710410850248055,-0.125485094242698,-0.139157017416957,-0.149539049170032,-0.12543151214436,-0.0837330073048265,-0.154158541057789,-0.106729510027841,-0.149543847827726,-0.17028469795779,-0.197231634336841,-0.180745860520885,-0.145430372711675,-0.105659370905753,-0.11174241023216,-0.068271398205869,-0.0426454200075506,-0.0599642334568552,-0.0937922670153742,-0.0672866083785069,-0.0619647459229691,-0.0742105109916585,-0.0254426324893028,-0.0418370063851237,-0.0679293261898909,-0.0463038459332058,-0.0267853387138211,-0.0246153761519259,-0.0125939909534578,-0.0530442888325829,-0.0155262882284365,0.0340777013816801,0.0850076084234242,0.158859296577812,0.2358096631905,0.236744793949216,0.294473341062762,0.482587288183879,0.524982876081398,0.456256768771881,0.660528423372295,1,0.67790482962002,0.425520305896908,0.48392912612299,0.468398617125001,0.289507826223543,0.190726322324447,0.104040526842474,0.0337232908744003,0.00865839703197811,0.0306276852616353,-0.00698764464573494,-0.0801469430501619,-0.0349358461380927,-0.000198738991284274,-0.0873526898414116,-0.109139053188509,-0.0292206545083668,-0.0218918801090419,-0.112439183295768,-0.0839554323192054,-0.0204982382013911,-0.0567327483073485,-0.10128806228477,-0.140984992409624,-0.169890623899601,-0.16526841723774,-0.207325561450883,-0.265620331222172,-0.222197491740208,-0.235845870828921,-0.24743099573745,-0.231257310762022,-0.247984238398806,-0.247136384724935,-0.15636384728553,-0.108060735078706,-0.0968801523529766,-0.0288412890964862,0.0629522775005535,0.184318967741592,0.264109995458192,0.221623704189892,0.211929658706549,0.167398614341194,0.11671983199934,0.0875988578050839,0.0564858939767076,0.0321179052280915,0.0516201315274589,0.0616525724833064,0.0323367325437357,0.0162413587037822,0.0370820493498752,0.0263403335768165,0.0381250943487548,0.0421098161177666,0.0678960196249634,0.0910637125750473,0.122381179562855,0.162023384542177,0.185852132943472,0.213652805094226,0.226211481020826,0.184320709354002,0.152169755467031,0.136927921770593,0.105770221307061,0.078759314794615,0.0427624583785721,0.023947844713213,0.00502343183319624,0.00299572569415493,0.0112023663318644,0.0177426612195804,0.000665727753533935,-0.00636679999400503,0.00419666341314534,0.0106880900287955,0.0347562144721628,0.0586919068273378,0.0811280604182555,0.0833106328938309,0.0767849965614225,0.0616964424228131,0.0488732631463276,0.0404820281036401,0.0483678818912659,0.0520856415918562,0.0564130470306457,0.0684001010101177,0.0615939171564739,0.0404227538644728,0.0335479695575999,0.0502597904277307,0.0152913078983169,-0.0141925534850563,-0.00264654705263148,0.000952263658847814,0.104282100432183,0.154999906621248,0.183304568018685,0.204977336033352,0.239432007123976,0.193800308147115,0.171065092182216,0.103124541725104,0.0652603038234041,0.0302174844705486,0.0383185799309436,0.0797224796046277,0.0758292659435009,0.0507937039757452,0.0609565610631988,0.0855730968770996,0.0717006885611764,0.051917442297613,0.067614825653669,0.0812729884279512,0.103848522101441,0.126298593138507,0.138138547925368,0.123171368918988,0.132358453735658,0.155407637316812,0.11636557552177,0.11488046623452,0.0201058712043924,-0.0132900862237181,-0.0734043150554264,-0.0981536600239316,-0.14138985508179,-0.11723886844307,-0.123926783480269,-0.101216289035824,-0.0844084915950351,-0.0570153224291497,-0.0520985665560621,-0.013351187031511,-0.0124005778446768,-0.0338052663194387,-0.0102526598445829,-0.0129563531658724,-0.00901185926069365,0.00288080637084849,0.021697207916069,0.0336879363332603,0.0373553382075576,0.0413595799451317,0.048191294068466,0.0487743440683827,0.0408645932537869,0.0621059679714202,0.0400488482145407,0.0249982060599911,0.0542778809321258,0.0359391464471707,0.0700654653505949,0.0242737885884546,-0.0306584658514602,-0.0301990272374215,-0.0283926674128997,0.0281247829677298,0.0582547186825517,0.112777227780806,0.0768118684923265,0.089238907289813,0.0780888706607464,0.088161381093126,0.0694839979651288
"51",0.129630955854068,0.179688311644991,0.189876617747605,0.191359408299652,0.20245813830187,0.119710212322792,0.0643829983708659,-0.0201017758351809,-0.0846733896329493,-0.131864741508125,-0.142819135467858,-0.150131208076286,-0.116678988617521,-0.0667934774129343,-0.137983946469371,-0.0897640711068384,-0.134938444158087,-0.157465605353172,-0.190939452510639,-0.179023021154361,-0.142709286188474,-0.10563529917418,-0.119120538232164,-0.0749793391904954,-0.0519413257135863,-0.0632566830018206,-0.0991275298695422,-0.0768585239264291,-0.0692116896797398,-0.0845661994110368,-0.0361626316919799,-0.0568270184858259,-0.0853651935258031,-0.0635700680671711,-0.0428805947292897,-0.0376659768874279,-0.0256360549210444,-0.0693654440247709,-0.0296111921807826,0.0221810234831874,0.0611804670095582,0.101603946156438,0.169513658030657,0.2329337805629,0.247308805621542,0.314791926329466,0.474747779088939,0.531366860576548,0.446578426889747,0.67790482962002,1,0.681204063801791,0.436197676692832,0.506659123254539,0.480310140758869,0.252698835123573,0.129265510714448,0.0576535777884153,0.0190783806070477,0.0341265211019567,-0.000337094751781762,-0.0855492186174696,-0.0496401053833699,-0.0103563164602912,-0.0975037354017268,-0.133439289117303,-0.0540073277847613,-0.0377988530490761,-0.132863894844381,-0.113348262783053,-0.0431248259112941,-0.0741750891952417,-0.126285262953168,-0.159120403186104,-0.190155552684839,-0.177399034874195,-0.22477167390873,-0.281342180987811,-0.222309513138228,-0.231927513575743,-0.251532564782175,-0.232469418876248,-0.260277341075813,-0.251724970097339,-0.155943555623086,-0.0930195819376442,-0.0787087384356289,-0.00205807908600541,0.101163921526385,0.230806916995676,0.305891100935885,0.243597327744437,0.22811990823278,0.176435885447879,0.116570522754304,0.083641207743235,0.0510453846245727,0.023703868237492,0.0493134642640637,0.0624159050855456,0.0269118808210343,0.0133003676068406,0.0386494203144688,0.0250914026931979,0.0354124407338277,0.0449615125469553,0.0751108249501031,0.0961936984085675,0.124486209299279,0.172038576521068,0.197533110449346,0.259205792859849,0.264497437248234,0.203042276209482,0.161372194988632,0.141316751087995,0.107456338895796,0.0753030017837642,0.0401194309117604,0.0224971893181505,0.00592614288616485,0.00785516805491747,0.0169311404284724,0.0256805739339079,0.00838706290464792,0.00253340417138856,0.0144538655414528,0.0190008408839368,0.0444962759215975,0.0653132138046328,0.089355741404477,0.0903886082629176,0.0811248711995857,0.0629888272488198,0.046412581811079,0.0417835059609868,0.051169007415463,0.0549192574429508,0.0642605246464629,0.0773508381892184,0.0631864235486559,0.0448098757914657,0.0467942125837227,0.058848537360068,0.0155774213009006,-0.00468834421378007,0.0152780525559687,0.0179416744293605,0.126848242085268,0.19355632288707,0.20853818358474,0.223924049633816,0.253043163868609,0.196877195201394,0.167092891277811,0.0982235589121213,0.0596987412725718,0.0246024819297757,0.033326285535158,0.0765596229400316,0.0730450060680183,0.0477597597915,0.0605931031963126,0.0892506177744987,0.0745674249061704,0.053652359776506,0.0725199240232593,0.0885729369107116,0.113544219525389,0.13622462029912,0.148517661470069,0.131052972866732,0.13873783560347,0.159257412641828,0.108742756994571,0.0908658772619031,0.00437579563936705,-0.0345262760978062,-0.0797442970583764,-0.106582232924832,-0.148774381069536,-0.127600814148887,-0.1334087414282,-0.113674743795454,-0.0960824335332011,-0.0680791100251334,-0.0600403179082319,-0.0199239212289394,-0.0171343843745165,-0.0349489380364528,-0.00960791062862098,-0.0106249480136568,-0.00664266303890571,0.00659959784518621,0.0276963441230063,0.0406685368531704,0.0433712365147554,0.0460094460812683,0.0534950863924932,0.0538400738705642,0.0453602146361871,0.0601016038524005,0.033817957431523,0.0170064299784292,0.031459781838799,0.00886740866986698,0.0378823050983176,0.00583094503195926,-0.043728068871084,-0.045624693218385,-0.0420709735605397,0.00611791888831969,0.0430302989634325,0.101470471021778,0.0780839244334702,0.0951720962888992,0.0838540658023862,0.0948702313263569,0.0778950449298549
"52",0.14047110950636,0.199133637527854,0.211279458134694,0.212087826046697,0.216775918846454,0.124366887096533,0.0617306024712513,-0.0199718336284969,-0.0807029561508757,-0.122449919478384,-0.129888848284845,-0.135919680505275,-0.116284739304605,-0.0769384242004244,-0.141794721759848,-0.102110880708619,-0.136742478315197,-0.16045572073386,-0.181647929399121,-0.173781579200508,-0.145064214948983,-0.110840052643922,-0.118734026408535,-0.0747650214061917,-0.0522651580485856,-0.0591049278900032,-0.0943365170847244,-0.0736277805963146,-0.0622078009314905,-0.0759181023615665,-0.0313655213616445,-0.0529415355276762,-0.0803917194147374,-0.0611657105598957,-0.04138337257792,-0.0393601216943287,-0.0282295587963925,-0.0698621212878864,-0.0371665906100699,0.00686056439659713,0.0461081456654313,0.0729289594757229,0.102687087380477,0.162533431926705,0.230780193875965,0.231873967616231,0.30023317185901,0.463212608751344,0.474442877422105,0.425520305896908,0.681204063801791,1,0.660637011933521,0.451357641692945,0.51647475452948,0.267224510729695,0.13715670958746,0.0726282780131415,0.0282915287971265,0.0347636621464237,0.00459629181434017,-0.0832923705973423,-0.0587517091265742,-0.0228108352418862,-0.105259165569576,-0.150538851460509,-0.0808901102805298,-0.063183859867281,-0.155936012124443,-0.145018858194386,-0.076636823090219,-0.103229582236737,-0.156100818764937,-0.177956785104953,-0.20287434402767,-0.18217661123548,-0.223884536169594,-0.270571334898366,-0.212538080501591,-0.215283011733103,-0.230961842237354,-0.209227705637868,-0.23940531387745,-0.237041774267634,-0.146288766979053,-0.0771824520476887,-0.0585468113290616,0.016189858091434,0.116479877832129,0.238947844933157,0.322191677584029,0.258410485690378,0.247586297551429,0.193456310938539,0.127925502219586,0.0957660226845034,0.0585788853535538,0.0309141761733276,0.0557637774164356,0.0647734496041589,0.0273808960501045,0.0133408029360554,0.0325381799630762,0.0156379332363098,0.0224833764359878,0.0328330836064369,0.062475897957418,0.081469080358863,0.106943120906221,0.158621009483993,0.176429084277526,0.257773001494241,0.270852489614086,0.208553138592112,0.166308784760331,0.15069355184414,0.115721860903755,0.0802753438284666,0.0422214530371492,0.0198057756144959,0.0055075328040688,0.00954607447070652,0.0169605611830991,0.0261451886894641,0.00875045976721783,0.00300698251753767,0.0145610729154184,0.0176017570792012,0.0426268732086479,0.0648953985820644,0.0911574886640086,0.0954185737287252,0.0829273734099902,0.0639642262951885,0.0464168826498584,0.0412528529208756,0.0490466716666224,0.0518959249200051,0.0640265372600838,0.0758992012399849,0.0569274752494291,0.0419982599251037,0.0496097750777666,0.0562532999143592,0.0103466241947833,-0.00094533237773829,0.0224279517768529,0.0262551536324023,0.140046878253553,0.208880852358269,0.225305104878119,0.245841325104374,0.27396837898803,0.219107545829552,0.179654089885214,0.111002897945191,0.072396741148525,0.0385925702486999,0.0467910046886776,0.0897233664371101,0.0868105594130625,0.0622822086222382,0.0742345884269743,0.103596066253815,0.091042794480811,0.0680453089160979,0.0862754409424281,0.105794130398309,0.130568453014349,0.157626643499129,0.168313042041592,0.149821562772613,0.159056211904976,0.171457929133379,0.117719853021318,0.0803721851212197,-0.00231339571997729,-0.0417525758042418,-0.0830179359926941,-0.104531407344318,-0.138581563573036,-0.11982473101502,-0.122118939635198,-0.103951233735309,-0.0835953538852976,-0.0564271153422692,-0.0458629326460161,-0.0102872319950397,-0.0078078539663364,-0.0256708631137893,-0.00280200448895275,-0.0018279456819463,0.00343176165627295,0.0159525456285766,0.0380753765647086,0.0543273841376622,0.0553046875092957,0.0560165924311526,0.062057563925252,0.0589348844494832,0.045366705246506,0.0509795245996237,0.0197582322425269,-0.00179861571139433,0.00450134136153099,-0.0176964989137588,0.0108523029850354,-0.00816581772082496,-0.0509646454940326,-0.0579479521152283,-0.0576920657428995,-0.0127011717162561,0.0258578582496365,0.0868255556225399,0.0797579836618231,0.106938632564225,0.0985319991665594,0.110287571540898,0.091971106451715
"53",0.164021599113258,0.228302387114892,0.235994245966439,0.227372541618964,0.213209861710852,0.116716202884268,0.0433100213485701,-0.043673016197769,-0.107329934806574,-0.145307050661907,-0.146207994599656,-0.147842677917352,-0.116509760936262,-0.0764906009024048,-0.127648548691476,-0.0903809672637667,-0.118051762417582,-0.137960391631778,-0.156530394068379,-0.148563320208992,-0.126989020061101,-0.0980254721229824,-0.110698030702189,-0.0789513330358777,-0.0598696919982064,-0.071155474778181,-0.109278432985209,-0.0946311947361137,-0.0790693202945305,-0.0969173079469764,-0.0488881266810403,-0.0659958962235692,-0.0902263834989201,-0.0609504897664907,-0.0410960314684623,-0.0492939512292756,-0.048872582898585,-0.0890608625006428,-0.0648440466569696,-0.0327279101601093,0.00964418328285095,0.0436194332601904,0.0675115198163668,0.091371379865157,0.166616611576625,0.224932586306407,0.221191773410273,0.310682338562066,0.455367159120447,0.48392912612299,0.436197676692832,0.660637011933521,1,0.642847306951742,0.417763764557529,0.273291798960031,0.156992574529431,0.0879964311062006,0.0464719174265415,0.0605076694820689,0.0302462686364397,-0.0645835012578399,-0.0337727220435911,0.0032590949047457,-0.0894755247060776,-0.137408271282592,-0.06173975001917,-0.0507673650881125,-0.156138825679695,-0.141081762346279,-0.071679898565991,-0.109146245054787,-0.164809625439692,-0.192226590178345,-0.214850136115539,-0.196720053187639,-0.240800483481413,-0.292506935194253,-0.246900703288019,-0.249698592841025,-0.254630654857692,-0.226594086391812,-0.245124875436872,-0.252720969726968,-0.146379169274109,-0.0746744292236331,-0.0552573869520563,0.0302122018202764,0.149721153057576,0.287633994609393,0.385388606345737,0.315423040785199,0.292016856819829,0.22638105230203,0.149797437745717,0.11478534425321,0.0739079983226961,0.0413893706855666,0.0650719621443266,0.0761086573997253,0.0361416294804461,0.0168345578831668,0.0357735608252002,0.0223186933686476,0.035624675327037,0.0439130458648858,0.0750215026708151,0.101787178438317,0.135535375351945,0.19165758460528,0.209551262031137,0.299587904392448,0.324215453180556,0.258267427270459,0.211699420260124,0.186228800855306,0.141487327069121,0.100463134181196,0.0529393832348026,0.0227390621247606,0.00556197728429421,0.0104332311056616,0.0206096588946304,0.0329535961289381,0.0118006053571268,0.00471272102257791,0.0192827419851306,0.0249921966705759,0.05693165596107,0.0878878834709791,0.118192164352861,0.121688298871633,0.104045011337555,0.0805571700513104,0.0597895851716148,0.0488882241796055,0.0574590045518304,0.0617106270991815,0.0757141020363941,0.0900543859771834,0.0730885456111754,0.0544136303833459,0.0607361679037913,0.0734251719954455,0.0236537598287592,0.0053794567964281,0.033661595280631,0.0446182653955003,0.184680380407336,0.247415762564191,0.267217735343243,0.29092023858298,0.319925022818307,0.252194347329345,0.202524635320951,0.123536981229336,0.0801835676148166,0.0418630069859175,0.0515502361116421,0.100113547999532,0.0949934001666924,0.066269304614929,0.0813322955916496,0.11492896241452,0.097940439564986,0.0721977430099591,0.0941318882924757,0.115053260528684,0.144302388732617,0.17429351899357,0.182687992489404,0.154783091540531,0.151992444155132,0.155730539434936,0.09302330006912,0.0529971444438862,-0.0321782181740723,-0.0715189624514445,-0.11305088784615,-0.127134555907726,-0.160778117282215,-0.139252836997742,-0.135738962868503,-0.115546272991455,-0.0882510703540199,-0.0606459190064275,-0.0548868566813728,-0.0177440241469812,-0.0105280894453131,-0.0319924782938855,-0.00688013163225181,-0.00589141317406226,-0.00324856818985899,0.0116091244796289,0.0349195654020196,0.0494001723661562,0.0441650450442403,0.0424787608173982,0.0518411835167395,0.0455684930507286,0.0256673294463913,0.033300994139432,0.00384577944418397,-0.0290252130838681,-0.0204789506278785,-0.0486729129293444,-0.0189241774501332,-0.0386470365242182,-0.0795226330984706,-0.0864909064488812,-0.0905984292789786,-0.0423083575313676,-0.000161963427052406,0.0613216744921224,0.055380693722273,0.0925880168393217,0.0891802455951238,0.1082234899377,0.0947181639394357
"54",0.174610589584848,0.227132169064813,0.225653001436657,0.204057649548921,0.181703090612639,0.0825301627025214,-0.00344075254356302,-0.0802852416420406,-0.146327218052172,-0.176569514524965,-0.169248037417159,-0.164507771290435,-0.101403015766644,-0.0430310489957125,-0.0888729556512229,-0.0454192161034645,-0.0802771605902127,-0.0973442044253111,-0.133464680435286,-0.12658094110344,-0.102195531691724,-0.0782113839495084,-0.108442744494565,-0.086345483550877,-0.0739426452937312,-0.0830114437441054,-0.126160326436069,-0.122955336374982,-0.102348936503355,-0.127887579737191,-0.0763220642108585,-0.0921923126039335,-0.116318210471405,-0.0775664149416867,-0.0560234789527968,-0.0680532020987906,-0.0752455151671347,-0.118891252324244,-0.0944486261026514,-0.0642506042028912,-0.0223775488210882,-0.00201723543095088,0.0332686687685653,0.0525140900334358,0.0869106720963383,0.158737390885218,0.212696665775789,0.238408051192038,0.298341921458455,0.468398617125001,0.506659123254539,0.451357641692945,0.642847306951742,1,0.642228468221765,0.376713196406144,0.232073501990949,0.148746889782195,0.0939930320095214,0.109929457504437,0.0761035797374843,-0.0397453347911379,-0.00835404625435625,0.033690387542672,-0.0735352731017468,-0.133085889515699,-0.0468428870659924,-0.0372537648579078,-0.161742810237693,-0.145141587683009,-0.0686442698919241,-0.116104682221298,-0.1803385386985,-0.213191245168715,-0.237383970729126,-0.217192707571188,-0.273471887173164,-0.334729231180984,-0.285332936867833,-0.28833862109226,-0.293783395207458,-0.25761219188148,-0.273326490887647,-0.277058346085342,-0.145496980847474,-0.0598803139070967,-0.0369828914792292,0.0725956822764693,0.231900620576502,0.396616416048028,0.466398034416367,0.36282047488403,0.304657208223323,0.231433479278077,0.14824115657617,0.10760727356147,0.069876069916666,0.0309533886352459,0.0592023360926353,0.079733037895448,0.0354457122896806,0.0146420480069231,0.0420991081168026,0.0306371138667284,0.0512843315065844,0.0609402016006968,0.0979586085903175,0.133141734050211,0.1699377042159,0.229954949456518,0.261061557832338,0.403069334374749,0.413086235292122,0.326706364501232,0.251235845692401,0.206187242091805,0.151740090342608,0.10238676230022,0.0529480643788001,0.0231037720925622,0.00463824204134579,0.0133058266927832,0.0298014200836189,0.0469761714520595,0.023148174163966,0.0152782826624975,0.0335441601518171,0.0402711628199758,0.0789256562041622,0.114698099880572,0.148143348426176,0.146850520833731,0.123239729323295,0.0913868646512553,0.0646487603849591,0.0505484638589937,0.0607907953070317,0.0680726503899053,0.0859601648080969,0.103632099551915,0.0854985470537165,0.0643159849933588,0.0740551732521822,0.0922473797915108,0.0334104538682498,0.0131886912026479,0.0541588461297058,0.074240936957896,0.238839402384098,0.312856926793273,0.298648874490366,0.303076090811053,0.313198825396608,0.239441904600047,0.18734059194199,0.107271407810065,0.0631122391139024,0.0245026888378076,0.0387434586113352,0.0901047809781701,0.0808218474773354,0.051681120562988,0.0744121887358338,0.111117674792042,0.0871635857457205,0.064050756249843,0.0928245589351383,0.110709286045889,0.143503629346264,0.166190850442847,0.17304915731637,0.13702138800864,0.125584935337871,0.122545838055433,0.053913796222695,0.00733755992540152,-0.0723722192839148,-0.115378073253006,-0.147503423612009,-0.1572947496662,-0.193843298814848,-0.168341827675156,-0.160408124437378,-0.141021989818508,-0.108818442282082,-0.0796320383333946,-0.0767420416107989,-0.036322816945916,-0.0215106374670373,-0.0415455936814782,-0.0136074532680016,-0.00945347341298387,-0.0118116779092881,0.0082454745064511,0.032797229017349,0.0401511058683853,0.0281757618788876,0.021448279282429,0.0321396144963338,0.0227125368813422,0.00026840146965311,0.00477017454711439,-0.0200208497640988,-0.0585887563120159,-0.0535888117038237,-0.085147697159156,-0.0554175089207589,-0.0691663847807488,-0.107680792251021,-0.116375839188769,-0.12578767171434,-0.0813342369853388,-0.0353084217276675,0.0225513129461795,0.0225491938177205,0.0630369691146636,0.0660961286988019,0.0917184648945819,0.0899396132210768
"55",0.151959674214302,0.180366770540736,0.170866031829385,0.149444117390002,0.134639359184064,0.0539356592992382,-0.0166081833818343,-0.0724849129806974,-0.119669933218474,-0.139392751668884,-0.125426338409329,-0.11650235325318,-0.0693022153717694,-0.0189595467177338,-0.0607177415949131,-0.0268210442621514,-0.0578908766615968,-0.0761476357544703,-0.109918221839404,-0.11040643204808,-0.0889346242234503,-0.0723544678645896,-0.103024950468199,-0.0845437831209446,-0.0778266817517246,-0.0751897668047593,-0.108625848519001,-0.108432158083743,-0.0837315933780555,-0.0968836037992643,-0.0572004245148404,-0.065201383276285,-0.0788097036841068,-0.0525761710441174,-0.0392639921570479,-0.0483158854506662,-0.0515550236274308,-0.0844507640447016,-0.0675118203230615,-0.0374994690528315,-0.0136959448848306,-0.0139085214468008,0.00957496375194021,0.0346800946552366,0.0564130400522105,0.0781393481630829,0.149162618577733,0.213181800467269,0.19190002694883,0.289507826223543,0.480310140758869,0.51647475452948,0.417763764557529,0.642228468221765,1,0.422977351454578,0.248127345778548,0.187942499113912,0.133433864622055,0.135456095609594,0.109108593522414,0.00738866411853532,0.021775244199498,0.053160360577665,-0.0350621988482179,-0.0953496465979671,-0.0292060211741199,-0.0213540723029091,-0.128012963714675,-0.120168926810028,-0.0586603952700418,-0.0992869290805953,-0.155204949522006,-0.179033608789747,-0.197367057440149,-0.178322585622264,-0.228828413234482,-0.277194384663061,-0.229168131765143,-0.228806863043556,-0.23782096968233,-0.205794105514317,-0.223320600895425,-0.220399966631396,-0.10930917497841,-0.0381149608374336,-0.0159612175262888,0.0803704972943816,0.222790696360694,0.332866008080661,0.377561119326393,0.271514746260521,0.223892793233304,0.167761029510365,0.10589540641527,0.0738322606694388,0.0446606041729416,0.0164492309991969,0.0393713792357862,0.0551320216771155,0.0224011140537174,0.0068483659914917,0.0279864103096881,0.0167789624965329,0.0321493702742479,0.0410463212116777,0.0689647389807029,0.0951331541355021,0.113177601711498,0.158952274338045,0.189933219367141,0.31554424351898,0.308648355921657,0.22127732595533,0.171990602141347,0.14004411843928,0.104305772754802,0.0641105902152384,0.0293912617772179,0.00840628098467264,-0.00389301422856292,0.0045321944149051,0.0165663084825492,0.0298382281487615,0.0132995199301089,0.00773163717495061,0.0216427624510246,0.0265888341148861,0.052821194526443,0.0758347225779976,0.100369501212795,0.0984972936806947,0.0822925670672279,0.0590890555937665,0.0388468390481562,0.0289921672228637,0.040083409029452,0.0470715591620787,0.0637813814632999,0.0774351382052515,0.0599381985848806,0.0452028788786511,0.0576919980785927,0.0693408201018213,0.0179052620148042,0.00701653356646056,0.0447140194221282,0.0641933067473582,0.200833253385576,0.311390149062459,0.270773618677062,0.245835236287072,0.235911171580481,0.174328571097132,0.135690984674993,0.0769373030148781,0.0459972008256879,0.0174606080650008,0.0298887074813143,0.0664639637662646,0.0566994722179333,0.036012263672605,0.0557820376899567,0.0832923623368959,0.0628990423146682,0.0469506741708715,0.0708733633215804,0.084176461300211,0.110678654120615,0.126995536860443,0.124685558453756,0.0930083131159762,0.0866351645271207,0.0802071046882084,0.0265339033399996,-0.0167282504132262,-0.0785622196040373,-0.106227503021495,-0.127485267508319,-0.126124201415992,-0.147529752437667,-0.121653977227131,-0.10987989639945,-0.0982933664307301,-0.0718990041011916,-0.0535410341976999,-0.054874661193024,-0.0317495544323474,-0.0209497632314735,-0.0394633064245407,-0.0210127783542833,-0.0175148824392504,-0.023647670186679,-0.00645867236352764,0.0133449802646004,0.015108382748635,0.00382833420217181,-0.00506269814667248,0.000693531182319649,-0.00636376207214622,-0.0229183452605881,-0.0230316778151232,-0.0396598548035524,-0.0725721689259812,-0.0673082022463711,-0.0859516190839586,-0.0556326733219708,-0.0534873888545946,-0.0828087512578084,-0.0970337548353963,-0.11540243789608,-0.087623918982563,-0.0550042004354828,-0.011240033787236,-0.00596451665185641,0.0253761775950171,0.0302327559517908,0.0496116575463931,0.0545150714575907
"56",0.182194370597318,0.193122206478701,0.155521295508185,0.117677015261128,0.0776485759309191,0.0170640870960298,-0.0493903236910329,-0.0943651019661479,-0.135422250708832,-0.14901146426996,-0.125668461688285,-0.10878824899429,-0.05449457204783,-0.00206800310583057,-0.0297604330085696,-0.00230887334414769,-0.025562704634194,-0.0429175371364785,-0.0752471298624415,-0.0825069826821145,-0.0692818980773625,-0.0628193815591034,-0.102063580700208,-0.0960889889299833,-0.0963773383138625,-0.0885342243029337,-0.120577969300165,-0.127938941058662,-0.0960968148151559,-0.10532317442852,-0.0654076544859423,-0.0628802406418573,-0.0706908681597047,-0.0426506009304208,-0.0299136895167428,-0.043139660933591,-0.0519471260896223,-0.0840368815402423,-0.0728264994172246,-0.045005444382739,-0.0192376448455335,-0.0205913139467353,-0.00937401036067234,-0.0105223920073432,0.0184296671696731,0.0556654800406437,0.0748903698448979,0.103685366351751,0.129006145138777,0.190726322324447,0.252698835123573,0.267224510729695,0.273291798960031,0.376713196406144,0.422977351454578,1,0.521670175381398,0.397846803476694,0.279133928084232,0.286760543024612,0.251999936555743,0.0999236928753897,0.0998507893767059,0.12838119427013,0.0172509905335587,-0.072014850753481,-0.0118963590987553,-0.018996382460941,-0.148598850101519,-0.146146561021268,-0.0897824222989826,-0.147090924889353,-0.207670507413297,-0.224909190264185,-0.225109738042957,-0.194237917248661,-0.24228996020078,-0.281723818398873,-0.248445196978778,-0.237014063969058,-0.230615455008692,-0.184943263322235,-0.19071792374896,-0.201913061567566,-0.0738871179343722,0.00280945595175828,0.0461749793732911,0.17847481421448,0.38136327104231,0.422629395969947,0.420267595062358,0.277380413423141,0.190520657576783,0.145033854748391,0.0924271282986244,0.0705858881986237,0.046546194826917,0.0161563860456752,0.0326830610615502,0.0497981863975947,0.0229186842807437,0.00466455799577109,0.0227308267287331,0.0110084718825026,0.026165596101904,0.0313736725299003,0.0534854730099491,0.0798539217532222,0.0905167826938282,0.112677936909689,0.1257581468819,0.215495587791111,0.248618147235877,0.211131759212951,0.155531377947128,0.132144601677219,0.101620473973996,0.0706396045329891,0.0428845169584072,0.0256852591087125,0.0127744681407052,0.0186999976505219,0.0304907884638496,0.0393918326113524,0.024088540473556,0.0192092868308021,0.0275466680860648,0.0280333063840458,0.0480804004646369,0.0682162226059917,0.0951974869345875,0.101051701959922,0.086607057259169,0.0682360629157703,0.0563451304806192,0.0398868681214585,0.0404557263601169,0.0463598510298487,0.0676026945149389,0.072330952598198,0.0495859406688437,0.0381009941404977,0.0592361599673416,0.0670507567939313,0.0104787007485244,0.00920319206407296,0.0668711798431882,0.0954497634620575,0.270698507687979,0.458613707422007,0.343067067318992,0.279531501645832,0.202806378916621,0.144802647415373,0.102189960825149,0.0587867558436962,0.0343916038248987,0.00894700913087773,0.0233741013521191,0.0574711042239363,0.0448729794038446,0.026961793190081,0.0515514276046619,0.0805469224869149,0.059204142726386,0.0451039988682296,0.0722091479505816,0.0873058996194588,0.114297697878716,0.124386090174349,0.109965792803282,0.0649996529059057,0.0456347266534567,0.0253772762696731,-0.0219382486996833,-0.0617223668781074,-0.112023418849478,-0.130381181884603,-0.147759320728344,-0.13417651499462,-0.149893097904076,-0.118295461569459,-0.10041027698503,-0.092394220295107,-0.06223183307177,-0.0476551678764916,-0.0571464210829438,-0.0431796637216139,-0.0287811612001976,-0.0495560616836815,-0.0338005936249458,-0.0281313102709279,-0.0403022018145432,-0.0204966755275023,-0.00140916757432192,-0.00731740447588285,-0.024532925919919,-0.0384652343740891,-0.0310231490637508,-0.0397040205246211,-0.0574835622518131,-0.0600084571535365,-0.0674553273139249,-0.105033181108096,-0.0976456399502382,-0.113636803829852,-0.0766916656281239,-0.0640928497962266,-0.0938038129315603,-0.111352300876113,-0.140602409750234,-0.117479155271152,-0.0902677489532482,-0.0613005322022575,-0.0505166032837261,-0.0181597573799515,-0.00764908989932894,0.0170655699008061,0.0345867797481555
"57",0.112201935838313,0.0988365324849441,0.0585790330262779,0.0341223677827196,0.000790308829440333,-0.0236668459792991,-0.0791001466903649,-0.102962138520659,-0.123744283828021,-0.124409240714161,-0.0826156849425287,-0.0568122309806655,-0.018763277663892,0.0274710105361279,0.00287423275440481,0.0215771715218182,-3.67365448018941e-05,-0.0199656607853311,-0.0532433398092727,-0.0688301556725227,-0.057766287118833,-0.0605016420067167,-0.106751561153123,-0.111046529078095,-0.121277831464023,-0.0981853113321235,-0.120537647691244,-0.134697801409663,-0.0879875239255584,-0.0763829215588345,-0.0446894799091539,-0.0208418936509585,-0.0072347609505341,0.010663737499306,0.0147610321679777,-0.00499759942092937,-0.0209878576518311,-0.0408322197236788,-0.0466733714274332,-0.0169708635593477,-0.01159702448072,-0.0292287738945925,-0.0304696026592788,-0.0539987919445104,-0.0268877550451247,0.0148017554502829,0.0109238966144041,0.018190064653098,0.0548941869853819,0.104040526842474,0.129265510714448,0.13715670958746,0.156992574529431,0.232073501990949,0.248127345778548,0.521670175381398,1,0.707571801343145,0.57393172731488,0.578812390612385,0.4671329432009,0.306368852434202,0.293332257970738,0.282922880027232,0.154277532861947,0.0640844693314168,0.102455729214164,0.0549300881518497,-0.0813483597829589,-0.0694676755678938,-0.0449010701818198,-0.132151439745178,-0.176608315448568,-0.200900923358167,-0.174156865967934,-0.152795125947775,-0.190813500951682,-0.220133625175591,-0.220844712427528,-0.206942849586788,-0.18276295403818,-0.135197870742529,-0.115537355751604,-0.138282723315516,-0.0182833319300422,0.00990867013161141,0.0480339264727037,0.153462051057178,0.334274756162832,0.27176579597104,0.258127623527868,0.156255119754745,0.102969084357346,0.0773389196995436,0.0577640456036677,0.0558495623684166,0.0501549900409776,0.0300470848750475,0.0307079704736194,0.0453071801158498,0.0381879372875364,0.0181639597174145,0.0237847860243614,0.0161565697747866,0.031629318172715,0.0278343338298743,0.038445342853572,0.0631706461186586,0.0596884718083861,0.0576624864289177,0.0663141301170317,0.119278055707724,0.139664861974134,0.121060326426673,0.0899875100381183,0.0774076893674241,0.0713608015816015,0.0518752710705233,0.0438778539893076,0.0344200506066441,0.0282251324302008,0.0322523230920957,0.0396690516410602,0.0419368628820702,0.0347122431180251,0.0336148988173114,0.0339813159766512,0.0308729000903569,0.0387268926470428,0.0444610100308793,0.0616736932252019,0.066051912660699,0.063642382336879,0.0487453274134158,0.0489015961892379,0.0207814989503874,0.0111294178288737,0.00846425175361967,0.023911481567467,0.0207083580414966,-0.00293333247745258,-0.0205812435140787,-0.0054962064518653,0.00547482857865206,-0.042518306113485,-0.0590509127392296,-0.00278601839399677,0.0459242578839658,0.194261644098497,0.339424732902413,0.236924266576619,0.164568874864129,0.10195530749272,0.0687232674609152,0.0453966001679016,0.0306474590756485,0.0276039364899826,0.0102116258758018,0.0274064662754292,0.039303362249326,0.0143466144742746,0.0072268136474278,0.0282683527544035,0.0352987854910556,0.0112856616290049,0.0116299706519567,0.0297253768439185,0.0284368426019689,0.0474367415092298,0.0450543352039429,0.00924124719951258,-0.0271758524235257,-0.0384756682872425,-0.0655214428804412,-0.08891142067484,-0.117337612518186,-0.150002004538842,-0.144856609716147,-0.154782185803974,-0.117885934744395,-0.110750316596247,-0.0685490780163627,-0.0363481586724471,-0.0318221099704757,-0.00064977597102517,-0.00296231177341337,-0.0294287746609731,-0.0443579443222758,-0.0347826688303187,-0.0614011425619455,-0.0611445733123372,-0.0592881237560983,-0.0829675695522012,-0.0654710770175358,-0.054276921238406,-0.0755584251835172,-0.0950119450871448,-0.113181867138077,-0.110267655437966,-0.113071345241361,-0.121117091642156,-0.123315248194109,-0.112679972495338,-0.152507535808197,-0.136833442756375,-0.141489267433721,-0.0941035682977166,-0.0630394714963508,-0.0888012904867835,-0.112953698167065,-0.161891637874218,-0.152467428350315,-0.140711651675583,-0.135380909009316,-0.125486506618591,-0.109400827172842,-0.0961286911187126,-0.0796098656654534,-0.0464669026467692
"58",0.0517916465388557,0.0310690897578799,-0.00346881657654459,-0.0209317275890566,-0.0527656968686341,-0.0559902863468096,-0.107797232103562,-0.110281178186247,-0.116966842320266,-0.101082058345524,-0.0535067567051806,-0.0236065944647704,0.0238543809748206,0.0714784179476468,0.0616147114859018,0.0747271190920523,0.0549305207529001,0.0405987909919916,-0.000931222552243381,-0.0202498550374908,-0.0120184444658407,-0.0243146447102254,-0.0780252414220866,-0.0939548040918408,-0.113910970626421,-0.0830197717637063,-0.0962384296248667,-0.122677532257444,-0.0758758801561726,-0.0659908900574665,-0.049456039069092,-0.0232578347674513,-0.00264318878332526,0.0127637364604313,0.00882804707574125,-0.0147023646885468,-0.0315450056830491,-0.0407638476881079,-0.0512717690956079,-0.0307551237654778,-0.0264904249028833,-0.0481606307551298,-0.0614565414899543,-0.0905681752691072,-0.0626827535678805,-0.0300934437359208,-0.0440799868284534,-0.0367924792004858,1.80161457902935e-05,0.0337232908744003,0.0576535777884153,0.0726282780131415,0.0879964311062006,0.148746889782195,0.187942499113912,0.397846803476694,0.707571801343145,1,0.757084239777989,0.539164316028912,0.564736212769511,0.42193112754025,0.327140191313955,0.298905614705287,0.219220480221878,0.111584872756114,0.110769384087537,0.0532678363118267,-0.0642693996719192,-0.0643886474789299,-0.0624373406471292,-0.148172003881463,-0.180035678464192,-0.188152306154422,-0.139316460179334,-0.110482322954875,-0.156973193995533,-0.176168949426732,-0.183181021928443,-0.16095108013047,-0.137564510915405,-0.0792894355994836,-0.0501278394664174,-0.0542998324939855,0.070062493061957,0.113514191907192,0.138559056355512,0.256751294235371,0.397167863657423,0.239816507887651,0.189025192972059,0.09534719687412,0.0414080551314865,0.0191586308542392,0.0114981222386528,0.0150056920411709,0.0141797190552457,0.00372947208216451,-0.0018149917072871,0.00714075475039504,0.00942609343256117,-0.00439359513997481,-0.00145360422378119,-0.00494383700785396,0.00722254234812586,0.00497642576581825,0.00935705925936458,0.0273781171001719,0.019214132931232,0.0162848222981599,0.0258933206131553,0.0729852099932286,0.0873510320316642,0.069097699865286,0.0368731737697514,0.0205184100873204,0.0199072325363064,0.0101776390512734,0.0127470892078761,0.0116612628423864,0.00802768951047404,0.00525481949421535,0.00684819118599286,0.00274195443114334,0.00200175194613651,0.00483436620933693,0.00223434481087095,0.000452237364920615,0.000820835976442254,0.00229943164247731,0.0168205858033382,0.0142813053131629,0.0129644286621254,0.00606314406655278,0.0159667974582559,-0.00322898555848283,-0.0110364555610997,-0.0161266767159678,-0.0129740059546335,-0.0152572715969777,-0.0331366806401124,-0.0534369607756782,-0.0371899775392343,-0.0210367209616367,-0.0636973416458725,-0.0719992506608431,0.0011422770500152,0.0746079973629517,0.178459241886773,0.26870500447311,0.160422536369214,0.0851987254840042,0.0319805442829489,0.00886262583934305,-0.00785757240301186,-0.00631587217039988,0.00056564980379802,-0.00582315700025918,0.0093245767238012,0.00779201040666347,-0.0150962557324803,-0.0134422870586367,0.00241913304032978,0.00135117531933493,-0.0170182053412956,-0.00953683584479797,0.00315389282228949,-0.00146318129757016,0.00949830109122318,0.00110730013687147,-0.0393821847977862,-0.0710505612480107,-0.0789537938148867,-0.111293649938497,-0.119861471044744,-0.147406077626397,-0.160982282830735,-0.151435166866732,-0.149349052787313,-0.106037452307035,-0.0875024121075804,-0.050464414268911,-0.0142101753971348,-0.0146943347419316,0.0141251680250096,0.00510262670016809,-0.021166833926457,-0.045776587651168,-0.0336510437361869,-0.0548587910026985,-0.0614066321719953,-0.0571753048217394,-0.0817381861862427,-0.0662077024371492,-0.0621135565630501,-0.0888857014457144,-0.108335247702843,-0.129741403077909,-0.131681810692579,-0.135163899631922,-0.139345890241247,-0.146250362342939,-0.12964621194869,-0.168243580377558,-0.155242485726973,-0.156378421387857,-0.108442328147326,-0.0705777614434268,-0.0894983956173573,-0.113865538634367,-0.167887992805319,-0.165832745035878,-0.159109794590428,-0.16627856587225,-0.150954510403361,-0.142551553338339,-0.124562185735333,-0.111755256877712,-0.0706057735268154
"59",0.0388840484831985,0.00835296889599879,-0.0293597027475182,-0.0417588413846894,-0.0701707935564936,-0.0619886390257894,-0.105813573948469,-0.104759980251489,-0.104960933873651,-0.091475709352949,-0.0402191607841751,-0.00797810321653286,0.0250270080022638,0.0668220670047596,0.0555818484586183,0.0642785445506471,0.0476257643285481,0.0302052401858971,-0.00518060440114729,-0.0280433657117365,-0.022137792038936,-0.0366114285596594,-0.0890272274696765,-0.10651433587947,-0.127304710556367,-0.093299294597243,-0.102936896343278,-0.125968773000491,-0.074568383665244,-0.0513833086674995,-0.0326314472974626,0.0039738272537798,0.0313153737530876,0.0412336173723293,0.037656947252095,0.0149551278586298,-0.00319342199365854,-0.0118899599518151,-0.0276252587400765,-0.00289671863621744,-0.00756430090522572,-0.0347815193718416,-0.0494843169606705,-0.089037841821583,-0.0655058752826344,-0.0298478649577825,-0.0520177265021998,-0.0578340976941165,-0.0193917224161931,0.00865839703197811,0.0190783806070477,0.0282915287971265,0.0464719174265415,0.0939930320095214,0.133433864622055,0.279133928084232,0.57393172731488,0.757084239777989,1,0.758513763754282,0.58062517922311,0.500200416618015,0.437725475730776,0.358984254492778,0.255370528440437,0.179724881350929,0.170535700569227,0.0858076436444769,-0.030056045935397,-0.0150053545159506,-0.0298717280597119,-0.129922785998005,-0.148549795468401,-0.165365958103026,-0.107247153932293,-0.0875005834856426,-0.124790355598875,-0.141360792310779,-0.16235706724823,-0.144042125622728,-0.115154785202162,-0.0640009113419348,-0.0265378976601868,-0.0380359946186822,0.0721827050910452,0.0706749798921904,0.0873311634212061,0.171807607496189,0.301283954083294,0.145464442204841,0.118778990294245,0.0507835583999763,0.0135565470391543,0.00361383765851662,0.0106848232805123,0.0240496059422362,0.0323438436038848,0.0246816892701293,0.0141763426094792,0.0237983438864034,0.0339484182323931,0.018237154334519,0.0148645017800019,0.0113932694247296,0.0230821073416197,0.014832277834834,0.0149509856856309,0.0323110806067161,0.0156195465323739,0.000115102445501751,0.00328878395469747,0.0270772560759227,0.036511192881808,0.0286784347634351,0.016559602128061,0.00975949381526663,0.0224817551621226,0.0156703896964687,0.0261322486283023,0.026266048316341,0.0268485025512127,0.0256442757253948,0.0258971042199948,0.0203095458686862,0.0220009344620891,0.0263791855250113,0.0207447455713097,0.0159286439804338,0.011941723802451,0.00491882419843408,0.01398742300777,0.0131113919868219,0.0191894115663843,0.0105775242071069,0.0221905418178449,-0.00614300304223823,-0.0218182679719892,-0.0300045127044555,-0.0231316224734088,-0.0318754281907971,-0.0497739482942146,-0.0669059809861991,-0.0546515505043241,-0.0420867367586115,-0.0745805649109339,-0.0909813132357775,-0.0333632881486295,0.0341047659098532,0.128845078880296,0.224823392782243,0.135464381665556,0.0579963676180029,0.00559449536300449,-0.00893644981025981,-0.0168405127616128,-0.00636101774663763,0.00809974999394979,0.000112855302523648,0.0156343985412439,0.00821857247625347,-0.0209989738020357,-0.0183690458718295,-0.0033469541255375,-0.0118273220289447,-0.0329417181240123,-0.0218001699896788,-0.0122142927658053,-0.0232410174262873,-0.0129664534845589,-0.024754701456291,-0.0728166963321277,-0.0998437831600672,-0.103760994181429,-0.135018801744881,-0.136765159911734,-0.155770595368775,-0.166378783474737,-0.144611953302695,-0.144430182645578,-0.093261190457281,-0.0685345516961721,-0.0258339262945945,0.0133222358425584,0.0115168840369198,0.0392773531509266,0.0242244634098672,-0.0108277303855056,-0.0461646947744829,-0.0391055685176354,-0.0652202006086474,-0.0761688177641128,-0.075616237985728,-0.104552812801342,-0.0904459518647473,-0.0878756920827257,-0.118625333110152,-0.13754884161535,-0.157704232022104,-0.159456276919902,-0.158498274158394,-0.157795518152241,-0.161503823850843,-0.137883508167727,-0.174802177728351,-0.155993845541569,-0.150554507559293,-0.0989103046801589,-0.0556739736913321,-0.0751178304132901,-0.102712565101394,-0.162727805802675,-0.166097254145909,-0.167298145207293,-0.182698989876645,-0.172057452070104,-0.170676087392935,-0.155384562932388,-0.146960315465487,-0.103477962346687
"60",0.0771869713705474,0.0318855051872896,-0.0184360091786831,-0.0357943650590108,-0.0649925521251905,-0.060717999524765,-0.104910132460996,-0.117740234048861,-0.117958407465978,-0.115324475794901,-0.0637582183150576,-0.0250959382819571,-0.00104970587598923,0.0410802013056986,0.0272912035914525,0.0347515004031768,0.0237200662597364,-8.8765387279174e-05,-0.0262424179683109,-0.0536361506425074,-0.0529728942199575,-0.0686923918395642,-0.123334053577281,-0.144051719208851,-0.164939626242805,-0.133909890152951,-0.143626898594982,-0.160324881046728,-0.105607841295282,-0.0693791248290817,-0.0385654632748599,0.0100865661944244,0.0414872150528882,0.0541247563532548,0.0543538801780785,0.0352030877057411,0.0150226149673065,0.000166487652559246,-0.0133470935548578,0.0220899402510706,0.013228751501549,-0.0156314503819298,-0.0223762366870872,-0.0690102632786753,-0.0525200755419379,-0.00696271552482753,-0.0272464706219065,-0.0451453341600212,-0.0062686350108865,0.0306276852616353,0.0341265211019567,0.0347636621464237,0.0605076694820689,0.109929457504437,0.135456095609594,0.286760543024612,0.578812390612385,0.539164316028912,0.758513763754282,1,0.731774541835005,0.552853220214997,0.591615977942219,0.535420794854879,0.360919902968793,0.284487059791053,0.311463389106796,0.210017008186349,0.0619383512459414,0.0948119788535814,0.0786760096118246,-0.0501115956462275,-0.0732723054686367,-0.121557302084354,-0.0734288524724282,-0.0868198758724897,-0.139213541310955,-0.181292938220027,-0.205810302724578,-0.203786094602282,-0.177257733064563,-0.130723972492182,-0.0829500609044243,-0.08965850874434,0.047926285116824,0.0141516585723268,0.00847773297709636,0.0619099032781003,0.219852005064181,0.13626193931613,0.148260034892019,0.0776609250760687,0.0401302355190565,0.0240060996588998,0.0288099455802624,0.0398951802717332,0.0533486884473534,0.043544411645827,0.0354552375827522,0.0513380671098813,0.0624868946923832,0.0434057232255849,0.0407465900730027,0.0368456746699847,0.0505178322734522,0.0395600608401522,0.0412863023226708,0.0601318539120731,0.0413617849289577,0.0224340898902868,0.0238718071955558,0.0411175777809911,0.05367769215949,0.0507049560397094,0.0417382828884615,0.0341760448962366,0.0447439654376228,0.0283557386515683,0.0371670731552907,0.0332539114006372,0.0368627557955392,0.0402805714354902,0.0429293662791685,0.0417610078179923,0.0418023533364026,0.0450319994723417,0.0422631746573681,0.0381535494458808,0.0384885937791677,0.0308841696593016,0.0375820590451834,0.0373840035688896,0.0414161569014491,0.0260473828511789,0.0274323940779605,-0.00934942908317587,-0.026527110930446,-0.0321966993823414,-0.0133329866469252,-0.0208520204181662,-0.0323828747617087,-0.043028911177664,-0.0323107574678113,-0.0142833837369621,-0.0339984608829844,-0.0650384277174103,-0.0250783771640856,0.048446687659917,0.157899039601332,0.284706731408564,0.189347576031277,0.10223144151203,0.0308619396955304,0.0068209407868159,0.00164311112851067,0.00265863828769701,0.0145214334268562,-0.0071497616236082,0.00958351833162387,0.0060484374743292,-0.0313654052278756,-0.0357569763073275,-0.0176535799559832,-0.0246387793054164,-0.0528740942168219,-0.0429916159122661,-0.0305645917186287,-0.0436240182423909,-0.0256720213831647,-0.0342325926696138,-0.0862835637960638,-0.114156675566819,-0.118034961854831,-0.144661733252233,-0.15173344167381,-0.163206505894902,-0.183122007652801,-0.149807776312723,-0.155972350806676,-0.0983393553191107,-0.0775023590732232,-0.0263406636998151,0.0123943174165884,0.00678763421982044,0.0348081699744926,0.0155238945476519,-0.0311029551193393,-0.0706041264070948,-0.0671984425027125,-0.103017739823469,-0.111418527423862,-0.11684417064897,-0.149499808397,-0.133661543067613,-0.129520049435957,-0.161734349993899,-0.178081339223709,-0.193224864039592,-0.188548566084002,-0.180552330437322,-0.17642251732333,-0.172476522634359,-0.142980514455556,-0.180013653099283,-0.152323603362615,-0.141180110298913,-0.0837664554092756,-0.038953592331107,-0.0632627555957914,-0.097130998498291,-0.162831521152703,-0.169448260659889,-0.175232380571076,-0.194199949028626,-0.192445013275669,-0.194516983233015,-0.188081731318316,-0.180729679654117,-0.138162932570726
"61",0.0581570515821256,0.0026467297544287,-0.0488849020632509,-0.0662018378954045,-0.0991708938091979,-0.0857426768808068,-0.132140402936304,-0.136884128039325,-0.127997135004226,-0.115154398571974,-0.061496826096232,-0.0164858555303919,0.0197249978514803,0.0660984131360483,0.0674869603838405,0.0708337029727409,0.0651055736365074,0.0448592562048946,0.0148475876864568,-0.0167122243808109,-0.022161840681747,-0.0466956519238377,-0.109707738635922,-0.143193348940557,-0.172780035021027,-0.139219106962943,-0.142322260065737,-0.16862498413335,-0.115757437183545,-0.082258582298431,-0.0597361404797124,-0.008624953135819,0.0272811554825414,0.0436072022635933,0.0385117406902368,0.017122268745959,-0.00489718277703999,-0.013532278588638,-0.0263410699698336,0.00352239963634342,-0.00273652257176765,-0.0330234634199774,-0.0441080149995687,-0.092311769291701,-0.078114560391323,-0.0377610149286084,-0.0590010879873599,-0.0760455703997114,-0.0392633439514693,-0.00698764464573494,-0.000337094751781762,0.00459629181434017,0.0302462686364397,0.0761035797374843,0.109108593522414,0.251999936555743,0.4671329432009,0.564736212769511,0.58062517922311,0.731774541835005,1,0.719330041626939,0.604367164144593,0.617906252551355,0.533073157123104,0.376102125654828,0.357244018934198,0.278906446088873,0.147782761008599,0.142805323552349,0.108277788349398,-0.00864606667019332,-0.0336301116850443,-0.0656196919137438,-0.0128884696143858,-0.0426091508791486,-0.12307565853477,-0.176841397411848,-0.201277971306467,-0.202276821249308,-0.184977917310056,-0.128754239415782,-0.0688657678440096,-0.0428090517006932,0.124050795569383,0.103438079288111,0.0621406494661949,0.11178648179455,0.251781596381794,0.155072797563281,0.151217341621621,0.0705430616718483,0.0212984227238818,-0.00467958234524215,-0.00171245840790338,0.00556323199025447,0.0194850314904925,0.0154532031030896,0.00640441383170933,0.0198142704864487,0.0347202958527909,0.0207270145416268,0.0200504336567833,0.0198306279273584,0.031287791817997,0.0244647687768759,0.0239122259156708,0.0370605213806116,0.0199942010464599,0.0076159621034637,0.0139865989346999,0.035661863570358,0.0485984015602018,0.0431239038783338,0.0223049530611131,0.00506718013227729,0.00891794009107437,-0.00600345119049069,0.00488704362807939,0.00488705954762514,0.0096947192380142,0.00828784334138453,0.00790805988452446,0.00461794884919393,0.00768583419307164,0.0124377016336833,0.0111385561078885,0.0111927460481355,0.010612989055833,0.00527275145107206,0.0118514399128824,0.00531907656988745,0.00402331393169961,-0.00584211547423794,-0.00537759269233626,-0.032107084681649,-0.0419050568222951,-0.044564786924788,-0.0300947047179634,-0.0305023301654729,-0.0291436875509833,-0.035696977261605,-0.0213822936100993,0.00750280624803779,0.000127639252007189,-0.0243518538891358,0.0224905051637211,0.126215349449591,0.198572140272517,0.299285354699569,0.183733781640018,0.0828985486403225,0.00386236461003248,-0.0237019937940785,-0.0282382805804003,-0.0254109490317348,-0.0118028235029255,-0.0309891403283019,-0.0155617468348989,-0.0250862761057298,-0.0612436613647812,-0.0624969041700724,-0.0469182412121104,-0.0554982136144644,-0.0806103452434401,-0.0675041704831429,-0.0564733536204598,-0.0693022143679936,-0.0537053516984264,-0.0629558161912536,-0.116285053224068,-0.143506217220733,-0.146674196700704,-0.176468608407986,-0.177911029964394,-0.189425268942902,-0.19917006230003,-0.162892853088117,-0.160178036774748,-0.0984521449544848,-0.0742594671080392,-0.0275178493025657,0.0123177693759514,0.000488176287516195,0.0271469887549784,0.00300657867895729,-0.0445649025937528,-0.0880622381541389,-0.0811157561806908,-0.11467370877915,-0.124690629480148,-0.129529917544932,-0.161864071302724,-0.146027820835679,-0.146685097893795,-0.181734013089389,-0.196211063837834,-0.211535814275325,-0.20716211149471,-0.198204855323931,-0.191260386547171,-0.188729793084721,-0.154413195015957,-0.190938116808751,-0.164535216679272,-0.151669278344193,-0.0940904937867621,-0.0468100567326627,-0.0668361408008106,-0.101797671058328,-0.170262285534162,-0.182169295991118,-0.189826601103081,-0.217630730181736,-0.213343090454615,-0.220378196488754,-0.213648324041761,-0.20775047373283,-0.160749283873216
"62",-0.0239868653822007,-0.10105463771945,-0.143200897682052,-0.146502390185677,-0.163642020910039,-0.117318956068754,-0.142985041465888,-0.123696860925407,-0.0889848186921994,-0.0625343014761739,-0.00686878682240063,0.0423997923508816,0.0679815357078415,0.10498691170427,0.122301811348125,0.113546800197668,0.114801325830544,0.0991341531353766,0.069776506252855,0.0322750930431417,0.0206610899844953,-0.0156737265452688,-0.0800763483311992,-0.126819329375569,-0.16641780605105,-0.125352869206227,-0.11013228729199,-0.142438544372878,-0.0934926026148615,-0.0481858777063884,-0.0445527613569327,0.0166045868207767,0.0655195264880758,0.0705259158203884,0.054733188190178,0.0358019130710608,0.0171971726933664,0.0245264972512199,0.00571657561379029,0.0292965250192719,0.0113580614305358,-0.0217093335885855,-0.0439493815220855,-0.10279628680953,-0.095214303223972,-0.0637086044250997,-0.0984545415723214,-0.127032040550373,-0.0949722469841424,-0.0801469430501619,-0.0855492186174696,-0.0832923705973423,-0.0645835012578399,-0.0397453347911379,0.00738866411853532,0.0999236928753897,0.306368852434202,0.42193112754025,0.500200416618015,0.552853220214997,0.719330041626939,1,0.758900377980017,0.534213589686692,0.616678277367811,0.567472877501457,0.424321958254292,0.284537027675563,0.26096466315181,0.261215431157851,0.147843539483471,0.0444896555046565,0.0805616156535911,0.0658168099944769,0.14626256952153,0.0977721762501558,-0.00159349457548524,-0.0561802732993446,-0.093818317840176,-0.107376005222653,-0.105117563670245,-0.0588566785856433,0.0184471221105203,0.0872165608944884,0.227044504497726,0.152535806064405,0.0694809908897136,0.0661674631489926,0.145518539722214,0.0244220481665952,0.00965097706710912,-0.0464150402590607,-0.0752772117830333,-0.0916802810217764,-0.063622494749102,-0.047428131420892,-0.019398199151334,-0.00597243137287496,-0.0231486514822465,-0.0164573899777754,0.0158546823485089,0.0111712535670698,0.00392153003031947,0.00887498457405103,0.014621017504409,0.00667894019854923,-0.00402934825934176,-0.0022410342832334,-0.030014169671769,-0.0510685935664886,-0.0450794399440153,-0.0501347630844193,-0.053786374849423,-0.0571676617246264,-0.0640492763007521,-0.0795716021328231,-0.0615652647127482,-0.0652680695115762,-0.0357295989509329,-0.0245766284629587,-0.0114289500233763,-0.0187662411830665,-0.0276051872322617,-0.0374471737998943,-0.0240711989034465,-0.014323024917689,-0.0191275963207829,-0.017063016139318,-0.0292259946136482,-0.0454988306271785,-0.0505627780911833,-0.0664051040024759,-0.0635657395877065,-0.0650830178646318,-0.0552583167640895,-0.0753921080634203,-0.086804602633081,-0.095482821108104,-0.0915966747162048,-0.0947696680262893,-0.0848571466882652,-0.0876885592037821,-0.0763820725835577,-0.0471450898084528,-0.0307390233486186,-0.0509092039288964,-0.0103620923372714,0.107224059795583,0.0975642526355025,0.162167999491254,0.0661666355120104,-0.0378280379425574,-0.0983944027771241,-0.111347839367209,-0.0952110925008226,-0.0718639224335447,-0.0430816996571956,-0.0523739521478344,-0.0434999644489179,-0.0738018645707321,-0.109016250793693,-0.101605841819981,-0.0968653747284435,-0.119515486624099,-0.13744917393245,-0.115101211016662,-0.114903553120939,-0.134667060043644,-0.128870533275932,-0.143079547746314,-0.201984561348066,-0.214193733463324,-0.206972866771932,-0.233286763274131,-0.210650926341974,-0.205922236048805,-0.190975813319389,-0.13660446165049,-0.122536512130354,-0.0519068627197297,-0.0114748161824249,0.0293543471770582,0.0699196448078767,0.0478825622508743,0.0639034457690254,0.0249404607659622,-0.0278211715183535,-0.0905176375232541,-0.0884786044346115,-0.118141457730577,-0.138635919599778,-0.146348960551312,-0.179724778754764,-0.17008238150109,-0.181672246156384,-0.22187558285086,-0.230613561539773,-0.24323007733583,-0.243376029622124,-0.228155687044432,-0.210141486454803,-0.206824053532951,-0.161397990705095,-0.187407343475106,-0.157526311100736,-0.130481187278776,-0.0737632161668641,-0.0196944367674801,-0.0301160854125208,-0.0667065888879138,-0.140140696091251,-0.167690237214605,-0.192113403280619,-0.240857187175431,-0.240830633848591,-0.266474455166138,-0.26278951013836,-0.268769477174757,-0.217700916959945
"63",0.0271648238115602,-0.0543546581787539,-0.108474260784398,-0.11747437307005,-0.132636728990669,-0.0978607102651926,-0.121788632507552,-0.123303203392402,-0.0965577708703891,-0.0901990305972994,-0.0391269043301199,0.0113837296396063,0.0219919150777301,0.0562015836900721,0.063419540340278,0.0560783119018357,0.0615919165252201,0.0382936456125872,0.0232628752260963,-0.0149530852759643,-0.0294777319282973,-0.0610924681073692,-0.120597376383507,-0.1628461972623,-0.19581559943377,-0.163030252245252,-0.152881207051418,-0.171480459452325,-0.121067362644859,-0.063068095056404,-0.0400470934053564,0.0298846857569882,0.0768908521152244,0.0842255744654655,0.0780837003205529,0.0658310087987701,0.0463205480244384,0.0409853528730948,0.0264559647059985,0.0638772652251727,0.0428071137391677,0.0106460691969608,0.0011621378237298,-0.0622354977234593,-0.0621935021587888,-0.0185673568258317,-0.0494920539857594,-0.0911788849273924,-0.0593399225879911,-0.0349358461380927,-0.0496401053833699,-0.0587517091265742,-0.0337727220435911,-0.00835404625435625,0.021775244199498,0.0998507893767059,0.293332257970738,0.327140191313955,0.437725475730776,0.591615977942219,0.604367164144593,0.758900377980017,1,0.779457214987556,0.572192600700606,0.620546959499172,0.620463869641797,0.428550456566077,0.307293492556632,0.38309185544874,0.299069363147985,0.12483621949658,0.14699732667328,0.056477790110559,0.117445715192967,0.0377859619594215,-0.0538908652118358,-0.125157209144478,-0.160366132023643,-0.185566131174521,-0.177556277616016,-0.142059924437595,-0.0706766723612941,-0.0300725856408468,0.115003564382334,0.0370351948203708,-0.020646599931888,-0.0310282677412023,0.0775674906796172,0.015874425579942,0.03507505324535,-0.00796650922110685,-0.0320328973601628,-0.0458027496218879,-0.0216495426555583,-0.00570058260559396,0.0274640104093786,0.03272735029692,0.0195503972439404,0.0360227576652848,0.0652975795140305,0.0537456786807915,0.0471808456439891,0.0494867967737958,0.0588508147018703,0.0455364202478006,0.0388425370879383,0.0460523844243624,0.0167409956585807,-0.0106679185550564,-0.0115712517120581,-0.0244726675562155,-0.0241831666017049,-0.0187408128397601,-0.015526814682559,-0.0249394518907208,-0.00744424101858237,-0.0219527353057367,0.0024423622134478,0.00622580616412328,0.0205671444020587,0.0220524535677919,0.0194748300851974,0.0166441979016529,0.0249528079769012,0.031546095507107,0.0290570218814615,0.0284612330925493,0.0231708141129104,0.00620940914290254,-0.000181266023846884,-0.00877065966437317,-0.00527988906858896,-0.0173566930911026,-0.0210691665901026,-0.0562851026220985,-0.074179276611488,-0.0792651327098086,-0.0568273341365917,-0.0635557995749743,-0.0522546662974098,-0.046706000271248,-0.0406826097329513,-0.0120983735337425,0.0151509838919413,-0.0268123690385569,-0.0187211970918291,0.0836453080628707,0.103686246559036,0.184039106305185,0.1041061619372,0.0143032948739966,-0.0546658781149427,-0.073690410540152,-0.0555438621924007,-0.0441821776055221,-0.020965493863179,-0.0469814999876872,-0.0358196974779789,-0.0555896082778826,-0.0993688523928776,-0.102386715559973,-0.0919404210364101,-0.110069788680693,-0.137487027291617,-0.119604028055486,-0.114639421715157,-0.136035174251562,-0.120102963885713,-0.130616670318912,-0.188568872931807,-0.202017897682956,-0.196423674913274,-0.213961807515311,-0.202531392624979,-0.189782769118323,-0.191649754960014,-0.129525687350086,-0.128616973317213,-0.0573158878849241,-0.0268743831584712,0.0236287140448807,0.0599782353611248,0.0381826875652501,0.0545065917640382,0.0166053671892143,-0.0457582639229584,-0.105892058636952,-0.109356734054065,-0.149234892302059,-0.163752306549997,-0.177860812487174,-0.213470999142131,-0.202154579181721,-0.208500680575234,-0.246473986244656,-0.252788488037757,-0.258971868329071,-0.250738251545389,-0.229179240177291,-0.21031542800635,-0.197536660906341,-0.150700485958568,-0.175958164417676,-0.137316879378823,-0.106870263425986,-0.0468991524863315,0.004149967445924,-0.0142280544184083,-0.0553669281948296,-0.129236336320139,-0.155566436379283,-0.182025469012548,-0.227194615969265,-0.238459285537138,-0.263314796661267,-0.270295402097513,-0.275729507651493,-0.231137948684176
"64",0.0708045647565746,-0.0104133723452747,-0.0707475008532451,-0.089447367161293,-0.106649854083035,-0.0875495271104158,-0.115680053870648,-0.133578691388481,-0.114384858819635,-0.11824330227951,-0.077368285171495,-0.0263071261664408,-0.0113669344026127,0.024739273792173,0.0341535155424297,0.0288330994398985,0.0402726354160877,0.0163021908184144,0.00968241806438684,-0.0267172288226606,-0.0462048752005369,-0.0756323324653374,-0.132474250584586,-0.175275601278271,-0.205196427811061,-0.183869893838448,-0.177142304907347,-0.191057631546527,-0.148619526289442,-0.0958050061086484,-0.0642789775545799,0.0022267623245048,0.0418428392068519,0.0582265524602814,0.0570256451234346,0.0503198091109505,0.0317746633283758,0.0193604297363375,0.0158306536877415,0.0562899473809777,0.0430681371233584,0.017460565635781,0.0188394987667088,-0.0372960827139436,-0.0430454283001583,0.00231935218729411,-0.017384538619547,-0.0582713176357269,-0.0319825613120426,-0.000198738991284274,-0.0103563164602912,-0.0228108352418862,0.0032590949047457,0.033690387542672,0.053160360577665,0.12838119427013,0.282922880027232,0.298905614705287,0.358984254492778,0.535420794854879,0.617906252551355,0.534213589686692,0.779457214987556,1,0.712788067296197,0.573605412722494,0.689027788540282,0.597536373358054,0.398742623736741,0.435177033219504,0.412887517156882,0.241047336652675,0.202010138506267,0.0916881196913263,0.101197251034151,-0.00730072187915815,-0.110318203330797,-0.201587647946021,-0.220914306710659,-0.253354839633238,-0.251602504295648,-0.215249215191817,-0.151134619734173,-0.10896756402339,0.0711581515655524,0.017376703392708,-0.0428111787628916,-0.0441006259959655,0.0855654561585126,0.0642512964264172,0.0967204771403501,0.0480196139558078,0.0101576461865741,-0.0140816919300937,-0.00686643502703709,-0.00233581237222771,0.0262794480931598,0.0259747108873079,0.0202304603707373,0.0418313463517492,0.0630726711131469,0.0511581963235728,0.0517807476055848,0.0539262335592691,0.0643889310313683,0.0547106223747902,0.0523799235764951,0.0598845595935566,0.0381854811932038,0.0177732697765354,0.018458820929574,0.0148982249297027,0.0219533599537036,0.0293278255124238,0.0221007400693588,0.00863908904858291,0.0107159769955147,-0.0125471508325518,0.00153022658622064,0.00116929463322513,0.0131807730243661,0.017627570576877,0.0196574632036014,0.0225908575355654,0.0262858473305207,0.0291507741716651,0.0318482626002277,0.0340591380104709,0.0365723711392185,0.0279356584305735,0.0247917125119199,0.0186773447634748,0.0144866519796685,1.95709787480668e-05,-0.0181358083189402,-0.0485061670887474,-0.0565248615377872,-0.0522615305382637,-0.0194748194986068,-0.0156278230310669,0.00731280509618222,0.0223970703308918,0.0308078173717574,0.0688539148756097,0.106614490910122,0.0591045512842883,0.0491665795246892,0.138743906718491,0.164220230912161,0.242346893535794,0.156345863945804,0.0719480003381789,-0.0114540784538092,-0.0443738306680171,-0.0327943088344435,-0.0387631806511212,-0.027052408944227,-0.0637256025856056,-0.0522212779449338,-0.0606430942006967,-0.10301699842461,-0.113566419275924,-0.0994335821608491,-0.107118061510885,-0.136708638215216,-0.124447350186209,-0.113635867512664,-0.129794789983366,-0.106790012647421,-0.111477297613985,-0.15902976333251,-0.175125127936652,-0.174656164609793,-0.185475953930138,-0.186680016471115,-0.173463636625571,-0.185849641333643,-0.128090850508076,-0.131294968353993,-0.0680824787660802,-0.0524797733504752,-0.00465901554992399,0.0226965558328422,-0.00164788106309207,0.0131152306168296,-0.0198836469076568,-0.0802063274180452,-0.127473227728353,-0.128884647454345,-0.169850108842307,-0.17498717651376,-0.190765780696335,-0.221689349426749,-0.208427689491352,-0.211815914191923,-0.243614229445648,-0.245407417899789,-0.245710816550548,-0.230253622432863,-0.20689407993743,-0.190238710746708,-0.173223606448387,-0.130380090029399,-0.15364342982497,-0.115129059969653,-0.0873581495105725,-0.0321237139559325,0.00982697294290978,-0.0109488875398781,-0.0517904525644785,-0.117517936647874,-0.140854321755717,-0.162653597437513,-0.201552300232071,-0.216966807566295,-0.237654022080109,-0.252229977626041,-0.254288338916486,-0.218268853981962
"65",-0.0226169751856665,-0.121914969734151,-0.168638008387856,-0.175641497710538,-0.181451106105347,-0.131075442687162,-0.144716111343242,-0.132989800446475,-0.0864738492967589,-0.0659322908049227,-0.0252772426799881,0.0305712855865756,0.0526321296994321,0.0843471996021251,0.120942457385461,0.103742806321333,0.12314429004922,0.10965812456652,0.0968569593015595,0.0557734084145381,0.0284591775105187,-0.016044240769815,-0.0781731243928873,-0.139844586960283,-0.184274388415177,-0.155920921275959,-0.129133357969189,-0.158680086923058,-0.126126919411874,-0.0763137165657171,-0.0740521009986405,-0.00685603374806409,0.0428396002096519,0.0534790136589341,0.0364491991382718,0.0295791395916571,0.0149488693476928,0.0245223805528778,0.0189865911753413,0.0435773291768758,0.0270691537347578,0.00172779652408431,-0.0111350454792715,-0.068958619738346,-0.0789515616299761,-0.0509206891566728,-0.0786401826360779,-0.118948704257554,-0.100759326051508,-0.0873526898414116,-0.0975037354017268,-0.105259165569576,-0.0894755247060776,-0.0735352731017468,-0.0350621988482179,0.0172509905335587,0.154277532861947,0.219220480221878,0.255370528440437,0.360919902968793,0.533073157123104,0.616678277367811,0.572192600700606,0.712788067296197,1,0.757648074783243,0.617202631759579,0.597011675942041,0.57866972851703,0.504340869446167,0.399596908741956,0.32821105931816,0.32576581737803,0.299493375922096,0.305655257285155,0.167075288466717,0.0198998352364008,-0.0780193359750765,-0.103644734354303,-0.147675541145296,-0.171001090994207,-0.13634991497632,-0.0526122935626761,0.0577684747918141,0.223343332293278,0.136832056052932,0.0289611823589784,-0.00883691273845958,0.0516799140093848,-0.0139883654789574,-0.0165531559439936,-0.0578159359038422,-0.0917525732766207,-0.117071304308798,-0.0948304202098169,-0.0898549296964204,-0.0554141142996013,-0.0357366904583152,-0.0477350891829169,-0.037263716928369,-0.00211432195832993,0.000652803378044437,-0.000113507938308836,0.00949111292202259,0.0123071936451211,0.00905371211125564,-0.00356961018393532,-0.0114326609571874,-0.0362121881222574,-0.0542395975839526,-0.0453916090811657,-0.0599693661694073,-0.0678480343617575,-0.0649631952709103,-0.0765871666653786,-0.097491845825274,-0.0931169987941359,-0.102622369466845,-0.07374153831491,-0.0596997376905792,-0.0426046843151299,-0.0496482361029359,-0.0575233189163863,-0.0627519508517029,-0.0481226964690212,-0.0407585173715491,-0.039460922204578,-0.0305678089288459,-0.0392782243947478,-0.0512194032466906,-0.0617750836425117,-0.0811115878698263,-0.0879133655163374,-0.0862063190123941,-0.0957758184608779,-0.102598252507616,-0.0986676944320029,-0.0958200538523062,-0.0803261663357606,-0.067521384924483,-0.0285028664306504,-0.00736394257860595,0.00651372630340247,0.0522649120844898,0.112366825838123,0.0877692348580858,0.0843645175532316,0.188556438123637,0.110219459958303,0.135548044440109,0.0489609769164348,-0.048331972332161,-0.119095275343563,-0.14319240099024,-0.118312082470599,-0.106655169644706,-0.083295009547517,-0.103472071146652,-0.0993714992495326,-0.129686234461974,-0.163628988205217,-0.161577182893989,-0.159826351577127,-0.178272958330874,-0.194711746621771,-0.172813745585114,-0.172197264983405,-0.19056016867122,-0.18063665361034,-0.18948438649204,-0.237308869135591,-0.24015570168358,-0.231529332663848,-0.242888632057422,-0.219572684698441,-0.197440150933468,-0.178511920387767,-0.112226331434876,-0.0951190200642568,-0.0282095652496588,0.00173695613670189,0.0340130808410133,0.0601560136426766,0.0232586723862004,0.0268251411732747,-0.0187069100080578,-0.0751663278019188,-0.1350525747266,-0.134374044701676,-0.163897174444148,-0.17816422487378,-0.192446527844501,-0.219708403063689,-0.212224523066804,-0.229026074745116,-0.26430071993854,-0.259433347423581,-0.258849737870626,-0.249945415003069,-0.224503192733553,-0.19899004968724,-0.186441774130264,-0.135761172082171,-0.148763104723705,-0.114251297881954,-0.0774990068483105,-0.0285274700404604,0.0169716073905455,0.0108721748033495,-0.0279200453927816,-0.0935533894569437,-0.13156490944351,-0.164667855786143,-0.22371358291714,-0.236133901859304,-0.273196578775752,-0.286556662947919,-0.298304415816192,-0.257647023917842
"66",-0.0690330378673788,-0.184792381635553,-0.224341127754957,-0.221310413340729,-0.210362155132922,-0.14044903606969,-0.134813043568465,-0.114231111166514,-0.0515408178762364,-0.0307789189781414,0.00884792000938858,0.0667994135303396,0.0708605996997352,0.0930142075240034,0.133920729872292,0.108781956255651,0.133115770711144,0.119439545499955,0.112601942784745,0.0675177931500762,0.0364663597000328,-0.0134493488924325,-0.0729218335947009,-0.140113865849164,-0.18782694673822,-0.157069765345429,-0.118299715328156,-0.144303789895213,-0.114354061966169,-0.0481820645554492,-0.0519122853514808,0.0264223769139408,0.0849914828925471,0.0853271743789197,0.0644003029019836,0.0635497667251231,0.0528221285625065,0.0691544344713711,0.060372115832782,0.0874111454227292,0.0588712105909717,0.0334229520770706,0.0178646294624549,-0.0498017772648414,-0.0673205578541547,-0.0393051317735575,-0.075821058329198,-0.130856776642252,-0.116021664222126,-0.109139053188509,-0.133439289117303,-0.150538851460509,-0.137408271282592,-0.133085889515699,-0.0953496465979671,-0.072014850753481,0.0640844693314168,0.111584872756114,0.179724881350929,0.284487059791053,0.376102125654828,0.567472877501457,0.620546959499172,0.573605412722494,0.757648074783243,1,0.783470785197411,0.57480478783188,0.654737080271964,0.692202628724767,0.501584215955082,0.383951946304219,0.474642818293051,0.402617192667347,0.442151791109078,0.269648747858496,0.106516239203154,-0.00310805951425068,-0.0327956424813292,-0.0995400261512185,-0.138200209696077,-0.125615314719218,-0.0373008430097732,0.0933928431028403,0.214705477785729,0.09607907230023,-0.0106777631770754,-0.0813418758253495,-0.0498071879360316,-0.110087554324629,-0.11168836392987,-0.131170868220095,-0.144795900770919,-0.1616194762269,-0.120343900503003,-0.108639839499554,-0.0607509234880215,-0.0311586381526178,-0.0467353059181929,-0.0369864390339105,0.00986724416726791,0.0166934015254821,0.0111613911659674,0.0229287604753243,0.0232994000724342,0.01649794787406,-0.00118505241748652,-0.0145261374552854,-0.0491301563379749,-0.0776856646470865,-0.0717966319508301,-0.108481992422866,-0.129292968167299,-0.122990330485341,-0.12019770802039,-0.136963565889666,-0.12069483998449,-0.127597879231751,-0.0860724073200471,-0.0673833377844615,-0.0426138729120315,-0.0493456794110137,-0.0609836511969405,-0.0675564984290602,-0.0470763282917438,-0.0372146431639241,-0.0375783864631566,-0.0284698865823743,-0.0430860214591728,-0.0645483434784246,-0.0858189851183858,-0.109511771866762,-0.112835608571258,-0.111126934233449,-0.118239361707269,-0.129596312517009,-0.132535995292212,-0.13719064605277,-0.123116911652818,-0.115193703631484,-0.0755127071844217,-0.0528522672429478,-0.0443524974707308,-0.000578923887391563,0.0750955920042065,0.0446336495373282,0.0204697534699032,0.13020551628226,0.0227820115062994,0.0368504269936583,-0.0257001362981457,-0.120844276852726,-0.175852059907319,-0.190573679912896,-0.147395348878407,-0.125426871619159,-0.0927511686127792,-0.112613536625301,-0.113850370852978,-0.15556917408517,-0.192051498094708,-0.188866161580188,-0.194301077802086,-0.221719313113133,-0.236550527761185,-0.210298558844333,-0.216695249193567,-0.240813651719695,-0.234124247332327,-0.244163944702417,-0.295622945301604,-0.285982491301316,-0.268787051658305,-0.27157135631187,-0.234260493415025,-0.194636129879413,-0.165007453886402,-0.0809956040583536,-0.0625407430446797,0.0107118979560016,0.049541131829229,0.0819406410722878,0.106436227752276,0.0625254579096191,0.0569844350221815,0.000550826524112471,-0.063764839614891,-0.137845659584281,-0.145192944500032,-0.176067687848891,-0.196231510797218,-0.215922615057748,-0.244864144899955,-0.242171554197735,-0.264836574026518,-0.30235661519564,-0.291867372585625,-0.285980657531898,-0.277476783020013,-0.244137780245338,-0.209697321339834,-0.191800899994298,-0.133036471550741,-0.136518655882126,-0.0946249298320353,-0.0442858388501865,0.00574297484731315,0.054677073526589,0.0520143250966929,0.0101464129066778,-0.0592242990726568,-0.108453781241387,-0.156477652363294,-0.22861427394514,-0.250849505276992,-0.301961395379934,-0.322901768654025,-0.344491168094895,-0.304657201545724
"67",0.0101609241663906,-0.0957636297790709,-0.14443149826659,-0.154168078469332,-0.147041914228012,-0.105506819158435,-0.106788545841399,-0.117387849485562,-0.0758126814698322,-0.0810098516312619,-0.0514757990905398,0.00369215121420197,0.00222771134231711,0.0257651545168759,0.0526989052819358,0.0347929050868239,0.0612721466538992,0.04052230380414,0.0480700705330356,0.00705827829781658,-0.0248150993850643,-0.0642528687862711,-0.116156666581601,-0.17295553703362,-0.208750815516112,-0.193210356287599,-0.167907937751937,-0.178097772068681,-0.149993621994362,-0.0825689537900093,-0.0602933971424952,0.0170393516835718,0.063751027155171,0.0734339433274634,0.0674371355296345,0.0734582253328098,0.0617362623036453,0.0582251005747669,0.0601641512893689,0.100918823070418,0.0789888353831298,0.0589788954055511,0.0621599725363156,-0.00070699865622093,-0.023339009539623,0.0175360153156508,-0.00620652107256167,-0.0659767628736609,-0.0523269603138915,-0.0292206545083668,-0.0540073277847613,-0.0808901102805298,-0.06173975001917,-0.0468428870659924,-0.0292060211741199,-0.0118963590987553,0.102455729214164,0.110769384087537,0.170535700569227,0.311463389106796,0.357244018934198,0.424321958254292,0.620463869641797,0.689027788540282,0.617202631759579,0.783470785197411,1,0.803394789190203,0.626708823150687,0.75428249901379,0.698629490639586,0.480945014082866,0.483495049583409,0.290866574008839,0.264874842203816,0.0891107190671706,-0.038219415764196,-0.148486439064764,-0.15866967860059,-0.216495272148016,-0.239388487237283,-0.22429205761444,-0.160857187404328,-0.0844867255612604,0.0697326103259267,-0.0112624312279584,-0.0766444999591262,-0.125409156498396,-0.0475965991785267,-0.0517573043147634,-0.0231099301371182,-0.0385744826620098,-0.0586236623518953,-0.0768788016191546,-0.0548355153621728,-0.0500490030655937,-0.00573599234236961,0.00678316211114764,-2.47900006105196e-05,0.0223383523776612,0.0560285609962113,0.0530361753799532,0.0531384575578204,0.060324035711218,0.0664867521546195,0.0567771446947154,0.0478247920023932,0.0442345558492852,0.0160593820100486,-0.0128096648883942,-0.0131593011260571,-0.0422091264112485,-0.0519010636520701,-0.0379173130607683,-0.0334006956908379,-0.0435620003385459,-0.038179982289819,-0.0589590484901453,-0.0334819125658175,-0.0264069276034489,-0.00633602481157381,-0.00217904987957901,-0.00263774462857495,0.000934478106125561,0.0108153680692601,0.0141887993312592,0.017986180690961,0.0238237301227398,0.0217118530608105,0.00707058259960071,-0.00877982867910023,-0.0192925067513761,-0.0245600698899902,-0.0341863804370895,-0.0610478601511142,-0.085362488364266,-0.0903203080324669,-0.0845154553825891,-0.0464756546978752,-0.0390878392362905,0.00273156303706619,0.0369926183325609,0.0409367945813988,0.0836919892594105,0.165911686229134,0.112712357132792,0.0477785397766575,0.116055506256763,0.0717609007501918,0.107752952541473,0.0550303684427776,-0.0207272311770758,-0.0869348873883587,-0.114697959916881,-0.0808578491977432,-0.0814575055217238,-0.0639392011998545,-0.103697570036262,-0.100444912945408,-0.12002482176677,-0.162014686533302,-0.173485322096558,-0.168411349444654,-0.181997696234764,-0.207693414495871,-0.191205616645712,-0.187017815660692,-0.207593949861365,-0.186924107326354,-0.19172545638554,-0.23368184031747,-0.230863860689545,-0.221413552677259,-0.214934802391141,-0.201121071252169,-0.161751551983375,-0.159046783298709,-0.0802434883173481,-0.0790134440635028,-0.0145319964075661,0.00312075857539525,0.0432152589762379,0.059267104164459,0.0199447651246341,0.017893174583824,-0.028010126973335,-0.0947799451770114,-0.151896591140284,-0.160839595555289,-0.200099171512504,-0.207096004186968,-0.230571571361164,-0.2578780763142,-0.251122051474661,-0.26375760464036,-0.293914245440676,-0.282039705303118,-0.269995205384825,-0.250600552414606,-0.215085746832881,-0.186152587589857,-0.160008975412095,-0.107958659212817,-0.113636819882507,-0.0676109363512637,-0.0225314263203427,0.0269069640840257,0.0655715168119766,0.0517331447322278,0.00850264077051041,-0.0536184056147061,-0.0930536540467198,-0.133107533331386,-0.189797630979704,-0.220405964075211,-0.260773620963594,-0.291435766575273,-0.306317811061635,-0.27814691137925
"68",0.0194459180141567,-0.0795195558145265,-0.123887325356189,-0.138581959696,-0.130219491376718,-0.0985157218427878,-0.0989063943752595,-0.114440447837273,-0.076245634130617,-0.0829424757643661,-0.067814359451313,-0.0169332115251458,-0.0108681546785425,0.010366910939749,0.0462849763028765,0.0283042941316522,0.0609730315115102,0.0457046425234537,0.0592969343818675,0.0233057118110984,-0.0130041127595655,-0.0508905822383145,-0.0955889328159649,-0.15287338276682,-0.186316280372296,-0.182210198345133,-0.156575343840476,-0.166308377651845,-0.153402697154448,-0.100854179685563,-0.0825427221593856,-0.0179401171197254,0.0187215614768803,0.034913672554487,0.0294528130354093,0.040419365242038,0.0325250133656779,0.0295292295840661,0.0424575369740404,0.0759361686545377,0.0642923721462943,0.0533196784168957,0.0623976767997088,0.0137836640234404,-0.0136880801597766,0.0178079040052149,0.00570548224691057,-0.0459407852368448,-0.0429277106052842,-0.0218918801090419,-0.0377988530490761,-0.063183859867281,-0.0507673650881125,-0.0372537648579078,-0.0213540723029091,-0.018996382460941,0.0549300881518497,0.0532678363118267,0.0858076436444769,0.210017008186349,0.278906446088873,0.284537027675563,0.428550456566077,0.597536373358054,0.597011675942041,0.57480478783188,0.803394789190203,1,0.76223166742163,0.699513439881699,0.757952179456441,0.650292493530252,0.531232828317607,0.399355416408071,0.266832099694516,0.0711447646881088,-0.0568808351260635,-0.171942586981143,-0.171658058681501,-0.229404751160726,-0.257592906261085,-0.242552324231719,-0.187513193970743,-0.106834133569396,0.0578437378969551,-0.00321007215988623,-0.0725335669475854,-0.11510443495989,-0.0477039819321068,-0.0344525155881125,-0.00753265777619879,-0.0196346725132131,-0.0484736647634086,-0.0728872200252274,-0.0651898956393166,-0.0721784988847669,-0.0357717830916075,-0.023814133928106,-0.0247285306747174,-0.00355506276302999,0.0229351027851956,0.0248636211675307,0.0316585432998841,0.0404014796561671,0.0442669717338643,0.041502129750206,0.0338277533799933,0.0255666615991325,0.00715617174527208,-0.0113753279083826,-0.00783903883236302,-0.0293513989362084,-0.0374905876529846,-0.024696256181035,-0.0291019978800768,-0.0419337296315073,-0.0515222719425757,-0.073098038808973,-0.0562394248778553,-0.0488386346374774,-0.0321595830652299,-0.0293117723111533,-0.0279500910058295,-0.0218767012696995,-0.0142045160505991,-0.0138390986504209,-0.00600938917228709,0.00393821509859251,0.00554152882628622,-0.000338889059652313,-0.0133220319767468,-0.0232413454109728,-0.0352840972627527,-0.0396198655389608,-0.0765538186630371,-0.0845019162092213,-0.0720920502345142,-0.0554536910013057,-0.0159936356825353,0.00680919814815795,0.0661066267115381,0.110754212504945,0.117515169080609,0.17143627743051,0.268989188499272,0.217883075072676,0.130314040526419,0.148197623904034,0.0905485321607388,0.10662093547315,0.0585117695856079,-0.00443470783459896,-0.07259467328861,-0.107661997318899,-0.080088786543923,-0.0915608645128577,-0.0838700695424597,-0.123773759279067,-0.122752614909701,-0.135681748839252,-0.168228358834135,-0.181362625599995,-0.17670729712424,-0.181383572630568,-0.201746485260231,-0.189338682095015,-0.182687247211724,-0.196353160883516,-0.175543221818639,-0.17665843010399,-0.203169308217232,-0.198504277611956,-0.192820983342051,-0.18025419337583,-0.172524129142423,-0.134265132711829,-0.131698529424888,-0.0640385734196091,-0.0600824607613906,-0.0105763377812406,-0.00574880140106618,0.0212342766864937,0.0253855050736681,-0.0163873319062883,-0.0236448483633762,-0.0631303740950419,-0.11828875739094,-0.159368288231719,-0.163999826322176,-0.195564538905947,-0.194997538197489,-0.216730596983167,-0.234527777123495,-0.228500892100219,-0.241234942834373,-0.262706078997474,-0.245041153040474,-0.228075734266429,-0.205815139808116,-0.171980808288617,-0.145560283451348,-0.119868753634089,-0.0753883304506401,-0.0748225259883195,-0.0360164560939124,0.0038176147223945,0.0401001616529836,0.0659354000701703,0.0562197496446143,0.0192112389118934,-0.0268129273712113,-0.0634682880252364,-0.0976096219606434,-0.148156828560226,-0.178165446243815,-0.215283667221419,-0.249695123307285,-0.262682888576155,-0.245283693136371
"69",-0.0885087355284292,-0.208276176960954,-0.235572368834358,-0.233242045137694,-0.206703922750427,-0.137649931352093,-0.115065187349874,-0.0965184657895255,-0.0257819704196062,-0.00771569789345408,0.00653875999819606,0.0599757532212687,0.0626134660971795,0.073663467708007,0.134289091248765,0.102256751460093,0.14194728422321,0.137153306760668,0.145791721794832,0.105279216848283,0.0627580083048513,0.0102985815995591,-0.0357091943432682,-0.109510933429355,-0.156578575174223,-0.143458039765699,-0.093831301469861,-0.116318945454205,-0.114356727869918,-0.0593006954459822,-0.0741486246676778,-0.00730408312574347,0.0419075071724415,0.0455088889684269,0.0222812154053306,0.0351227910805675,0.0340066863125012,0.0565535478219458,0.0644235459010448,0.081816403922051,0.06096100236704,0.0509343697809765,0.0437751344865803,-0.00821842431198224,-0.0408689517482098,-0.0280802348638314,-0.0514975572737956,-0.105552250921185,-0.111846436722857,-0.112439183295768,-0.132863894844381,-0.155936012124443,-0.156138825679695,-0.161742810237693,-0.128012963714675,-0.148598850101519,-0.0813483597829589,-0.0642693996719192,-0.030056045935397,0.0619383512459414,0.147782761008599,0.26096466315181,0.307293492556632,0.398742623736741,0.57866972851703,0.654737080271964,0.626708823150687,0.76223166742163,1,0.820566855220204,0.699088984241301,0.756188637930431,0.749487697317761,0.728198119900339,0.58358027524299,0.325693152611783,0.139441807976517,0.00909836399812162,-0.00600421057116259,-0.0909583417924144,-0.151384227350093,-0.153757177268228,-0.0738972623946693,0.0844730233539579,0.187376557736005,0.0726229093867309,-0.0288631720333834,-0.11899580832955,-0.128374593801441,-0.153459599857097,-0.158406067315001,-0.156639149457835,-0.170371562377336,-0.191492126942831,-0.159541373312629,-0.162879773418608,-0.117188212245369,-0.0804099564151274,-0.0884932908646725,-0.0808775630485855,-0.0366788647648098,-0.0180434395583715,-0.0155557143128981,0.000623014949332748,-0.0048730683434564,-0.00262816058497002,-0.0221274551809931,-0.0479786389558925,-0.0739648231091281,-0.0934921013072982,-0.0826267487216913,-0.123751881985019,-0.152610748314799,-0.145896500361308,-0.147722177289128,-0.166225536796989,-0.166331167324094,-0.173284534656449,-0.136162794851981,-0.113114085950103,-0.0876571001971388,-0.0964086088193014,-0.107901147462431,-0.111087533761061,-0.0896436537676829,-0.0829915723886136,-0.0774701143256504,-0.0608686714866599,-0.0735970050538562,-0.0875831140753698,-0.112771947449085,-0.139155255211963,-0.151425663034805,-0.140855194115961,-0.164600882773458,-0.151508414952496,-0.13060887445445,-0.122625536713486,-0.105406468111728,-0.0748861957425734,-0.00569791711843682,0.0385866887064042,0.0491351283287123,0.10870018238287,0.221685347992702,0.194185863784277,0.109459070091001,0.130740501801507,-0.0104904630526225,-0.0368040258115413,-0.0749803520414115,-0.149121933436317,-0.19711528366795,-0.217882735720919,-0.170340323250813,-0.15936367793805,-0.136015238756501,-0.157007041547002,-0.166399463752774,-0.206084250004287,-0.229157741696039,-0.228350078256036,-0.240241597363624,-0.259657540125966,-0.264497684346889,-0.241589303938833,-0.249248228006961,-0.266349941527319,-0.261427162687765,-0.265734282591959,-0.294397559953577,-0.271377330771949,-0.253475758579465,-0.238554839015764,-0.200407297065188,-0.147674044319468,-0.109850202781538,-0.0291333642719523,-0.00490657176730533,0.0487635270049615,0.0726889529859327,0.0832394383417593,0.0859601151379452,0.0311865150095411,0.00913420356285844,-0.0458893385590463,-0.0978052946999679,-0.1565953794172,-0.163176589612803,-0.182700255984342,-0.19460712184463,-0.216236854281827,-0.230565586290941,-0.23286844161375,-0.260683160497064,-0.285477753282665,-0.25999948961702,-0.240915212645147,-0.227325168148218,-0.189652675311926,-0.151683218549385,-0.129550946582271,-0.076335607337466,-0.0613188634866878,-0.0248949707731941,0.0283757748467701,0.0575025387597715,0.0876141049067801,0.0945546014311398,0.0600334080108789,0.0142995428545934,-0.0400294535775754,-0.090742224131582,-0.163872587421968,-0.193858837105367,-0.251555381716329,-0.285932564519721,-0.312591630508074,-0.291660170989094
"70",-0.0773478372549,-0.199282718321617,-0.227234139519055,-0.223569617409817,-0.191980162065359,-0.124523138158381,-0.0972080849637261,-0.0867404505728323,-0.0184151118872539,-0.0115918251401592,0.00337838309443115,0.056714691159463,0.046056602103165,0.0546248852823075,0.105009099326498,0.0738914128234939,0.11212669502054,0.101999667926384,0.115725638565131,0.0742746044265542,0.0334636465970639,-0.0159314649887846,-0.059599784753579,-0.128858831203784,-0.171859680600133,-0.159689036573982,-0.111842454599103,-0.125237237628378,-0.119118148956592,-0.051136646178325,-0.0553290728074344,0.0195695120915,0.0703208899638224,0.0701293047795563,0.0520875770795068,0.0685631728500723,0.0677358291135768,0.0836051435069237,0.0899158105711242,0.117081830683507,0.0901017571441254,0.0796129695257522,0.0771005996976191,0.0182737658519566,-0.0169404873992282,0.00516743996288527,-0.0207459729199017,-0.0851743984194124,-0.0889875397617031,-0.0839554323192054,-0.113348262783053,-0.145018858194386,-0.141081762346279,-0.145141587683009,-0.120168926810028,-0.146146561021268,-0.0694676755678938,-0.0643886474789299,-0.0150053545159506,0.0948119788535814,0.142805323552349,0.261215431157851,0.38309185544874,0.435177033219504,0.504340869446167,0.692202628724767,0.75428249901379,0.699513439881699,0.820566855220204,1,0.840700135045395,0.707140056046105,0.809391139824242,0.611402629319324,0.521651276516524,0.273835738101234,0.104220291998509,-0.0217583326906485,-0.0257590027399417,-0.110973660371232,-0.169810455019487,-0.177982127804986,-0.110829070903622,0.0286249756650403,0.124641074716852,0.0109450483013229,-0.068747711861326,-0.162273797105244,-0.156058820744356,-0.165088317939102,-0.157612065646878,-0.149087344188286,-0.153742755641065,-0.170741285706819,-0.133088971588292,-0.132132278615158,-0.0799310663208867,-0.0463895833144014,-0.0535301045361264,-0.0404876071390151,0.00490072816423982,0.0189449111107423,0.0192579460988328,0.033343400660861,0.0303199127688952,0.0270386485241767,0.00965337306242008,-0.0119773848753219,-0.0436707157037355,-0.0712839391619807,-0.0663292266606292,-0.114544832107789,-0.144034081463888,-0.132947480069516,-0.125371235272009,-0.139827175897046,-0.133266234416606,-0.146452830021629,-0.107711941284617,-0.0888946457792084,-0.0602644646786236,-0.0629356291443928,-0.0721810707572142,-0.0721289993699471,-0.0518394865406334,-0.0452431464840738,-0.0400022704584701,-0.0264575337554801,-0.0372607317784571,-0.0561365867313989,-0.0846601462165402,-0.108615193912878,-0.118203627928147,-0.11705206219149,-0.14272488395918,-0.145325257267259,-0.136798947394313,-0.135173017877083,-0.110989778276424,-0.0889377103258957,-0.0314223519667158,0.00870695015889682,0.0159833453528853,0.0680400516303687,0.172464695662191,0.138526486787854,0.0492130729180021,0.0874858143530182,-0.0274748651934025,-0.0392041100765998,-0.0673003122144967,-0.138529876989558,-0.182529772557315,-0.201881242285484,-0.148373866842725,-0.138876334597815,-0.114705314494366,-0.144142818072757,-0.153635990475103,-0.190391408335,-0.220011052807086,-0.225166471624321,-0.23580006393462,-0.255994159664807,-0.26686245727493,-0.245703262662472,-0.252805554432096,-0.272867742996511,-0.26322268149137,-0.266475154556525,-0.298409948312926,-0.273739827253279,-0.253890059642328,-0.233398025162218,-0.197761071455245,-0.138103165140318,-0.108300251171032,-0.019384922014369,-0.0041082725653225,0.0532329341574725,0.0767882181765668,0.095930661716806,0.0990769605976917,0.0455981285782567,0.0234813149484797,-0.0330581783757066,-0.0930027878397768,-0.156033612678182,-0.168979617102322,-0.195403171825951,-0.207010445483803,-0.232962621639396,-0.250915485442233,-0.253291766869906,-0.278544706201599,-0.303922290998682,-0.278390726336483,-0.256609491754505,-0.240073162094686,-0.198022892369921,-0.158380144277147,-0.130488650502418,-0.0751965006156761,-0.0596599251926217,-0.0158470594015477,0.042423536842117,0.0768323389504249,0.108541156695694,0.110083971270741,0.0717406775779859,0.02182272205679,-0.0329679129828654,-0.0882661650528308,-0.160719934064596,-0.198619068964697,-0.257763698869471,-0.297625851465452,-0.326066154770907,-0.306742690183163
"71",-0.0157883841304171,-0.114275655164458,-0.143168815755392,-0.15024005252615,-0.124321964286671,-0.086251639290203,-0.0664761670186849,-0.0790583528448788,-0.0331750861761665,-0.0442301253462451,-0.0423264661987614,0.0020691556209833,-0.00712130810072138,0.00142517053414239,0.040333072173168,0.0175902762022458,0.0547093434422426,0.0430684579233255,0.0658229807197064,0.0332084354110363,-0.00492911528933088,-0.041707488395403,-0.073834902153455,-0.129037839519185,-0.158979511099195,-0.161855158359231,-0.12793608476475,-0.129818232709775,-0.130917693654686,-0.0751196188679215,-0.0634936822327243,-0.00203989571858341,0.0317952027366366,0.0401419886908056,0.0337850849337068,0.0547081013607531,0.0549590865816786,0.0562545349451074,0.0728536514772053,0.103221270617815,0.0876046585684532,0.0852098113429433,0.097054256395145,0.0527286503643836,0.0165008112259351,0.0411616166410547,0.0304070227941357,-0.0268534311078391,-0.0347242726426032,-0.0204982382013911,-0.0431248259112941,-0.076636823090219,-0.071679898565991,-0.0686442698919241,-0.0586603952700418,-0.0897824222989826,-0.0449010701818198,-0.0624373406471292,-0.0298717280597119,0.0786760096118246,0.108277788349398,0.147843539483471,0.299069363147985,0.412887517156882,0.399596908741956,0.501584215955082,0.698629490639586,0.757952179456441,0.699088984241301,0.840700135045395,1,0.824182058895374,0.729406149988151,0.460847098215101,0.264414398349417,0.0810103034312395,-0.0302532076116084,-0.134053042639071,-0.120173360121143,-0.180616324223775,-0.218816775202576,-0.218956681080261,-0.181674334505854,-0.0997029903736618,0.02247530750727,-0.0446030267527354,-0.0944764159320904,-0.161961895938515,-0.126412010063404,-0.0979408679429449,-0.0730988975673869,-0.0635874428569365,-0.0761253552460018,-0.0960730465444395,-0.0804443621643434,-0.089316300031384,-0.0480874027765749,-0.0292513239195213,-0.0272243423337681,-0.00771782096607272,0.0215466867752892,0.0296713077646322,0.0364566313771596,0.0467660354775978,0.047193437353238,0.0452294401286035,0.0360785377034809,0.0213991223937968,0.000468410843769533,-0.020291604847214,-0.0187496875954666,-0.053149985643908,-0.0712262224667576,-0.0569049730270445,-0.0530695508936403,-0.0640002020814577,-0.0712959146327372,-0.0934951359385603,-0.0725220913200521,-0.0632842780376129,-0.0416878430619452,-0.0370820042460057,-0.0373767828548447,-0.0294528986777834,-0.0188213926252715,-0.018129432628235,-0.00893692813294132,0.00289088022527799,0.00285702911951864,-0.00635900646947595,-0.0273330706931284,-0.0407808076503303,-0.0540870186690651,-0.0591895911872849,-0.0981160555560087,-0.103157625921495,-0.0901437215784429,-0.0787495579116446,-0.0422610411331405,-0.0159300004345818,0.0417627509182817,0.0853997047190365,0.0915936678171715,0.143413663633607,0.240598173843486,0.19594084347622,0.0932501203134959,0.0899588873797483,0.0210392618040844,0.0177713150397613,-0.00290980492692726,-0.051677302667173,-0.0990331895559313,-0.128271525998768,-0.089003054411151,-0.0994020393734218,-0.0914948594416329,-0.130785100423798,-0.137385767387209,-0.153197659614615,-0.179497935370716,-0.194495413409747,-0.197275027328178,-0.202621189858169,-0.217422777732261,-0.206574097645416,-0.204931840985404,-0.217675003980076,-0.199808935618721,-0.197841556172331,-0.214658454106839,-0.19660016938214,-0.185443195889532,-0.159084625443503,-0.144938158355152,-0.0927076371199742,-0.0836653389806597,-0.0119865104164536,-0.00847547807903125,0.0316935254124832,0.0343846304264183,0.0518032845665077,0.0450274186477061,-0.000719346165546123,-0.0199408718992485,-0.0611394973431431,-0.111935850025092,-0.151329148770988,-0.16216647687333,-0.188264348128208,-0.18719251856158,-0.211973245327631,-0.223569885495418,-0.223162447559366,-0.239156231845262,-0.253987288132433,-0.228444147364269,-0.203424785413725,-0.180590090340275,-0.142390206750415,-0.111704508669682,-0.0817956414004941,-0.0397424243060811,-0.0253611514215287,0.0137575877398534,0.0604160682145704,0.0863319697307117,0.103571257851423,0.0991108485223776,0.0660693506262212,0.0316885119479945,-0.00975273149168904,-0.0516296455102674,-0.103796060883114,-0.142583427443637,-0.186907870354296,-0.229980103647987,-0.250112675968492,-0.244025099076731
"72",-0.0612771963445709,-0.157309780982108,-0.173254382165774,-0.174595656055152,-0.140792359527378,-0.0936729570729618,-0.0633333732319838,-0.0614826819052486,-0.00513767668513696,-0.0042517445506459,-0.0119169724135608,0.0275910155656728,0.0217180282712008,0.0231466397307311,0.0763889901403625,0.0484892269679084,0.0898054237423307,0.0874772807256887,0.109637221579545,0.0803742786181847,0.0395831643433083,-0.000472741778528598,-0.0262696490616562,-0.0853865415501511,-0.118158436871222,-0.123325063921422,-0.0798979115739462,-0.0873610890259292,-0.103192796373656,-0.0593816045776426,-0.0674572947092473,-0.0175362295630172,0.0136576717712684,0.0188575930833571,0.00448134607734513,0.0279643612043236,0.0342692869829212,0.048407089410396,0.0680661634428447,0.083877838780341,0.0711391252823503,0.0752942833676526,0.0819507473206525,0.0482232271246717,0.0093562145493003,0.0172941408818508,0.0090501543526144,-0.0399069260319571,-0.0583185234092893,-0.0567327483073485,-0.0741750891952417,-0.103229582236737,-0.109146245054787,-0.116104682221298,-0.0992869290805953,-0.147090924889353,-0.132151439745178,-0.148172003881463,-0.129922785998005,-0.0501115956462275,-0.00864606667019332,0.0444896555046565,0.12483621949658,0.241047336652675,0.32821105931816,0.383951946304219,0.480945014082866,0.650292493530252,0.756188637930431,0.707140056046105,0.824182058895374,1,0.847883999719231,0.703640216557879,0.412692251011296,0.200377499909609,0.0679482826188671,-0.0417538905752494,-0.0360736130922125,-0.108006954324894,-0.161233554976523,-0.172147255131937,-0.12711208256363,-0.0110427435169862,0.0746044018669685,-0.0041903010328535,-0.0695745335421623,-0.148577640938648,-0.156041210769073,-0.13791228237113,-0.130519798594412,-0.113496529030999,-0.122933754529677,-0.144033788755284,-0.126739618619872,-0.140933489091742,-0.103371857681939,-0.0739310566353601,-0.0716026946518188,-0.0610711996033576,-0.0298437560728005,-0.0109787587592636,-0.00262862359170865,0.0114600359749945,0.00587151864904397,0.0109154525685135,-0.0024280137648971,-0.0275162701605893,-0.0446698436789213,-0.0579572007181915,-0.0505822467904805,-0.0872152074480644,-0.113120146387899,-0.103976367628106,-0.104536635146387,-0.11911204468572,-0.130745716869054,-0.145094312262394,-0.121229443060154,-0.104977205822039,-0.0826411859002393,-0.0846867401218799,-0.090162763479818,-0.0856543260988878,-0.0703741249139568,-0.0685123974886839,-0.0584911512930878,-0.0415706462531893,-0.046306623498039,-0.0534228789341035,-0.0770851146899821,-0.0974117480669384,-0.114336816533858,-0.108652152739137,-0.144422875033812,-0.128962808272023,-0.101487639101953,-0.0887280432182177,-0.0651366271888418,-0.0262158563033039,0.042473895700129,0.0880087701093073,0.0983034368166206,0.157780212489146,0.262943614017198,0.232001868938541,0.125932139421219,0.0904413701379067,-0.0187462405879851,-0.0517574976747129,-0.063554475569754,-0.107102904149446,-0.142248931187459,-0.167289185709722,-0.125055384307517,-0.130755570122519,-0.122023044847589,-0.149192034381535,-0.162033330071484,-0.185587724180796,-0.1991654536259,-0.207356085627925,-0.218428767677138,-0.224900751369141,-0.227535201521423,-0.215090375917689,-0.219111626599287,-0.228043908115621,-0.219228585358954,-0.216346812693545,-0.223663668167576,-0.196739341122615,-0.18267611894718,-0.15317916782338,-0.128997064552116,-0.0741795810768247,-0.0487628274186185,0.0170735363037947,0.0318141394780372,0.0616293837885426,0.0656669300479941,0.0655758230140099,0.051215717020612,0.00100116460800564,-0.0274071365422212,-0.0691806433508744,-0.107265266289963,-0.14255080135075,-0.151053526059413,-0.164544024847245,-0.165036955072803,-0.186877156586309,-0.190012047575559,-0.194228997915546,-0.216415176626886,-0.226267913433138,-0.195251174031766,-0.167950315161349,-0.14942463906737,-0.113186735597882,-0.0806799561908848,-0.055004029564676,-0.0167040256786652,0.00770316503984004,0.0383546412028861,0.0850678778421772,0.097460646475301,0.107538768219014,0.114112862985447,0.0886042920963765,0.0669111450485443,0.0216307773314972,-0.02173104895141,-0.0770122514599096,-0.11268004256654,-0.161719321129587,-0.203947227296742,-0.228193429473448,-0.227607723969212
"73",-0.116723518649673,-0.228118878665581,-0.237655022121346,-0.22777529740695,-0.18471377668057,-0.1144232703641,-0.0723174323361232,-0.0519650622333313,0.0220972402939363,0.0346855095378473,0.0333366776346657,0.0759674713892277,0.0626584048766845,0.0594872087948711,0.119364388494518,0.0845746731847205,0.126225534959737,0.125892666315859,0.143435061020637,0.109540346895488,0.0680691016771153,0.0205263306118201,-0.00876206129570331,-0.0751469910918587,-0.11525093457302,-0.110645771701534,-0.0554490577490988,-0.0682305667409938,-0.081989839254807,-0.0281858533996645,-0.049824202242125,0.00819596947625595,0.0506590529772862,0.0458194104338987,0.0228935180864711,0.0454930911237651,0.0534764027771751,0.0794749499125469,0.0911848906132224,0.103585655500786,0.080443025329364,0.0808596132662344,0.0771589903685058,0.0343236482589116,-0.00515441328514431,-0.00110097674516925,-0.0207187015336188,-0.0759181651344101,-0.0937709857019676,-0.10128806228477,-0.126285262953168,-0.156100818764937,-0.164809625439692,-0.1803385386985,-0.155204949522006,-0.207670507413297,-0.176608315448568,-0.180035678464192,-0.148549795468401,-0.0732723054686367,-0.0336301116850443,0.0805616156535911,0.14699732667328,0.202010138506267,0.32576581737803,0.474642818293051,0.483495049583409,0.531232828317607,0.749487697317761,0.809391139824242,0.729406149988151,0.847883999719231,1,0.839601688716217,0.623059483268561,0.353446831441863,0.182517414792551,0.061849512384421,0.0587047182777237,-0.0324102502690277,-0.104448562655766,-0.127288239619936,-0.0663087566087898,0.0923429894174382,0.13623335379588,0.0194987958379435,-0.0580911624801047,-0.161574149231308,-0.201785172503637,-0.207364129729065,-0.213708349790392,-0.191005295885672,-0.187502976056383,-0.203483372519062,-0.16596781287398,-0.171842532079811,-0.125058988111322,-0.0830976198492876,-0.0870416357362782,-0.0823261421108864,-0.0386690132385897,-0.0141876962134914,-0.0115419743351783,0.0051948271883076,-0.0039541341445533,-0.000357434220788344,-0.0199708337834255,-0.0513715040898846,-0.0777874504087411,-0.097376746216138,-0.0884735177535316,-0.139375785491093,-0.176741389525245,-0.1699530386927,-0.164178046208265,-0.180106795997607,-0.17845511801535,-0.185760657418547,-0.147052065117083,-0.123635329991634,-0.094571732343704,-0.101318570511751,-0.114268001599011,-0.115416050317994,-0.0921263782067693,-0.0854400179380889,-0.078595775030916,-0.0606634753761034,-0.0742473512725996,-0.0903853434457482,-0.122149047097598,-0.151150707916704,-0.164383568360844,-0.155227619082897,-0.179493026892049,-0.163169245518252,-0.141543686661317,-0.140028717884325,-0.12778088400346,-0.0938484899812421,-0.0308007808905835,0.0090575940850834,0.0193961308033983,0.0735927929412437,0.17846326613436,0.160864172564473,0.0638569765710139,0.058722966254985,-0.0814072657485598,-0.12401085096346,-0.131158698264746,-0.185672164714852,-0.209839965778921,-0.223768398876796,-0.16765464646777,-0.15702465140809,-0.135549701526273,-0.154208525817353,-0.171428136247404,-0.211386833913235,-0.225386433011848,-0.226511442110948,-0.245872229684093,-0.264164099616267,-0.26206845256616,-0.242733490751917,-0.255271096428518,-0.269445892614979,-0.268156801483832,-0.268178362773155,-0.284279187723154,-0.248611232037106,-0.226244043038159,-0.197615228074639,-0.155506438313643,-0.0919262508638047,-0.0497185192526216,0.0289580129358639,0.0514502448503913,0.0907329277291373,0.110432815118238,0.109235559736963,0.0997541725704639,0.0444110741704199,0.0109114517348621,-0.041928128039337,-0.0848113229465688,-0.137127109042259,-0.149612807936444,-0.161530649082826,-0.171900286043096,-0.195119573329623,-0.20136052595071,-0.209523042671044,-0.238954155120532,-0.254505496931658,-0.222169201802168,-0.195688716427303,-0.182591835517676,-0.143044401376696,-0.103271359615033,-0.0784200442874888,-0.0319743965108582,-0.00301197826453654,0.030774405012773,0.0873956232095033,0.102933352889622,0.121300897257501,0.133663436290181,0.106079278194488,0.0765823242184342,0.0210543036584145,-0.0340637279292046,-0.103438812055381,-0.140479093216184,-0.201671283569337,-0.242856119162656,-0.275220818047919,-0.268154203473276
"74",-0.150833952858335,-0.2529654919318,-0.254544968778626,-0.239203320299095,-0.198912453799343,-0.121881329390557,-0.0805630671550979,-0.0432929352979377,0.0343546172235034,0.062899190628097,0.0635116128360435,0.101030696347281,0.0956333605683554,0.0907917526201852,0.15567534153135,0.120416632832254,0.157684424771665,0.164189933536649,0.172250170034179,0.141942369209794,0.104662274302073,0.0568875920436018,0.0291539124412412,-0.035786260458209,-0.078013506503251,-0.0678326427965009,-0.010674765210034,-0.032736425988888,-0.0488861305604657,-0.00881616701709373,-0.0471254358005679,-0.000697369628855206,0.0409156003057332,0.0330488979194455,0.00282010085066366,0.0192443933019072,0.0278903446798316,0.0646854339434696,0.0716044268315288,0.0702541571732762,0.0492460962869914,0.0487927258523109,0.0349031509051656,-0.000104390701316895,-0.0326041935016606,-0.0414225396197865,-0.0626735823154855,-0.104197715291422,-0.122810894007153,-0.140984992409624,-0.159120403186104,-0.177956785104953,-0.192226590178345,-0.213191245168715,-0.179033608789747,-0.224909190264185,-0.200900923358167,-0.188152306154422,-0.165365958103026,-0.121557302084354,-0.0656196919137438,0.0658168099944769,0.056477790110559,0.0916881196913263,0.299493375922096,0.402617192667347,0.290866574008839,0.399355416408071,0.728198119900339,0.611402629319324,0.460847098215101,0.703640216557879,0.839601688716217,1,0.777850231561166,0.477071747757185,0.283325818297221,0.162041047019306,0.13927465360673,0.0425762563854478,-0.0353460450388155,-0.062259933939776,0.0144263969797367,0.198895952158142,0.205152410693421,0.0806187525276238,-0.011785611650912,-0.112140089650146,-0.185094258884264,-0.217982348291006,-0.244550928325448,-0.22616365260121,-0.221242291072177,-0.235120583254074,-0.194572077149635,-0.198673293839961,-0.158440391681624,-0.110486153467377,-0.118398318920139,-0.123588186054444,-0.0791517393813033,-0.0494144560127648,-0.0486994819691635,-0.0304226408510151,-0.0433011254001409,-0.0356808439202287,-0.0586472407411853,-0.0943629045442773,-0.117609293260799,-0.130577442568866,-0.116389746064161,-0.163497702074164,-0.203647029422812,-0.20443824361745,-0.203450695062073,-0.22187359246174,-0.217937445775177,-0.213768335981189,-0.172037785915433,-0.143104247421998,-0.116238339483568,-0.130647560284047,-0.14902005636362,-0.156530052364473,-0.129885175650179,-0.120905424374302,-0.116685300380116,-0.0974853821598046,-0.116902039310045,-0.132294929190316,-0.162522763286632,-0.196022651696338,-0.207671528966184,-0.188891927383669,-0.200181117492884,-0.170362178241753,-0.143869556500246,-0.144276744863796,-0.148786506232241,-0.114823633261487,-0.0537416438591733,-0.0197216602871202,-0.00836437665777554,0.0405697629407827,0.138310185991967,0.139042386951878,0.0642064952797698,0.0584396021058313,-0.105327143926593,-0.162471190612699,-0.171036716200974,-0.225692964010938,-0.23992594326526,-0.2452946206815,-0.192692688898814,-0.17166984279814,-0.145981138013157,-0.14807183063696,-0.166423820988012,-0.214266205554781,-0.219268366884679,-0.210069609319698,-0.234117356795789,-0.256640257117017,-0.245201667188623,-0.222793773897245,-0.24017285701566,-0.252587372628921,-0.261319695063355,-0.263719471643016,-0.278828650112761,-0.242608663619405,-0.219402407958397,-0.199107725707198,-0.148489929831718,-0.0936393763311702,-0.0385014524997351,0.0292267493404921,0.0619550564985291,0.0966837665967575,0.123554045722131,0.11238909525792,0.105679045355838,0.0535811911590036,0.0203758195638727,-0.0305119000308756,-0.0618071777582917,-0.112959853326262,-0.120700648729945,-0.12244610338481,-0.137824561671923,-0.154663287920836,-0.157680757569655,-0.167778386843944,-0.200389590278295,-0.215927457472718,-0.186563365502393,-0.166135028535984,-0.161259631388909,-0.129104131384621,-0.091654644471636,-0.0760410957536171,-0.0336394449919984,-0.00489488468313874,0.018802621876442,0.0693540952509386,0.0782058298007815,0.096549246324209,0.116624213401703,0.0959680888889714,0.071340829106027,0.0173848496926464,-0.0335658293140917,-0.102415044178265,-0.128358325215841,-0.187793768113174,-0.218016468439203,-0.24995730525997,-0.239656055780229
"75",-0.175746250384573,-0.2767727749453,-0.276779443591643,-0.254668812564418,-0.218118939728743,-0.13084862509619,-0.0924106816399554,-0.041768766420154,0.0389156292413105,0.0780498537869576,0.0911758543557639,0.128480673073633,0.123119107695679,0.119588993851559,0.179602083846809,0.145006190053148,0.174192400661002,0.180570438899987,0.177934503883813,0.146593474649667,0.115864502698032,0.0676340249781574,0.0354500400892334,-0.027362955993407,-0.0721371416346596,-0.0501384262703317,0.00655945281973623,-0.0216125198043899,-0.0270678099771204,0.0147997565312736,-0.0296868532095425,0.0186684235698358,0.0667359413217194,0.0529470133666811,0.0184747952650494,0.0267385972000682,0.0321133216184678,0.0742459480328827,0.0697816461562894,0.0655717729810635,0.0386652234611089,0.0303736674707812,0.0060601687251705,-0.0343423824055524,-0.058328484616489,-0.0676960075699777,-0.0982273280591707,-0.136686523911958,-0.147244691136692,-0.169890623899601,-0.190155552684839,-0.20287434402767,-0.214850136115539,-0.237383970729126,-0.197367057440149,-0.225109738042957,-0.174156865967934,-0.139316460179334,-0.107247153932293,-0.0734288524724282,-0.0128884696143858,0.14626256952153,0.117445715192967,0.101197251034151,0.305655257285155,0.442151791109078,0.264874842203816,0.266832099694516,0.58358027524299,0.521651276516524,0.264414398349417,0.412692251011296,0.623059483268561,0.777850231561166,1,0.613640002166191,0.377579027484511,0.250665210838273,0.224868656258556,0.117813164100503,0.0228017375903603,-0.00965001543033455,0.0779154422072655,0.299470671002601,0.265905249961083,0.124325404199724,0.0288781578980895,-0.0764586691685558,-0.166597198657316,-0.230106358702833,-0.269997738690759,-0.257699766155879,-0.246045989916807,-0.25373792359559,-0.200898381787657,-0.194538017972253,-0.152955672272788,-0.102172451322034,-0.116946192218336,-0.126919018620311,-0.0775184527986161,-0.0490248648972339,-0.0543220645880869,-0.0364728222691553,-0.049584810593835,-0.0448670539198455,-0.0703865103116312,-0.10447380458215,-0.132808157262544,-0.149216110128791,-0.134457037523594,-0.183455880899508,-0.225705684579706,-0.230357085904758,-0.2263624978873,-0.244717722767674,-0.227579776538782,-0.215696321905225,-0.166214594404964,-0.134683377365779,-0.107104194579075,-0.125098841073044,-0.14784259368809,-0.161122194021458,-0.131254274910848,-0.11867851347614,-0.119317414123694,-0.102919496162484,-0.128312453646027,-0.149472432696957,-0.180279356296391,-0.216576555326235,-0.221376231939509,-0.201329289365992,-0.196881508204253,-0.171701913866494,-0.155596435114928,-0.165618455981959,-0.18178709693427,-0.16012654938295,-0.114912165982207,-0.0937523398289867,-0.0855802675927504,-0.0501238426164368,0.0297808950755649,0.0402508363800794,-0.00318545784299286,0.0318737878785309,-0.129944376481939,-0.181903315053121,-0.195610861195328,-0.258763475466969,-0.265897695232492,-0.260056916680459,-0.205963293358387,-0.17046838089856,-0.135134537861969,-0.127046755171548,-0.143661766808659,-0.200532737322428,-0.207515922346377,-0.190809335093664,-0.21671675659872,-0.248240345148308,-0.235601284914899,-0.208439159604541,-0.230120606850357,-0.246661491817182,-0.261288294619985,-0.268292865232343,-0.294497476691045,-0.26023967323423,-0.234238220329987,-0.224398164915349,-0.165038424741498,-0.116124789134241,-0.0541230088838063,0.0139301493686868,0.0504470906105066,0.0934048319695648,0.133678591344037,0.12684570483353,0.131231160055191,0.0839886608683559,0.0559718973864671,0.00242174409717626,-0.0302686877234687,-0.0917863261475068,-0.0993488716135267,-0.10077614842004,-0.124583429347581,-0.138429126484418,-0.14676088037724,-0.157062669971198,-0.190959572978479,-0.213106982020056,-0.190566892559384,-0.178173895253412,-0.180463178141819,-0.152231375249584,-0.115073270491336,-0.105142851360679,-0.0600182825442901,-0.0372123323624786,-0.0147463290433931,0.0347379746533173,0.0494616802826246,0.0773851345952363,0.0986071067534156,0.0777225148269583,0.0440313985638837,-0.0099658555275391,-0.0615121677731183,-0.133560575771552,-0.15238578409533,-0.212040279509003,-0.231954735383197,-0.264253066093683,-0.243587292149912
"76",-0.179317473735872,-0.256101165240545,-0.247704648644656,-0.223289225732435,-0.191978388554959,-0.112852025636429,-0.079592690910416,-0.0245687782254331,0.0460423923617016,0.0898061847231518,0.102413042241482,0.129075884325571,0.127538069610447,0.122717970582903,0.172838831117305,0.144545912782947,0.163342940992587,0.1731082835105,0.162971318156858,0.140165138451016,0.119793390186371,0.0808291965933051,0.0559956350975946,0.00673904543776821,-0.0314601154878989,-0.00876089416486329,0.0402121282094988,0.0109894545702283,0.00460609906486585,0.0312604385816116,-0.0183752110277912,0.0144591952933096,0.0547058880244536,0.039373054819178,0.00495773186265992,0.00811109828496937,0.0138271500224156,0.0570890063742871,0.0493370089425902,0.036532094400323,0.0142225669100021,0.00724621967939789,-0.0205217268342855,-0.0487679874124716,-0.0637730171021182,-0.0804971207822209,-0.107234956826841,-0.130048439262993,-0.139829603325956,-0.16526841723774,-0.177399034874195,-0.18217661123548,-0.196720053187639,-0.217192707571188,-0.178322585622264,-0.194237917248661,-0.152795125947775,-0.110482322954875,-0.0875005834856426,-0.0868198758724897,-0.0426091508791486,0.0977721762501558,0.0377859619594215,-0.00730072187915815,0.167075288466717,0.269648747858496,0.0891107190671706,0.0711447646881088,0.325693152611783,0.273835738101234,0.0810103034312395,0.200377499909609,0.353446831441863,0.477071747757185,0.613640002166191,1,0.592284421191516,0.398165033524854,0.350231353169829,0.181803610054821,0.0522584338844003,-0.0166825518182053,0.108480616774488,0.385495899951594,0.298268281982806,0.145169091904004,0.0435275771532044,-0.0244862471858151,-0.125012970489241,-0.200531286709103,-0.251563500304253,-0.248686684254028,-0.234385243552221,-0.240237568801998,-0.190422016068191,-0.183267906912093,-0.151329071450471,-0.102872110603857,-0.11761407565205,-0.133199813498523,-0.0902930896181527,-0.061958865485997,-0.0679853690073706,-0.0515288266803234,-0.065331433024079,-0.0587638136377212,-0.0823188272579699,-0.114424410501331,-0.137578528372494,-0.146045129753375,-0.129603088042154,-0.168035850100375,-0.207467249593149,-0.221946112581674,-0.221078949278721,-0.24148423149122,-0.222609057846391,-0.20590711211568,-0.159674899417968,-0.129280851988173,-0.105327415929224,-0.125196147106276,-0.149414358600547,-0.164944522065988,-0.136011736369858,-0.12269154176952,-0.125151315160703,-0.110298952313985,-0.136345912951223,-0.155566506333401,-0.182362160377963,-0.219534455546932,-0.222121707768276,-0.201628121854634,-0.185753117857819,-0.157979386502939,-0.144855006493972,-0.157685178629193,-0.186777748110073,-0.171928954220583,-0.140099965826765,-0.131520194876465,-0.126357380143055,-0.104102732552805,-0.0481408231481702,-0.0262746723407121,-0.0362407494286162,0.000841742253939148,-0.140996554761556,-0.190070846786117,-0.200448118184807,-0.254790206911683,-0.248554085906399,-0.23632260837207,-0.190683902747322,-0.152679014409934,-0.119206855162206,-0.100379429803633,-0.116344296604532,-0.170764793630527,-0.169872312594629,-0.148862823210922,-0.175522836397586,-0.205639170175853,-0.187818578805976,-0.163227505405855,-0.186031831645134,-0.198517207695389,-0.218220339805841,-0.224568130186521,-0.246321302002584,-0.215225615101411,-0.19156564422127,-0.188043859600498,-0.131041362142546,-0.0950444157284256,-0.0338551949637495,0.015988961150238,0.0533414490082684,0.0858704011891585,0.12564226906063,0.113219600733086,0.119003711928217,0.0821706716147052,0.0582843731705376,0.0141358742645861,-0.00543509578459019,-0.0573064698209162,-0.0613087919572219,-0.0548583295931319,-0.078916637788235,-0.0861874750769597,-0.0908929736162548,-0.101495421407188,-0.132445712493246,-0.150902665751587,-0.133719028382938,-0.127390023484817,-0.135697676110289,-0.116806811152676,-0.0868790197488937,-0.084753067119032,-0.0501356092193656,-0.0306241024430222,-0.0183635505018735,0.0196622040000151,0.0274128014435756,0.0509705593446821,0.0741797781472448,0.0615091705622024,0.0365875047150301,-0.00772596443509134,-0.0488462070987865,-0.10846525587952,-0.117400962432124,-0.166935532554164,-0.176223405200831,-0.203990644579021,-0.184822891574079
"77",-0.222824662102782,-0.29223122156121,-0.277927385348959,-0.239274529536262,-0.207020031288116,-0.112520793896946,-0.0729341712006449,0.00183249348702068,0.0800961496029016,0.136177749364677,0.156469406681882,0.17677955161257,0.160683870405725,0.145514310956102,0.190893398686843,0.159632215738376,0.172565028505542,0.184526765027776,0.16988571539692,0.149222645945708,0.135511883368595,0.0985617125226534,0.0800030827865239,0.0372703930302184,-0.000685716910412278,0.0333021681102698,0.0858208692633654,0.0536797670925568,0.0530402367235618,0.0815128135865457,0.0184001598230967,0.049194201318753,0.0956944821042814,0.0678757519974993,0.0276115874143332,0.0241342363040342,0.028932752139996,0.0832366076484872,0.061678460155856,0.0415140390717069,0.00803516529417542,-0.00559266787495452,-0.0460644897145493,-0.0763331393286349,-0.0841275677783174,-0.107992890300304,-0.145190704107618,-0.164363044543358,-0.169868148452629,-0.207325561450883,-0.22477167390873,-0.223884536169594,-0.240800483481413,-0.273471887173164,-0.228828413234482,-0.24228996020078,-0.190813500951682,-0.156973193995533,-0.124790355598875,-0.139213541310955,-0.12307565853477,-0.00159349457548524,-0.0538908652118358,-0.110318203330797,0.0198998352364008,0.106516239203154,-0.038219415764196,-0.0568808351260635,0.139441807976517,0.104220291998509,-0.0302532076116084,0.0679482826188671,0.182517414792551,0.283325818297221,0.377579027484511,0.592284421191516,1,0.827977196648403,0.64220502275612,0.408997069421272,0.328594967183779,0.111587558858285,0.255144688830178,0.394399869411645,0.159823785435733,0.0200563407146463,-0.0302504309179117,-0.0791545446574254,-0.205103305515098,-0.280384698009425,-0.332483331256914,-0.316485123830431,-0.282217829292984,-0.27078665006892,-0.201795945682867,-0.176620704111667,-0.143265944165055,-0.086269054358808,-0.112197196550267,-0.139644947043074,-0.0886958837599952,-0.0588372074336957,-0.0778902423207506,-0.0631899901589068,-0.0818399299823344,-0.0800730213402551,-0.109526758965998,-0.143733378266788,-0.171655596438706,-0.184755774964469,-0.170469782721563,-0.222164176314605,-0.268519196624174,-0.288075937796075,-0.271238302158821,-0.282625040491715,-0.242607762837237,-0.210643253430826,-0.152856869689958,-0.118087080258092,-0.0924271535745628,-0.119849714610122,-0.152934900786479,-0.178641197307465,-0.144665493475581,-0.126206709570867,-0.136220794600586,-0.125688349895737,-0.162011087972952,-0.190537731337749,-0.219539107321097,-0.259324012365584,-0.247004222069271,-0.22132994409858,-0.186542996799982,-0.160533453604622,-0.156257861525132,-0.177333552549459,-0.220837919093089,-0.215957635373389,-0.195130311065028,-0.197031480661043,-0.2020079335274,-0.192316989521264,-0.145578571024418,-0.124698631971474,-0.132807392230935,-0.120552576422415,-0.243271757283712,-0.284898467466759,-0.268388979755611,-0.315227496109096,-0.291659929919935,-0.257671497786066,-0.206247659408878,-0.147049943009932,-0.100025919218618,-0.0654270334139515,-0.0820695332883776,-0.150553378896877,-0.147677875230604,-0.113938479471702,-0.147862153610057,-0.192409849749562,-0.167133325938232,-0.136375178958504,-0.17015045287856,-0.187781679619776,-0.220662105483183,-0.230838989754848,-0.26241545262986,-0.227557390152467,-0.197165136573619,-0.202241815055355,-0.129773232760039,-0.0957632741890465,-0.0216348723462904,0.0282546016020938,0.0713692921850596,0.107268125928173,0.163469575497185,0.149088382974879,0.162964469052253,0.132565239783699,0.10935556302112,0.0622023161189212,0.0459859892928176,-0.0165619647885711,-0.0229837579427259,-0.0126830267468139,-0.0488877124034261,-0.0533867620141244,-0.060328768937933,-0.0750612855410261,-0.109588565306688,-0.131996077379817,-0.119357741156191,-0.119945637677547,-0.138867466003735,-0.124321996904114,-0.0928348761306546,-0.0976005698969617,-0.0618322035927486,-0.0416863684783044,-0.0332828652832961,0.00538105826733335,0.0118634699585572,0.0422137147334661,0.0714615713152067,0.0627664572546053,0.0354893219659924,-0.0106635512392563,-0.0555328200752638,-0.119143499881115,-0.121577564139138,-0.174612649542313,-0.173090335176008,-0.20506154424456,-0.180087059670291
"78",-0.268135651361735,-0.334503666519115,-0.314485163368652,-0.265960756843833,-0.23668476498981,-0.126586116515345,-0.0850942903987776,0.0128132170772286,0.100284896025159,0.175514235414757,0.202964652190984,0.219611953513753,0.20233212688237,0.181919783224345,0.230229136919019,0.195948942821401,0.204347978182861,0.221342423565905,0.197907409756312,0.178576301306619,0.16945199285745,0.131191325169719,0.11440804839089,0.0735287032295049,0.0318855638356202,0.0769533680121938,0.133900890250263,0.0916870198193294,0.0934609953423194,0.114827815605503,0.0323337158563402,0.0569649890105989,0.108643504321685,0.0731726733520779,0.0229692654382456,0.0115268500606405,0.0161547672458458,0.0849281761024026,0.0533105303636445,0.0203662539818655,-0.0176992560994007,-0.0369323781013083,-0.0917413199946625,-0.120621855354462,-0.120749665381776,-0.156229071607171,-0.20137645543392,-0.211520209381156,-0.214853586574664,-0.265620331222172,-0.281342180987811,-0.270571334898366,-0.292506935194253,-0.334729231180984,-0.277194384663061,-0.281723818398873,-0.220133625175591,-0.176168949426732,-0.141360792310779,-0.181292938220027,-0.176841397411848,-0.0561802732993446,-0.125157209144478,-0.201587647946021,-0.0780193359750765,-0.00310805951425068,-0.148486439064764,-0.171942586981143,0.00909836399812162,-0.0217583326906485,-0.134053042639071,-0.0417538905752494,0.061849512384421,0.162041047019306,0.250665210838273,0.398165033524854,0.827977196648403,1,0.786241828016757,0.691104728822083,0.698557569647244,0.488131552729463,0.542375567419272,0.494356775463746,0.13337764615926,-0.00301387061853914,-0.00186254143045734,-0.078846793952726,-0.240009119810453,-0.340730769765366,-0.406133653155563,-0.388270943343907,-0.343812397920222,-0.322110007522192,-0.239681489604399,-0.204040777192128,-0.172710230605165,-0.105486739052387,-0.140990135448546,-0.181512848726214,-0.123657807293185,-0.0887768293179034,-0.115817827974459,-0.100654828928487,-0.124765033367798,-0.122329760193122,-0.159088876214748,-0.198473556278622,-0.227813183179876,-0.240867529825107,-0.222218598250057,-0.280354772346458,-0.334057314087276,-0.361139743912165,-0.339784927302979,-0.347240613020737,-0.293970365350331,-0.244670448596152,-0.176068574181256,-0.132959831100676,-0.106930294382627,-0.144699217884049,-0.186918375403709,-0.222999275860296,-0.182867874511828,-0.160454673187534,-0.176477898525993,-0.166426674205398,-0.214261705233076,-0.247811546330068,-0.279125172145992,-0.323511264432313,-0.301919444430724,-0.264224711873777,-0.211004048918139,-0.176292106335161,-0.173049062081154,-0.198551509825408,-0.26093881523905,-0.261658692179039,-0.243043988598743,-0.253499652643715,-0.265943176935696,-0.26238557392345,-0.219696918166502,-0.192972091223145,-0.19094935565951,-0.18817118810974,-0.317017455559313,-0.362110744327082,-0.332472945233611,-0.382002453068168,-0.345402846177517,-0.295595176434579,-0.243353978076808,-0.16495279610436,-0.106578428549145,-0.0516200727846052,-0.0689505368799956,-0.152437983355974,-0.142661146543062,-0.093626142604405,-0.134806126515448,-0.190614570494505,-0.154057361697119,-0.116569917286282,-0.159934908793731,-0.179032328477932,-0.226481764989752,-0.240188666864705,-0.278055651417927,-0.241279362570191,-0.207281475156588,-0.224321448472919,-0.13658640583061,-0.108888279188634,-0.0175527241702071,0.0279345643061097,0.0827066888954518,0.120483439914894,0.191346141253636,0.170099304892332,0.191115068943988,0.163700153573493,0.14106150708753,0.0913125985993361,0.0825571290006451,0.0126586912381612,0.00940257916654591,0.0280838515682618,-0.018323354361913,-0.0171091821150273,-0.0237191270304995,-0.041705864845932,-0.0815245281947941,-0.10760415897676,-0.0986740654125284,-0.107362477470097,-0.137274189722547,-0.129269040526591,-0.0975494421688365,-0.112176961749047,-0.0759370840701347,-0.0563592702758813,-0.0555837687305681,-0.0192192987995288,-0.0162227175020819,0.0199657735808026,0.057904666942716,0.0542135336127212,0.0261063231606652,-0.0220993867392984,-0.0674889192210948,-0.136193943420642,-0.127353707239742,-0.182652842249618,-0.167940483891149,-0.202178016824246,-0.170180876207438
"79",-0.227423211139086,-0.285128884844863,-0.255737749766817,-0.218871123431072,-0.187769233586191,-0.100219021561862,-0.0558153636163861,0.0284007029049305,0.105974958676976,0.171861505151103,0.176011463810997,0.183751715381823,0.172701073373438,0.150142714173972,0.198031138795019,0.16793519525667,0.178616454051477,0.19978113542108,0.183586059558734,0.172786858401162,0.163515631234356,0.133388568338354,0.130262539459265,0.0996513235300098,0.0669149457014498,0.0942377482402236,0.14788527210715,0.112560017785226,0.0909857072002734,0.0925231352592777,0.00834490292913607,0.0127929842914907,0.0463861856289913,0.0174216425472496,-0.0311086054638074,-0.0314487023341511,-0.0152453043355839,0.0500805577740884,0.036711198515945,-0.00341871863250728,-0.024722700498332,-0.0264406867985797,-0.0688748055638167,-0.0762024742235108,-0.0827758120281185,-0.128431704885801,-0.154536330574539,-0.153320131240425,-0.1729244087802,-0.222197491740208,-0.222309513138228,-0.212538080501591,-0.246900703288019,-0.285332936867833,-0.229168131765143,-0.248445196978778,-0.220844712427528,-0.183181021928443,-0.16235706724823,-0.205810302724578,-0.201277971306467,-0.093818317840176,-0.160366132023643,-0.220914306710659,-0.103644734354303,-0.0327956424813292,-0.15866967860059,-0.171658058681501,-0.00600421057116259,-0.0257590027399417,-0.120173360121143,-0.0360736130922125,0.0587047182777237,0.13927465360673,0.224868656258556,0.350231353169829,0.64220502275612,0.786241828016757,1,0.848014520863504,0.649477066827428,0.431567584082962,0.281338078540883,0.414987672483603,0.0879610990755832,0.00188432185646579,-0.00833732781455079,-0.0713739752411207,-0.212668592787817,-0.298882219969136,-0.358688715101351,-0.353792944980573,-0.32045015687413,-0.314379495720735,-0.252515699690515,-0.241787524034359,-0.22179000233576,-0.155472137965839,-0.175153838561487,-0.215007988175363,-0.169937233927368,-0.127156779201112,-0.139923003490532,-0.123226984934767,-0.149635911703476,-0.135340067827508,-0.167800570549313,-0.213699940609913,-0.233477029820632,-0.231350872857328,-0.205446461323029,-0.250619018704647,-0.303804853652263,-0.34034890473234,-0.335107856346069,-0.351471934593836,-0.319571431907804,-0.278218052222011,-0.219995980093563,-0.177372916376103,-0.151496171000236,-0.186549469794533,-0.226583237850655,-0.254849262679318,-0.216410208900394,-0.198754700526807,-0.206584455144188,-0.188313515215309,-0.231478716916073,-0.255355980593193,-0.28983749599577,-0.337719849015465,-0.330897058711316,-0.290389439193355,-0.247329507963397,-0.198371322782625,-0.179570583736687,-0.199215898907193,-0.266376415810518,-0.252534871318776,-0.222134068904159,-0.237745744777417,-0.251345938332757,-0.23281665426665,-0.192192659443293,-0.172939779281502,-0.171646594274053,-0.16136412837998,-0.282335859766906,-0.321067157102782,-0.291836784240146,-0.337972486344696,-0.301563770539188,-0.270075378823931,-0.228487173065277,-0.172482869813471,-0.132267194856272,-0.0783203573977666,-0.102243745983587,-0.171889016406671,-0.143474971792553,-0.101479394731664,-0.144788500232699,-0.1812630449628,-0.13470969819283,-0.109355212181003,-0.148499774139706,-0.150502820778142,-0.195176447987434,-0.195183075874736,-0.207619293026578,-0.168581742322269,-0.142067826021582,-0.148113310749809,-0.0751297611304309,-0.0490512033705753,0.0347884718031981,0.0625473691263751,0.115032099577668,0.127709503693591,0.176726305000854,0.138576703938135,0.140669888771401,0.110439917076793,0.0794070926653424,0.0410517120864205,0.0498711650608744,0.00554522389858533,0.00666843978686915,0.0370517114758389,0.00531343754695904,0.00927028636798853,0.0177959292120174,-0.00153523742931501,-0.038453106702559,-0.0479491456908142,-0.030440422333909,-0.0308114051453885,-0.0562238998349126,-0.0508290806280599,-0.025138523254919,-0.0388923048888833,-0.0182502488753663,0.0106041693385274,0.00289859589381098,0.031976379019714,0.0165344049697572,0.0319165494162596,0.0726569559294912,0.0776650756049226,0.0744840543879093,0.0332649433500231,-0.00285218693109963,-0.0555723019069731,-0.0482615269350267,-0.0945176957400689,-0.0863785069098579,-0.117177793393386,-0.105363537842873
"80",-0.227837569375151,-0.276217370259922,-0.246319083700985,-0.20910193285718,-0.185450578284331,-0.0996015659806623,-0.0612101357157893,0.0284714015289854,0.102053753952057,0.174294703435003,0.182032418582947,0.18652327924531,0.180374316576602,0.158681254409887,0.204179202159226,0.17630315862258,0.182558272537916,0.205405485355276,0.1839313217423,0.175692610242866,0.170514911464561,0.142972712490583,0.140654347641789,0.114635392031468,0.0829275507534729,0.113763094988478,0.163342888489876,0.123793617472711,0.105092469555519,0.0979844242840382,0.00967623424484125,0.00713627626512612,0.0388560173304953,0.0100321417980869,-0.040095552888591,-0.0460883734257297,-0.0315954925674053,0.0359985012422871,0.0190055938095186,-0.0265927846609311,-0.0457246749260078,-0.0502029103368319,-0.0971174621477993,-0.100573713246027,-0.100767094540697,-0.150115013267064,-0.176814245501955,-0.167169221062945,-0.183708982203525,-0.235845870828921,-0.231927513575743,-0.215283011733103,-0.249698592841025,-0.28833862109226,-0.228806863043556,-0.237014063969058,-0.206942849586788,-0.16095108013047,-0.144042125622728,-0.203786094602282,-0.202276821249308,-0.107376005222653,-0.185566131174521,-0.253354839633238,-0.147675541145296,-0.0995400261512185,-0.216495272148016,-0.229404751160726,-0.0909583417924144,-0.110973660371232,-0.180616324223775,-0.108006954324894,-0.0324102502690277,0.0425762563854478,0.117813164100503,0.181803610054821,0.408997069421272,0.691104728822083,0.848014520863504,1,0.855091584126019,0.707942675940166,0.470363403290158,0.470165450930257,0.0963927974726061,0.0161894391131673,0.0479411434691682,-0.0408453513082904,-0.191464760716764,-0.291805496859089,-0.357112501866205,-0.355971661707925,-0.323273232685588,-0.313496955643526,-0.252967161243684,-0.239426735040059,-0.225085990219018,-0.160064688184016,-0.182738350377194,-0.22681369682061,-0.183851897340555,-0.141988162634934,-0.156654060501181,-0.141188020605093,-0.168128216754502,-0.153234577000597,-0.186588168999311,-0.231005755268667,-0.24774628151105,-0.243726578429051,-0.216006870821389,-0.256699743567513,-0.307944408885734,-0.346387284387649,-0.342802918560947,-0.356309931028265,-0.322406616997324,-0.274238158516286,-0.216888786313093,-0.17311187742867,-0.150841571974173,-0.189180696235263,-0.230302502998943,-0.2618666073942,-0.223993077599323,-0.206355108604986,-0.216609740221918,-0.199733833324382,-0.2452975109948,-0.267881749530996,-0.299359942285435,-0.344950959613651,-0.33465147767076,-0.289261939053743,-0.239381089275579,-0.187505767564705,-0.169137976657522,-0.188095490562616,-0.261076103256621,-0.251052299854586,-0.223826304032714,-0.243418193432305,-0.259428889883585,-0.245278643964667,-0.212643253214135,-0.190183786577837,-0.178865539075462,-0.171878854672081,-0.286416442889875,-0.324813252686239,-0.294770417478138,-0.339477551330011,-0.299829782837044,-0.263810542954866,-0.229129295550423,-0.168539161247389,-0.127072004994712,-0.0647175604238481,-0.0861727785332651,-0.156746173864031,-0.12515766689332,-0.0775802984153629,-0.120286423232676,-0.15812337934356,-0.108406450304207,-0.082087875216527,-0.122171018569383,-0.123172659168994,-0.172387355198134,-0.17419262080101,-0.187526909102709,-0.15289733150882,-0.128582252815976,-0.142927620424644,-0.0696536627721002,-0.0530557009957,0.0325174324697669,0.0513002217866485,0.106570237125918,0.117470806810404,0.168969056367988,0.129093840076363,0.135074287309306,0.110055218130017,0.0833624776475405,0.048949539926107,0.0637575689721228,0.0221584776349658,0.0271620842315839,0.0611536943235226,0.0275581535660038,0.0360296123374006,0.0449352314656806,0.0261328407230366,-0.00989891790138902,-0.0200114137671974,-0.00699519353979469,-0.0131643448883586,-0.0429387288762128,-0.0437089810860318,-0.0220054903339447,-0.0417865596454628,-0.024480823241803,-2.786491620877e-05,-0.0135529590279181,0.00876697768582146,-0.0083284252060648,0.00808882886581403,0.0503241731062403,0.0588366888953198,0.0568269656136502,0.0200238201448271,-0.0102013393339159,-0.0589736446065388,-0.0432572514246762,-0.0840645359560949,-0.0671323355440575,-0.0946500026258793,-0.0798114310909886
"81",-0.229178840390069,-0.268935115761948,-0.246861267062206,-0.205095555912326,-0.190103513173397,-0.100954048830538,-0.0716589309992801,0.02117341964976,0.0894774950007419,0.163715731503633,0.187030373654309,0.19251973953839,0.183503181512201,0.164010041172952,0.201277338575832,0.175453733484883,0.175953322420845,0.194923297658882,0.168601276445522,0.158812876983494,0.158118586165463,0.131835870706539,0.12438798359341,0.100453519883605,0.068811802331368,0.109681260255207,0.152563558274602,0.111250461556027,0.110853272608281,0.110483244738341,0.0295428295131941,0.0336987266129413,0.0712805978710384,0.0403555417534858,-0.0062289992121874,-0.0224449416173203,-0.0176043487849266,0.0466025799889436,0.0167667660962354,-0.0237954100627494,-0.0505717205237571,-0.0674515896747679,-0.120311153585758,-0.13327215877672,-0.124586947175798,-0.165649803402454,-0.201935315769739,-0.194036521575358,-0.196667427694483,-0.24743099573745,-0.251532564782175,-0.230961842237354,-0.254630654857692,-0.293783395207458,-0.23782096968233,-0.230615455008692,-0.18276295403818,-0.137564510915405,-0.115154785202162,-0.177257733064563,-0.184977917310056,-0.105117563670245,-0.177556277616016,-0.251602504295648,-0.171001090994207,-0.138200209696077,-0.239388487237283,-0.257592906261085,-0.151384227350093,-0.169810455019487,-0.218816775202576,-0.161233554976523,-0.104448562655766,-0.0353460450388155,0.0228017375903603,0.0522584338844003,0.328594967183779,0.698557569647244,0.649477066827428,0.855091584126019,1,0.873585358637612,0.696914689305749,0.446482228385891,0.0630327184034903,-0.0162614257012,0.0582937854831021,-0.0381340056445216,-0.190883705370455,-0.292840790816968,-0.355072942719188,-0.345057609425186,-0.306447132854478,-0.282658365055527,-0.215560313667811,-0.184356476130965,-0.168766725174152,-0.110986731354065,-0.143832571875723,-0.187510244530528,-0.142740007238401,-0.1111700082382,-0.135796337933796,-0.124396334917787,-0.14788251663431,-0.14223092298962,-0.175618527059216,-0.210107183256337,-0.228964695394892,-0.234104582366804,-0.213481682313558,-0.256744143788952,-0.301892352672255,-0.331559301863633,-0.316633325773863,-0.318857846223852,-0.271801546480386,-0.217769878741258,-0.160312881034153,-0.120243938584273,-0.102824158963374,-0.14125376263456,-0.180584873255998,-0.216511404890326,-0.182066445152318,-0.163272304311635,-0.179917727245586,-0.17166501187043,-0.217662655817245,-0.243782073138518,-0.268124353973017,-0.304367474274593,-0.281684062840271,-0.239309027499259,-0.182378254475,-0.143657814888599,-0.138362779715253,-0.159082387092859,-0.226202180913752,-0.230096188425355,-0.216634007203028,-0.235068976176435,-0.252620052853932,-0.253780193084011,-0.230247305566698,-0.205677736864338,-0.191369240732879,-0.198202898749391,-0.294120945203158,-0.329102868254563,-0.295449013305813,-0.332963010487715,-0.293094446165702,-0.244107494215425,-0.211400847965716,-0.139023208403957,-0.0893612760152264,-0.0260443823750825,-0.0393865027351998,-0.111764739713533,-0.0922639237554737,-0.0407331260908072,-0.0776021570328552,-0.125050328069799,-0.0838302890292242,-0.0522372552360975,-0.0922219982259059,-0.103078571767558,-0.153050983181826,-0.164321039552145,-0.192365645725458,-0.165593878088082,-0.140509380513142,-0.16606480074755,-0.0910032575175945,-0.0820094404611395,0.000118387619860462,0.0206000885379113,0.07274927054546,0.0956238744949124,0.157097271804797,0.130359677141276,0.149995737368918,0.134416426434753,0.118791275321832,0.0845514421755305,0.0921254510047528,0.0415796441826155,0.0455836733943034,0.0716619670663215,0.0308412701628419,0.0401005513236502,0.0392963139931053,0.0232242643756597,-0.00982610028407925,-0.0289820632304213,-0.0261281815029272,-0.0411338775444378,-0.074268487999339,-0.0782788217177514,-0.0583155227762756,-0.0811478068547593,-0.059269642959381,-0.045835104395235,-0.0573865519507922,-0.0382402538439846,-0.0443919988126947,-0.0166598917158843,0.020654670376471,0.0262984282002223,0.0111837342548337,-0.0222217730899368,-0.0505678383357729,-0.100173097780697,-0.0790226956868918,-0.11672591512263,-0.0906613792744081,-0.115164655636043,-0.0881312688109355
"82",-0.201617267178696,-0.233648088308155,-0.217789437399056,-0.182623168211322,-0.177101428063177,-0.0986175452425834,-0.0817166070320668,0.00299475168373764,0.0602340462222969,0.131202299188891,0.158641130339446,0.16550670993651,0.167257460999866,0.155655034491038,0.189137213098081,0.168325648443683,0.166133454817813,0.183055825353824,0.153780683701192,0.144470003224843,0.145210769612049,0.121075796298035,0.108790230337706,0.0861563136156398,0.0559774171919081,0.0961122015740123,0.130210653029145,0.0877595575283959,0.0936804244355415,0.088741962758388,0.0173112449064662,0.0201710922006652,0.0543951448628913,0.0304771579862961,-0.0114089208524163,-0.031774203955577,-0.0317637250626204,0.0249514128878276,-0.0042875103100089,-0.0415925768163412,-0.0630560280683812,-0.0827365995995605,-0.132842122897363,-0.145223009124997,-0.132462564176304,-0.167783666910622,-0.201472848206953,-0.190223438890854,-0.187329885774781,-0.231257310762022,-0.232469418876248,-0.209227705637868,-0.226594086391812,-0.25761219188148,-0.205794105514317,-0.184943263322235,-0.135197870742529,-0.0792894355994836,-0.0640009113419348,-0.130723972492182,-0.128754239415782,-0.0588566785856433,-0.142059924437595,-0.215249215191817,-0.13634991497632,-0.125615314719218,-0.22429205761444,-0.242552324231719,-0.153757177268228,-0.177982127804986,-0.218956681080261,-0.172147255131937,-0.127288239619936,-0.062259933939776,-0.00965001543033455,-0.0166825518182053,0.111587558858285,0.488131552729463,0.431567584082962,0.707942675940166,0.873585358637612,1,0.817884242456122,0.52079612744915,0.156059685752428,0.0572583190680331,0.142177209393039,0.0210601342538586,-0.12221174006744,-0.2335659337311,-0.297885702551156,-0.29548026617764,-0.266924668595763,-0.245399494686641,-0.188807997591708,-0.159254171672262,-0.148343156559386,-0.100544171601728,-0.13251579803831,-0.171351651131052,-0.133004737803951,-0.107845968614825,-0.129930824784874,-0.120253921219746,-0.139387715945341,-0.134477782134405,-0.164234753332084,-0.191577001734788,-0.205984701116917,-0.210412621702314,-0.190545377833522,-0.222545421211971,-0.258922782376367,-0.283692661201156,-0.274902961617314,-0.276276098169706,-0.235259215790934,-0.184133582773614,-0.135026582636024,-0.099179283442832,-0.0875149923909497,-0.123131901828063,-0.156718477396006,-0.190209160853486,-0.16110869425949,-0.144999492361531,-0.161326520827155,-0.155341032530298,-0.196243605500338,-0.217096891203388,-0.234485474081525,-0.263509227606874,-0.242194971186016,-0.202021209758585,-0.148981366732725,-0.113698686569712,-0.109354716969941,-0.125451849346754,-0.185060836256321,-0.191544713665325,-0.181099764392173,-0.196404803875785,-0.209827985467981,-0.213701803347631,-0.197044831975999,-0.168984041761529,-0.145057860447025,-0.145397884554006,-0.236051296801712,-0.272994840270874,-0.253498118415792,-0.290319924358235,-0.257961632403871,-0.213685355072127,-0.190491567478105,-0.12365562227769,-0.0785739213827178,-0.0192713798846468,-0.0269290216608113,-0.0911104739742475,-0.0758609774295451,-0.0271830503974136,-0.0564197403812331,-0.0995649866935763,-0.0647390068771301,-0.0345768285261,-0.0681435872299447,-0.0791631283778554,-0.124086144649168,-0.137982290308412,-0.166598635420513,-0.148728693032542,-0.129146368076647,-0.159643142195756,-0.0940831027931383,-0.0941417943041325,-0.0214876657036781,-0.00744521682945449,0.0409616926057905,0.0648886328249431,0.121516286875218,0.100656287421215,0.123678182105718,0.112603816298168,0.104642610044865,0.0758382266780038,0.0827327321629335,0.0377486862147752,0.0453781883644812,0.0681028827791495,0.0307695967650631,0.0418302873953834,0.0386238813667532,0.0267469712937778,-0.00167410116560724,-0.0223053099571083,-0.0243202032944561,-0.0428604070835905,-0.0737872160188198,-0.0809937936189883,-0.0659717694858636,-0.0899624218800351,-0.0699078123380309,-0.0648625847753096,-0.0773828934424182,-0.0652641522153161,-0.0672759566559631,-0.0386862391218794,-0.00660438395711126,-0.00196379355475823,-0.0198855920292749,-0.0468075740216308,-0.0672874134887258,-0.110787786890115,-0.0855894938307468,-0.115251566226418,-0.0858648020854814,-0.103872035778837,-0.0735992252694904
"83",-0.218136884052291,-0.261461961541279,-0.256201947088774,-0.21733253726355,-0.212909406149585,-0.121723914163686,-0.109819923016246,-0.0226060973542834,0.0400574569394507,0.113165196396498,0.156969109462117,0.174614460737615,0.177313132447333,0.172303781579516,0.20815259307002,0.185142223523324,0.183622492294674,0.1958580983353,0.162455650008543,0.144798346546429,0.142632709386197,0.110554148363395,0.0835378440069891,0.0488476540701433,0.0107746089670221,0.0607805920669057,0.0964313222986397,0.0495875886490482,0.0727291963692595,0.0846041047856836,0.020879363825227,0.0425803885013906,0.0897763610478328,0.0659421254076814,0.0252634441631764,-0.0012198042561659,-0.0106356456128467,0.0439903252784112,0.00562543644934519,-0.0217472531271493,-0.0527729363804856,-0.0842090502015865,-0.138924092362298,-0.169046950544214,-0.154420445095716,-0.177541737244087,-0.222688479125702,-0.223285676019233,-0.208653701869543,-0.247984238398806,-0.260277341075813,-0.23940531387745,-0.245124875436872,-0.273326490887647,-0.223320600895425,-0.19071792374896,-0.115537355751604,-0.0501278394664174,-0.0265378976601868,-0.0829500609044243,-0.0688657678440096,0.0184471221105203,-0.0706766723612941,-0.151134619734173,-0.0526122935626761,-0.0373008430097732,-0.160857187404328,-0.187513193970743,-0.0738972623946693,-0.110829070903622,-0.181674334505854,-0.12711208256363,-0.0663087566087898,0.0144263969797367,0.0779154422072655,0.108480616774488,0.255144688830178,0.542375567419272,0.281338078540883,0.470363403290158,0.696914689305749,0.817884242456122,1,0.677973138006304,0.298508207728587,0.117077477396818,0.162441032592843,0.0359161820877806,-0.108956303539535,-0.232506516351143,-0.302079611885557,-0.295024296408862,-0.265489116717713,-0.239080805476865,-0.173093933142134,-0.130566970411979,-0.110044505709107,-0.0649826702434687,-0.105173369890807,-0.138943464580674,-0.0930307036002055,-0.0751352854835332,-0.103348548887562,-0.0939042930728723,-0.108805900571643,-0.111859385861213,-0.142538460382995,-0.163565186105698,-0.184373001616082,-0.199684502227472,-0.184962572849672,-0.222051412318032,-0.256145225572229,-0.271104902188304,-0.255715363982372,-0.254604784493098,-0.204751452048631,-0.154506577345703,-0.101408685949033,-0.0671885301746779,-0.0556308656258253,-0.0899206087394801,-0.12148304710877,-0.156847941378172,-0.128312287945484,-0.110217428855414,-0.129937868696162,-0.128829361047722,-0.168905302919212,-0.194075778078017,-0.207989078322874,-0.233719658387325,-0.206826272900534,-0.172267992898648,-0.119150845083687,-0.0954332102140967,-0.100320051587807,-0.117861678529331,-0.16698017441628,-0.181060941012809,-0.175983763966099,-0.182466595254643,-0.189614428019233,-0.200680054811581,-0.179111365210866,-0.143799818463151,-0.116916711678994,-0.111664925218067,-0.219598865591453,-0.265784002026998,-0.258538283798146,-0.301765849738826,-0.277032211273948,-0.22711314303177,-0.196511116062557,-0.120324252196058,-0.0658226401006516,-0.0135003908009254,-0.0154968421520822,-0.0852942606472906,-0.0872089205704692,-0.0387139382245415,-0.0630304506112107,-0.116211768708364,-0.0936021309950517,-0.0558594692600038,-0.0880725468592074,-0.111559899616964,-0.152525456611428,-0.176239441690332,-0.222364671809042,-0.207533685963355,-0.18429428009172,-0.219539121335185,-0.148181714319467,-0.145180313292857,-0.0720094682846679,-0.0420994214358011,0.00559908111053753,0.0496855663643127,0.117515125240204,0.1121795044376,0.147536404014716,0.135564375863116,0.134159733146419,0.0965173211208901,0.0863087744415096,0.0239109936593868,0.0285887826900527,0.0392949449427883,-0.00504730378582457,0.00205066273887802,-0.0131854976114442,-0.0220642888723221,-0.0515185278455534,-0.0846449820651406,-0.091559538514196,-0.113643086553158,-0.143319389151014,-0.145756511756407,-0.125882068595398,-0.147032427758938,-0.113848993078015,-0.1167545838964,-0.119800476449915,-0.101165732449577,-0.0866041936543542,-0.0432358142916209,-0.0163704180621297,-0.0213217923876405,-0.0597489285668341,-0.0922195212345475,-0.119421471138731,-0.175154662212718,-0.152292599189883,-0.188696669701178,-0.159311389319902,-0.17868255679451,-0.133855078721747
"84",-0.23077730326632,-0.296251485184295,-0.284903821071664,-0.25140215828549,-0.235109060500043,-0.139744058382158,-0.117726780471851,-0.0314557387556476,0.0445785585219741,0.119207522152853,0.149355625392783,0.173336731897179,0.185969001764802,0.183492953651837,0.237383044364117,0.209260379022467,0.217574149705449,0.234252309246121,0.203439516555563,0.182244536934731,0.170445198227727,0.129392186577371,0.0987826345589358,0.0505882240263377,0.00538815992825187,0.046800731535601,0.0951980605755165,0.0454045251296283,0.0499708311967187,0.0596022848786656,-0.0137043621537377,0.00843001239783421,0.0549757569447288,0.0353666004496068,-0.0118820897723732,-0.0269732204168443,-0.0270226956096674,0.0334939389932102,0.00995040123889849,-0.0211436876830651,-0.0446712708105537,-0.0637995863327195,-0.113543069173393,-0.139320676409316,-0.136986531199588,-0.167064328129134,-0.204278241449568,-0.207823371398856,-0.207996895461376,-0.247136384724935,-0.251724970097339,-0.237041774267634,-0.252720969726968,-0.277058346085342,-0.220399966631396,-0.201913061567566,-0.138282723315516,-0.0542998324939855,-0.0380359946186822,-0.08965850874434,-0.0428090517006932,0.0872165608944884,-0.0300725856408468,-0.10896756402339,0.0577684747918141,0.0933928431028403,-0.0844867255612604,-0.106834133569396,0.0844730233539579,0.0286249756650403,-0.0997029903736618,-0.0110427435169862,0.0923429894174382,0.198895952158142,0.299470671002601,0.385495899951594,0.394399869411645,0.494356775463746,0.414987672483603,0.470165450930257,0.446482228385891,0.52079612744915,0.677973138006304,1,0.53067891367685,0.254694007560717,0.191436474350946,0.0677588272477347,-0.0794660125946938,-0.219818007685893,-0.304625620249807,-0.313446922092254,-0.295973335617329,-0.29141211155943,-0.231023006356975,-0.209997116654041,-0.186403842454544,-0.130659675546255,-0.159835977332983,-0.191816374113351,-0.143869194095777,-0.112942359878619,-0.12802968320625,-0.111514424769458,-0.129467706542312,-0.121293967025591,-0.152832964687408,-0.186571676160121,-0.207246988202439,-0.213160077591213,-0.188383101928801,-0.221875480828011,-0.263976273520098,-0.287813191469459,-0.290469215146273,-0.308154726204262,-0.275736872041873,-0.234334154561698,-0.178930984934103,-0.138560088859342,-0.119941280532001,-0.154556710732011,-0.188051937845249,-0.218261102943787,-0.184144770208078,-0.166541723814838,-0.177983127996825,-0.165263615329986,-0.204471274880973,-0.22553281915588,-0.248008014244462,-0.287485238422454,-0.278344191161612,-0.24029420210271,-0.19787019909328,-0.157053451251598,-0.144731032475147,-0.159431294180565,-0.212895474371963,-0.208555394852555,-0.182803138521285,-0.184584485217077,-0.183414584072674,-0.173421997038728,-0.132793434722652,-0.091756846469217,-0.0621539656648199,-0.0256298472724803,-0.184468674578232,-0.248722389353815,-0.261320871021262,-0.324321362412522,-0.305309666846226,-0.273701293253509,-0.236223179527831,-0.172409210122267,-0.1248723625601,-0.0766635842814333,-0.088163634854961,-0.159810983155288,-0.152252484823957,-0.109086758177137,-0.139847560478404,-0.183892980537644,-0.154519060283962,-0.119787431290356,-0.151158335303521,-0.166272891601926,-0.20416456359285,-0.219479123912643,-0.25323724812276,-0.228301538309272,-0.204304444318165,-0.226250627305707,-0.152980578248449,-0.137285370633931,-0.0558103677292813,-0.0193422791119183,0.0353096535014348,0.07356551753538,0.133584137730023,0.115708642512526,0.137688032764855,0.109034030081211,0.0941667264394568,0.0501621140051538,0.0416365818634004,-0.0178533900353572,-0.0120386716231382,0.00498760455413861,-0.0326481139059282,-0.0284165207222269,-0.0355310220984264,-0.0467204658497771,-0.0824645407889474,-0.109621444238092,-0.10359999927545,-0.114632574622935,-0.138855113446618,-0.133801298344376,-0.10814522716855,-0.123849162841372,-0.0893468610904146,-0.0801532729875347,-0.0814020997466302,-0.053978142701401,-0.0463276995287117,-0.0110851238343927,0.0214041205582164,0.0151133885904249,-0.0159240229196417,-0.0578650239462354,-0.0919256872646058,-0.155232340897461,-0.140787328448918,-0.18657362227928,-0.17051958688016,-0.195345526172613,-0.159344213140506
"85",-0.129612713810451,-0.187275230043345,-0.19431789693817,-0.184279109010124,-0.181955494587964,-0.122441176395803,-0.124723181949831,-0.0772738393937206,-0.0292541906159756,0.0204010100273009,0.049495175017571,0.0806057833181587,0.115171655042344,0.132975021712245,0.178706306525379,0.162342077522531,0.171246602748712,0.179346947929708,0.151995260919088,0.129751634054017,0.114982174893779,0.0782264308439856,0.0362785294456148,-0.0127864714200415,-0.0524818326563364,-0.0241957982305888,0.00513626364477847,-0.0369565318142508,-0.0251477576093234,-0.0169145517724268,-0.0544326710727763,-0.0284808821844829,0.00678809621690089,0.00819526050436143,-0.021488867476273,-0.0349209871350402,-0.042438294510762,-0.0093582208287281,-0.020030667034592,-0.0325434630766716,-0.040996637719787,-0.0580132253618801,-0.087744764414326,-0.113058576253731,-0.111910035138077,-0.120521933891051,-0.143829584352507,-0.149884615932267,-0.143478217677016,-0.15636384728553,-0.155943555623086,-0.146288766979053,-0.146379169274109,-0.145496980847474,-0.10930917497841,-0.0738871179343722,-0.0182833319300422,0.070062493061957,0.0721827050910452,0.047926285116824,0.124050795569383,0.227044504497726,0.115003564382334,0.0711581515655524,0.223343332293278,0.214705477785729,0.0697326103259267,0.0578437378969551,0.187376557736005,0.124641074716852,0.02247530750727,0.0746044018669685,0.13623335379588,0.205152410693421,0.265905249961083,0.298268281982806,0.159823785435733,0.13337764615926,0.0879610990755832,0.0963927974726061,0.0630327184034903,0.156059685752428,0.298508207728587,0.53067891367685,1,0.55481682912208,0.231551278261432,0.170981216691104,0.0865058457298798,-0.043707854404157,-0.118353336101233,-0.148243793581863,-0.162312708038716,-0.175974944225723,-0.149802887609367,-0.145479657546933,-0.128833906287261,-0.100157757523435,-0.116357255589641,-0.126475385956478,-0.0974462854303801,-0.0816145316582232,-0.082340511245073,-0.0689308038835428,-0.0739237879876382,-0.0662298158320613,-0.0836129290653162,-0.100586217589741,-0.111407670223016,-0.114411915420045,-0.0932568799239022,-0.098227215108642,-0.117034181396855,-0.125538527366984,-0.147680116891615,-0.171200731105295,-0.165710552812073,-0.149036370281992,-0.119950166759607,-0.0953284991789202,-0.0866536516971118,-0.105846323179582,-0.120152412030067,-0.134722657365515,-0.115965210153369,-0.107256109486107,-0.110699421537834,-0.0998275286928068,-0.117734112792018,-0.123007170038969,-0.131224516205648,-0.155205198005983,-0.160562263563584,-0.138988187582463,-0.123213826154347,-0.0948463717160965,-0.0798449014463925,-0.0813708234005951,-0.10342141881926,-0.0945982408290223,-0.0695184496196777,-0.0588040245423547,-0.0410521924275222,-0.0253592620915432,0.00551971950119211,0.0455453697789296,0.0919734273444756,0.174528433603574,0.01242806973086,-0.0532165763326462,-0.110799908155199,-0.173767271964534,-0.186131163744323,-0.182291778799565,-0.163010831299075,-0.130998361503623,-0.104384529555327,-0.0846907131309632,-0.0862890109436643,-0.127985653125092,-0.133867234797067,-0.111968478493881,-0.12232764146443,-0.145759695956392,-0.138481890364538,-0.113910113500761,-0.123820661858491,-0.136202571482141,-0.149550472734376,-0.163930687432522,-0.191642081984699,-0.184420983963584,-0.17420276309304,-0.192130928411017,-0.151906857815111,-0.145450295914151,-0.0981549473964274,-0.0683505973016245,-0.0314218543885873,0.00633130518552333,0.0419167009930649,0.0403261629535457,0.0599975785394622,0.0345834648434226,0.031738563102331,-0.000486664009151942,-0.0175480047239418,-0.0591956519517669,-0.0497720658761255,-0.0468710015197389,-0.0671445839117204,-0.0657178493482967,-0.0766746951742364,-0.0770468592347885,-0.0995471519034659,-0.124843680319287,-0.12263580348342,-0.130743004339903,-0.13942633007595,-0.132850440365014,-0.115887678127476,-0.123297469689392,-0.0925928978611784,-0.0969100663088497,-0.0919663702852034,-0.0739713150569027,-0.0557663054127732,-0.0255975347013891,-0.0107914948135081,-0.0242679758061712,-0.059023568851394,-0.0881085161941709,-0.107997757243565,-0.155563948888339,-0.145890346868458,-0.175458096422781,-0.167905440143776,-0.179045119980519,-0.145059866890112
"86",-0.0701572921410707,-0.102313037206187,-0.108770333288697,-0.112758812451029,-0.125553031856814,-0.0962014437922054,-0.113636092842236,-0.0813429264487295,-0.0545493970730602,-0.010502844173454,0.00838595131695649,0.0320407703381844,0.0882448502641373,0.113841491901181,0.158459722671316,0.1507040241628,0.156905514363818,0.168495540797853,0.138701022103378,0.124314813802029,0.112129203176739,0.0829887520860332,0.0445140933997973,0.00345656111733068,-0.0285890586714908,-0.0108014268725697,0.00569455757534522,-0.0355632675814171,-0.0314668270771911,-0.0473239764041199,-0.0784578247377313,-0.0737684708465893,-0.0566890080724699,-0.0436998999250148,-0.0671373999276346,-0.0813449444989288,-0.0876804185067638,-0.0634371156694576,-0.0640531510843752,-0.0819312714404433,-0.0721392796395523,-0.0798697499628651,-0.101067662895472,-0.106925825898847,-0.101227474335441,-0.112731860176233,-0.119813019114222,-0.107840610384393,-0.103930134499174,-0.108060735078706,-0.0930195819376442,-0.0771824520476887,-0.0746744292236331,-0.0598803139070967,-0.0381149608374336,0.00280945595175828,0.00990867013161141,0.113514191907192,0.0706749798921904,0.0141516585723268,0.103438079288111,0.152535806064405,0.0370351948203708,0.017376703392708,0.136832056052932,0.09607907230023,-0.0112624312279584,-0.00321007215988623,0.0726229093867309,0.0109450483013229,-0.0446030267527354,-0.0041903010328535,0.0194987958379435,0.0806187525276238,0.124325404199724,0.145169091904004,0.0200563407146463,-0.00301387061853914,0.00188432185646579,0.0161894391131673,-0.0162614257012,0.0572583190680331,0.117077477396818,0.254694007560717,0.55481682912208,1,0.554070649933995,0.335766730771567,0.24635207877416,0.0917531311104423,0.0107466686275745,-0.0445922332240401,-0.0825814759088003,-0.110894972954134,-0.115994506534983,-0.129485349785662,-0.132517369242969,-0.118378756681881,-0.123970771501411,-0.130987477440403,-0.121895778806739,-0.108765154811119,-0.0980461260650698,-0.0878582126890641,-0.0895602573556247,-0.0743975884106554,-0.0826796145166756,-0.0932316422152899,-0.086545667467628,-0.0751318354724431,-0.0483068289528424,-0.0239108683278187,-0.0255672158036018,-0.030858903671315,-0.0793571289485245,-0.107940328325273,-0.12762276610553,-0.11691313698173,-0.110455658670742,-0.0926284162883644,-0.096133214820383,-0.112265026161045,-0.117331134924008,-0.125444190507916,-0.116927687021203,-0.11499014792396,-0.113099562412173,-0.100818099465084,-0.107283066467444,-0.0943907608251423,-0.0908221144951862,-0.104939721180847,-0.12166149974367,-0.098231371734753,-0.0932344383268673,-0.0530465380020415,-0.0249103159701817,-0.015302202427758,-0.0329508002157472,-0.015761736451258,0.0107994508007855,0.021537780595147,0.0474862493400866,0.0680053481133461,0.077681021738404,0.12839837072507,0.196478101739822,0.354209790647226,0.155024959480638,0.0570313232915909,-0.0245257461228182,-0.0836135917468998,-0.10286757894127,-0.114299059169247,-0.118525332608331,-0.106939011082759,-0.0984648779837853,-0.0801442524187933,-0.0787327698148069,-0.101042696698119,-0.0978432784755636,-0.0818065223612225,-0.084317382392414,-0.0904250347689087,-0.08308074472678,-0.0684157686023581,-0.0683098051665857,-0.0693722326079976,-0.0769394964279591,-0.0860158073752795,-0.0978178280898915,-0.102087895856792,-0.103666416962242,-0.124085482872685,-0.10459916435907,-0.115349048779505,-0.082036105287879,-0.0776709921919043,-0.0446212423931709,-0.0248734495085534,-0.00755505852818443,-0.0167785374823546,-0.0043251345983597,-0.0228727705287305,-0.020897784673859,-0.0359167105938953,-0.0365608088807098,-0.0522184706014169,-0.0345930737526389,-0.0255478943268247,-0.0339075860978794,-0.0262412902999836,-0.029259009395023,-0.0258026095589038,-0.0403858166062042,-0.0556260388454387,-0.0564533057743066,-0.0659853192232398,-0.0723307856726882,-0.0751051736253314,-0.0702655387183729,-0.082048065521613,-0.0668691440216088,-0.075423721314872,-0.081277204494155,-0.0796857125734933,-0.0706141221405891,-0.0543414457181969,-0.0420305306545151,-0.047657165852755,-0.0669579074729735,-0.0812094505991724,-0.0829360927052491,-0.109742427053711,-0.0919183509816191,-0.102600663646596,-0.0906057963891104,-0.0904337013191906,-0.0647952580122633
"87",-0.0597506027660017,-0.0744106353412547,-0.0781406799227139,-0.0800380267027093,-0.0984817351857765,-0.0760942712200703,-0.0991196155578984,-0.0658157277407013,-0.0507753665851267,-0.00708896000749833,0.0158913118219508,0.0305627292179194,0.0824889293625317,0.105962190301987,0.134373927650648,0.133106732998495,0.128413954565491,0.139079493850703,0.104806335538797,0.0970911912250891,0.0957679596056167,0.0770380358191155,0.045525296594799,0.0200945196511602,-0.00399947179159486,0.0164642328959932,0.0228436032140152,-0.0159024975366183,-0.00590273746272013,-0.0282597061101329,-0.0571972472957216,-0.0607366596884253,-0.048149144194114,-0.0381146459787223,-0.0584259334889687,-0.0785979060854545,-0.0875031390901045,-0.066105722492597,-0.0734594461075152,-0.0934289411053847,-0.0840073656305587,-0.0953932225355838,-0.118993721624714,-0.119805537714027,-0.10495474339793,-0.116647813891601,-0.123544834846073,-0.102591217799906,-0.0933502913444951,-0.0968801523529766,-0.0787087384356289,-0.0585468113290616,-0.0552573869520563,-0.0369828914792292,-0.0159612175262888,0.0461749793732911,0.0480339264727037,0.138559056355512,0.0873311634212061,0.00847773297709636,0.0621406494661949,0.0694809908897136,-0.020646599931888,-0.0428111787628916,0.0289611823589784,-0.0106777631770754,-0.0766444999591262,-0.0725335669475854,-0.0288631720333834,-0.068747711861326,-0.0944764159320904,-0.0695745335421623,-0.0580911624801047,-0.011785611650912,0.0288781578980895,0.0435275771532044,-0.0302504309179117,-0.00186254143045734,-0.00833732781455079,0.0479411434691682,0.0582937854831021,0.142177209393039,0.162441032592843,0.191436474350946,0.231551278261432,0.554070649933995,1,0.371368529961352,0.271150384609641,0.0944483210860314,0.012339663859508,-0.0446598823426249,-0.0691023257776584,-0.0862829203647393,-0.0889255050226858,-0.0943128611604526,-0.101920073579152,-0.0924642840862944,-0.101399926246066,-0.111549145608142,-0.106377926371123,-0.0981947461822937,-0.0926550167596134,-0.0857822377487458,-0.0866209797897408,-0.0748497150781113,-0.0816215623330386,-0.0864543969064125,-0.0779290231804489,-0.0652519230960838,-0.0408691975941214,-0.0124666086205335,-0.0126158425130385,-0.0269980506534416,-0.0668902120965804,-0.0898044018206289,-0.100219447076382,-0.0855839235546793,-0.0799172034704968,-0.0657441948672328,-0.0711769562702762,-0.0862742688756872,-0.0918013797049464,-0.101980370259301,-0.0948204941894667,-0.0917914795712145,-0.0938978849577646,-0.0865664175048036,-0.0941536187306247,-0.0834497875778391,-0.0774809870115649,-0.0889388471261568,-0.0977493434200575,-0.0784320925020558,-0.0627319021738878,-0.0331589809109716,-0.0160957854114448,-0.0100864442888802,-0.0336592367574983,-0.0300014639165941,-0.0153359058575212,-0.0132660109641787,0.00205220156588291,0.00923445192707219,0.0102420773923942,0.0546835752819971,0.117446312676724,0.185391885413233,0.0808048992199536,0.0190217391885211,-0.0416566513742019,-0.0765810968136831,-0.0832840614028507,-0.0837011094288825,-0.0938495546655466,-0.0769336525759352,-0.0670704240005704,-0.0421222350092698,-0.0375570228382454,-0.0570948353977847,-0.0524886221360039,-0.0333268663626803,-0.0343030911743791,-0.041870860411554,-0.0337946982812175,-0.0206343349728938,-0.0214726528570262,-0.0221992473157219,-0.0331413861014431,-0.0434186870135292,-0.0553971869721793,-0.064711148199716,-0.0684860301274461,-0.0961886105312061,-0.0795835725832789,-0.101433877434357,-0.0736249859577459,-0.0818192426182644,-0.0527201387637617,-0.0374436565447244,-0.0184006838733763,-0.0251640343334682,-0.00755025570982533,-0.0136751063221376,-0.00468584543231338,-0.012151758145522,-0.00676001501912796,-0.0178291290646991,0.000625640948515186,0.0118729556371675,0.00190513827245953,0.0141423862743182,0.0105786065906507,0.0145022809484695,0.00448489829743107,-0.00996208217828278,-0.0178094057229147,-0.034283904290422,-0.0455771438635873,-0.0561512698237156,-0.0576641331059557,-0.0752059580571306,-0.0670760732148964,-0.0818086353015446,-0.0934330274441892,-0.101512116417754,-0.093970371580822,-0.0777282000699025,-0.0673815076808192,-0.0680108752889803,-0.0844402104810102,-0.0890467003507858,-0.0821682815610203,-0.097953247526227,-0.0724328746716915,-0.0737208287063198,-0.0515083663701619,-0.0468072443715818,-0.0204689560855561
"88",-0.0100846158804274,-0.00171430034001943,-0.0103178735966863,-0.0199929381898776,-0.0476727562261432,-0.0501973970604225,-0.0887543210213921,-0.0771486668302827,-0.0819024194367252,-0.052218526685177,-0.0300106744368472,-0.0168258552711809,0.0457003827516457,0.0800485801678763,0.0954091733140338,0.104589979188255,0.0929495577404538,0.0990334417066518,0.0616111739040284,0.0571575657342721,0.0611576860885119,0.0503409712051412,0.0159192883395784,-0.00157529309930446,-0.0189003081907,-0.00420882683726268,-0.0113767095596509,-0.0443663377988737,-0.0303449475572587,-0.0564458257111641,-0.0665003299575807,-0.0727719942769039,-0.0695160517521513,-0.050337387824149,-0.0595769938806379,-0.0795964184637491,-0.091839004995397,-0.087161801944862,-0.0902027356247805,-0.10213298940718,-0.0841052563621276,-0.0922817475479549,-0.105614098387426,-0.101917453052721,-0.0843205290332004,-0.0854001425577196,-0.0821386757906227,-0.0568012738767019,-0.0435605007022463,-0.0288412890964862,-0.00205807908600541,0.016189858091434,0.0302122018202764,0.0725956822764693,0.0803704972943816,0.17847481421448,0.153462051057178,0.256751294235371,0.171807607496189,0.0619099032781003,0.11178648179455,0.0661674631489926,-0.0310282677412023,-0.0441006259959655,-0.00883691273845958,-0.0813418758253495,-0.125409156498396,-0.11510443495989,-0.11899580832955,-0.162273797105244,-0.161961895938515,-0.148577640938648,-0.161574149231308,-0.112140089650146,-0.0764586691685558,-0.0244862471858151,-0.0791545446574254,-0.078846793952726,-0.0713739752411207,-0.0408453513082904,-0.0381340056445216,0.0210601342538586,0.0359161820877806,0.0677588272477347,0.170981216691104,0.335766730771567,0.371368529961352,1,0.499188466575749,0.249735132537257,0.163492992923298,0.0770573132098439,0.0243904796278906,-0.00559843164142051,-0.0292783763035232,-0.044010477448182,-0.0579632125088469,-0.0631248219259338,-0.0614476637143241,-0.0612354174897462,-0.0689495466010387,-0.0673245161691126,-0.0541233027693237,-0.0493127965863742,-0.0442761739561594,-0.0323298127912356,-0.0263064583262805,-0.0212313015557641,-0.00840468666870813,0.0171388736825126,0.0360888645253822,0.093182064065774,0.109421435706262,0.0837559893923533,0.029404499695631,-0.00593510652753417,-0.02964806905392,-0.0330684398924794,-0.0425437321646547,-0.0412136346157654,-0.0496965960849227,-0.0566501607242655,-0.0548994587041532,-0.0572087025535725,-0.0577024257091443,-0.0568828500981647,-0.0543850296990327,-0.0487976165779792,-0.0430540364298419,-0.0257529933996263,-0.00948988797971913,-0.0188616734945471,-0.0335267357259989,-0.0289884074124055,-0.0249052486819582,-0.0121532614510543,-0.00125240526456678,0.00475586589054085,-0.00505285104832547,0.00267714368550912,-0.000937716808870498,-0.00356918280058235,0.0157271796499339,0.0223846317371191,-0.00541770361965178,0.0311952575316693,0.0927568769810741,0.15162401126857,0.182752265588062,0.147269074721663,0.0570656168786675,0.012337857761764,0.00211487667379317,-0.0136357420488154,-0.0339093652304641,-0.0361858161869039,-0.039431917574456,-0.0277594084927886,-0.0198180069939964,-0.0214900039738652,-0.0208701981685,-0.0135097130510323,-0.00645730230299477,-0.00175771443683942,-0.00267148704510902,0.00125700338608618,0.00971619119905259,0.0141746360530729,0.0148040036001658,0.0108171572424158,0.00221728575241036,-0.0179912417645256,-0.0271142383580683,-0.0552823074680685,-0.0579778278637529,-0.0898653025478839,-0.0833428239761674,-0.101662540982335,-0.0839899462151709,-0.0731954099897297,-0.066906729284574,-0.0658665584375592,-0.0486220910260514,-0.0481006442861196,-0.0314263874122534,-0.0286107467495621,-0.0238376663713594,-0.0223947270635878,-0.00216571903891588,0.00425434353197575,0.00290117974210668,0.0155988295398851,0.011328925577865,0.0201205424844435,0.018835133538571,0.0080575837160509,-0.00356158851672915,-0.0205659578212191,-0.0267747841320934,-0.0399586047504307,-0.0490286005164287,-0.0647196432825282,-0.0639726640771523,-0.0865936304544977,-0.0974680878245481,-0.113089292765615,-0.101074255184511,-0.0888760028682611,-0.0880506777146198,-0.0903417982544543,-0.106359003963482,-0.100052191392803,-0.0825846493305169,-0.082765233027236,-0.0573411035981223,-0.0454947033456167,-0.0235878411561788,-0.0111089435253837,0.0125299959508531
"89",0.0874518114721612,0.0953372288599899,0.0689538412811519,0.0390501789675838,-0.00745105598824588,-0.0401105486680981,-0.10672005572107,-0.126040435517018,-0.150514276829467,-0.136591770745192,-0.10744255755514,-0.0831618151475318,0.00268364127697132,0.0611305845203956,0.068524409058226,0.0884349217357986,0.0730398466875047,0.0696084086818233,0.0254279926133249,0.015543184963121,0.0192397351561404,0.00872910669029922,-0.0448769821795003,-0.0660019398690035,-0.0835864864948012,-0.0714105864648901,-0.0924405080680034,-0.1237887486909,-0.0970709745882999,-0.119704149848647,-0.10138883677979,-0.099547795538317,-0.100020134805995,-0.0641983075668767,-0.0621730740207128,-0.0841720771456738,-0.103243903390382,-0.11963530058389,-0.115534469710986,-0.109893163919511,-0.0810879700570537,-0.0884034035175394,-0.088680746783383,-0.088819109098243,-0.0678638057140088,-0.0466368268803792,-0.0327337127914102,-0.00685972595314698,0.0170792186045826,0.0629522775005535,0.101163921526385,0.116479877832129,0.149721153057576,0.231900620576502,0.222790696360694,0.38136327104231,0.334274756162832,0.397167863657423,0.301283954083294,0.219852005064181,0.251781596381794,0.145518539722214,0.0775674906796172,0.0855654561585126,0.0516799140093848,-0.0498071879360316,-0.0475965991785267,-0.0477039819321068,-0.128374593801441,-0.156058820744356,-0.126412010063404,-0.156041210769073,-0.201785172503637,-0.185094258884264,-0.166597198657316,-0.125012970489241,-0.205103305515098,-0.240009119810453,-0.212668592787817,-0.191464760716764,-0.190883705370455,-0.12221174006744,-0.108956303539535,-0.0794660125946938,0.0865058457298798,0.24635207877416,0.271150384609641,0.499188466575749,1,0.551290905711617,0.399924248432555,0.248058783552799,0.149480041861618,0.0913832074428832,0.038060469205786,0.00776709150440031,-0.0141680534028672,-0.0385237351647091,-0.0236352622973425,-0.00758893881039045,-0.0307015023590964,-0.0395834006604564,-0.0126617118497942,-0.0113684688862963,0.0036149641691805,0.0176248099917918,0.0385101141562475,0.0563834247018388,0.0746317613156549,0.111426308593508,0.134997956183985,0.234780047683636,0.286191497084795,0.244283870385302,0.155346236993603,0.097859070114589,0.052037321391615,0.0210596566498492,-0.00780683139399345,-0.0212631608531257,-0.0340044025960844,-0.0318312349251509,-0.0198899372563585,-0.0118301313346806,-0.0224589510180139,-0.0257868427728862,-0.0155215853900313,-0.00944758857919852,0.0140474619444518,0.0440626751534158,0.0737289404351049,0.0682641825985323,0.0408294652721976,0.0275877293439872,0.0120388045338691,0.00831934425469188,0.0191398483328552,0.0290406679121392,0.0430869659926306,0.0590797367117656,0.0477057766801262,0.0461932640454831,0.081822888115661,0.0989124521922254,0.0473568071928413,0.0764443206943693,0.157737229275453,0.245293688099847,0.432356010625359,0.396278450251148,0.218515081875411,0.160897030385619,0.11396342112275,0.0687471679073819,0.031870500166904,0.00177469116069326,-0.0168559149754141,-0.0302840628403603,-0.016202238023981,0.00365697605379493,-0.00785410913515258,-0.018033802713572,0.00259589714063878,0.0236189852705775,0.00595897320753953,0.000733210637988674,0.0249622304991152,0.0345273048120986,0.0552613583495092,0.0577914565312045,0.0442383555597622,0.00557810422528586,-0.0132318107667065,-0.0440745493526443,-0.0732365811114339,-0.116221293204937,-0.138018487965908,-0.157793042852089,-0.153128788659807,-0.13483183255074,-0.142009191720903,-0.12337751526846,-0.101409915712624,-0.100031371878849,-0.0709428756664132,-0.0624566401558828,-0.0691232820164385,-0.0603860737407513,-0.0370851400744868,-0.0453599867247081,-0.035759208196325,-0.0253653652061104,-0.0362989140189557,-0.0177764195466081,-0.0091561164737858,-0.0217896457072089,-0.0383873874269158,-0.0558187881220651,-0.0519139392913042,-0.0635079262980819,-0.0787714673269007,-0.088858452405136,-0.0884531303933697,-0.125843103712003,-0.128302510150093,-0.148165983268905,-0.118737594709707,-0.103956068483963,-0.118978918440128,-0.13172212096482,-0.160757672490426,-0.145844002146884,-0.118863876998018,-0.108239650546843,-0.0854237590692146,-0.0608590407186945,-0.0430329482372363,-0.020104047676209,0.00814012140111732
"90",0.185539344514142,0.219426523750684,0.186388419477792,0.14035242351989,0.0819323102036594,0.00800817280845153,-0.0737457626061264,-0.128457478966486,-0.179403990579253,-0.188196982668091,-0.171828030563962,-0.153348883659648,-0.0590311485455224,0.00657739262135205,0.00199685915683757,0.0331694715222337,0.0157681564957581,0.00865044889750976,-0.0298576413400257,-0.032569551456316,-0.0265984085670876,-0.0250637861450667,-0.0734223367303116,-0.0828489056293741,-0.0881358512769429,-0.0918222502134595,-0.128522019749533,-0.147395841435254,-0.126164125001411,-0.159121510779012,-0.118210554910732,-0.127916016443709,-0.146002996800397,-0.0975148478043407,-0.0813299094908195,-0.0983911314165581,-0.117149283743911,-0.15307149040079,-0.135966287693947,-0.121794914399431,-0.078496831468572,-0.072283495462343,-0.0528607067198522,-0.0365847216182979,-0.0149431641468508,0.0171644543598057,0.0531357068508869,0.0883569463288216,0.113306433914046,0.184318967741592,0.230806916995676,0.238947844933157,0.287633994609393,0.396616416048028,0.332866008080661,0.422629395969947,0.27176579597104,0.239816507887651,0.145464442204841,0.13626193931613,0.155072797563281,0.0244220481665952,0.015874425579942,0.0642512964264172,-0.0139883654789574,-0.110087554324629,-0.0517573043147634,-0.0344525155881125,-0.153459599857097,-0.165088317939102,-0.0979408679429449,-0.13791228237113,-0.207364129729065,-0.217982348291006,-0.230106358702833,-0.200531286709103,-0.280384698009425,-0.340730769765366,-0.298882219969136,-0.291805496859089,-0.292840790816968,-0.2335659337311,-0.232506516351143,-0.219818007685893,-0.043707854404157,0.0917531311104423,0.0944483210860314,0.249735132537257,0.551290905711617,1,0.640548074612135,0.430573534219974,0.295780848680803,0.210758187263002,0.116845856314864,0.0677749366285941,0.0305596180055684,-0.012235846940188,0.0188095236080294,0.0443222925032689,-0.0011249934563401,-0.0162099189344989,0.0226149870118767,0.0177749810985216,0.0366881082810094,0.0552438369500839,0.0929168674575267,0.119684940496893,0.154240578627697,0.212840535380664,0.239579675790206,0.380313683176,0.465150327943886,0.410636536223394,0.280684154042221,0.211304560078635,0.136296787516586,0.0846267957577982,0.0308652079750119,0.00145159285215025,-0.0183626521117615,-0.0101525495884992,0.00968935522811432,0.0280728701651478,0.00454830078334489,-0.00399476384887748,0.0154792406775515,0.023100782899947,0.0661882463690095,0.112279583572633,0.153790366564598,0.154040344777159,0.113430084779335,0.0869506357646398,0.0542667201958594,0.0438589260806718,0.0558671074630804,0.0690091547446414,0.0961585359631827,0.118741272330117,0.101087652313326,0.0956768270840664,0.130732237674566,0.151339591674644,0.0866021329426894,0.0991099869231071,0.173844848476623,0.23395143605144,0.489559163969758,0.461603280729799,0.346453322849974,0.31701880089003,0.252639716274778,0.181042086214731,0.125692197600449,0.0596527213241641,0.017569165671791,-0.0150131387592371,0.000630178369135131,0.047796682170041,0.0380655358170025,0.0119649942181102,0.0402048808293187,0.0814040644728527,0.0579570138768903,0.0378708023409998,0.0726057895054486,0.0940753266757667,0.12766453039705,0.143940440046966,0.145298049258135,0.0940469283995109,0.0648643586970167,0.0402350356889105,-0.0188891362279501,-0.0713564983864041,-0.122593211963341,-0.159138004721731,-0.169990051308738,-0.167819466493537,-0.199825622456814,-0.17982533278354,-0.167442957066959,-0.158948433770479,-0.125313750530394,-0.100625745537437,-0.100881721357755,-0.0662294529040441,-0.0407386206201134,-0.0533204298306064,-0.0279291707765399,-0.0176325471880836,-0.0231326281512164,0.000193442188035643,0.0200129117853156,0.0189380905776647,0.00156448189792981,-0.0111502341863606,0.00173068676025161,-0.0125930361379332,-0.0381756693300964,-0.0434753259203434,-0.0569714891559318,-0.0969362315063766,-0.100207862957883,-0.130502306499421,-0.104038716541081,-0.105318801868175,-0.130518603735893,-0.140890318792661,-0.157662294822728,-0.127610290943434,-0.0863471995405866,-0.0519265700285506,-0.0332558359532658,0.00958357249470261,0.0214927275233729,0.0547941525533324,0.0700598268508812
"91",0.273723609325715,0.319078633819627,0.283012572739916,0.22931982629415,0.155828649261621,0.0512584781403013,-0.0399623719961532,-0.124007163721627,-0.189563890621448,-0.218700471540306,-0.208651578650381,-0.192038672120212,-0.113150370341247,-0.050834738140833,-0.0682855151629502,-0.0342913718578488,-0.0474492011133094,-0.0633034750080627,-0.0868984487222312,-0.0892239258507921,-0.0853814527546589,-0.0753887513259422,-0.115730026670738,-0.113901034714925,-0.109134785025356,-0.120268171669465,-0.165293017430323,-0.169020055211989,-0.146051596369293,-0.17415075897554,-0.11507599064063,-0.125489891050151,-0.150114232379481,-0.0983334293796049,-0.072633414910331,-0.0876126971001281,-0.104978242369061,-0.152834161431893,-0.12943740192573,-0.103408143595679,-0.0567379145261402,-0.0449002391808657,-0.0108646689013899,0.00848027698549476,0.0311129369898909,0.0744266892305302,0.118530500125503,0.153849357174119,0.185042332337172,0.264109995458192,0.305891100935885,0.322191677584029,0.385388606345737,0.466398034416367,0.377561119326393,0.420267595062358,0.258127623527868,0.189025192972059,0.118778990294245,0.148260034892019,0.151217341621621,0.00965097706710912,0.03507505324535,0.0967204771403501,-0.0165531559439936,-0.11168836392987,-0.0231099301371182,-0.00753265777619879,-0.158406067315001,-0.157612065646878,-0.0730988975673869,-0.130519798594412,-0.213708349790392,-0.244550928325448,-0.269997738690759,-0.251563500304253,-0.332483331256914,-0.406133653155563,-0.358688715101351,-0.357112501866205,-0.355072942719188,-0.297885702551156,-0.302079611885557,-0.304625620249807,-0.118353336101233,0.0107466686275745,0.012339663859508,0.163492992923298,0.399924248432555,0.640548074612135,1,0.649871037686227,0.414101242440426,0.305824932949972,0.185171672837223,0.130884836211435,0.0807933948130973,0.0289578648690831,0.0628132158604926,0.0873527844024062,0.0319140779904941,0.00745575453781607,0.0401152328378153,0.0245656204793462,0.041980145389203,0.0564927587735854,0.0981214815393344,0.131337858945503,0.17633647248852,0.235464041905446,0.246120871189609,0.373001136983769,0.491157923477391,0.466331339732126,0.345234669054205,0.28699224631781,0.201260431957596,0.137464036511973,0.0690873711871301,0.0280371406664412,0.00366841788425714,0.0132488440336591,0.0346547119449829,0.0561228967719695,0.0240212013852664,0.0116518337599192,0.0342888341860794,0.0414962294399219,0.0908082683058416,0.144106340999168,0.196193134135128,0.204308233594278,0.161965006238868,0.12812378574859,0.0896494756780964,0.0737200126886853,0.0857959445231533,0.0998557848736025,0.135118548666176,0.159965618383023,0.139302161175446,0.127244968138776,0.157063445120411,0.181847977749921,0.109093430831078,0.100418220171756,0.166247206801583,0.231680625111366,0.508813059212521,0.557610028058638,0.526495084632795,0.474501082085833,0.38348043771716,0.282283576807632,0.209781835632978,0.118218033477774,0.0621903244283969,0.0104258386858556,0.0264225869384698,0.0917648629384199,0.079736865916794,0.0405176519602395,0.0723187727929304,0.124844438138296,0.096179452405771,0.0649151653333304,0.104881330928059,0.13399083488094,0.177981441941464,0.206284428218008,0.210015248373255,0.149544718757193,0.11889806976892,0.0964379871875447,0.015859588912701,-0.0398207383443144,-0.11535036124734,-0.153584625577521,-0.179054865484045,-0.181267463565864,-0.225849590867515,-0.199778420110761,-0.190949050429779,-0.178047656010583,-0.140463432920098,-0.109559728076997,-0.111370726698371,-0.0675808653862589,-0.0465378353716795,-0.0704668856501951,-0.0372545933923447,-0.0308902137098155,-0.0354172561744195,-0.00930270533647411,0.0187735997927326,0.0249451092782735,0.00737864946630972,-0.00090177398423084,0.0186119190783299,0.00584217821805018,-0.0241187394069805,-0.0236063502225116,-0.0430177360431031,-0.0838999745447101,-0.0816903302041951,-0.112955836258959,-0.0841076902693347,-0.0920696563033878,-0.12585102658229,-0.137984869898464,-0.151930147585169,-0.115083589189533,-0.0701122701164292,-0.0220490736204659,-0.00945787293773694,0.0435455467281612,0.0489276852481573,0.0865081663893871,0.0927056922014354
"92",0.2556155627152,0.354014655860553,0.312310294578887,0.266248384175357,0.189126023005974,0.0765746074658422,-0.00793496217471638,-0.0978088180975338,-0.163134801524279,-0.197085138941787,-0.1972594251178,-0.187842198705512,-0.126882676027626,-0.0820493428328359,-0.0899938472276219,-0.0635508526634521,-0.0635877811470423,-0.0760180404158026,-0.0807570285245514,-0.0793690249371005,-0.0842325613583422,-0.0733135639848909,-0.0990802270093763,-0.0986603106044193,-0.0890935786390009,-0.108676995966936,-0.150023807122723,-0.144354122288999,-0.128792389111208,-0.155303403597991,-0.096537904535268,-0.111971116680549,-0.13971542202152,-0.0911243245438971,-0.061535626290626,-0.0748831768005049,-0.0950938315131194,-0.140456454950058,-0.120597448116698,-0.0991945781485476,-0.0602388643615207,-0.0520921531894646,-0.0157681647607685,0.0073684950394404,0.0232846116350751,0.0602927689076642,0.101973838264565,0.130559169834594,0.157743603909519,0.221623704189892,0.243597327744437,0.258410485690378,0.315423040785199,0.36282047488403,0.271514746260521,0.277380413423141,0.156255119754745,0.09534719687412,0.0507835583999763,0.0776609250760687,0.0705430616718483,-0.0464150402590607,-0.00796650922110685,0.0480196139558078,-0.0578159359038422,-0.131170868220095,-0.0385744826620098,-0.0196346725132131,-0.156639149457835,-0.149087344188286,-0.0635874428569365,-0.113496529030999,-0.191005295885672,-0.22616365260121,-0.257699766155879,-0.248686684254028,-0.316485123830431,-0.388270943343907,-0.353792944980573,-0.355971661707925,-0.345057609425186,-0.29548026617764,-0.295024296408862,-0.313446922092254,-0.148243793581863,-0.0445922332240401,-0.0446598823426249,0.0770573132098439,0.248058783552799,0.430573534219974,0.649871037686227,1,0.635043364166788,0.383690937795964,0.240345381036169,0.176010823877367,0.115456245152426,0.0609222476098276,0.0961916248248439,0.116139484838877,0.0556531213711078,0.0284479706313947,0.0515326787837851,0.0344838681076041,0.0494717728148613,0.0627792247725713,0.105478849771782,0.138309920523923,0.192423025251743,0.239003910941543,0.222028727866166,0.322491925353169,0.43104336897504,0.545407393308585,0.41872036909576,0.364401933619042,0.252801193741116,0.180758368146507,0.0940844684998028,0.0394152906949619,0.0111982626685948,0.0228074751403638,0.044990837050691,0.0694184593279574,0.0310060675729221,0.0176082057006819,0.043579210286052,0.0509864039791819,0.105710229720202,0.16748307921223,0.232877843018076,0.248040709709353,0.200158306027075,0.16138773441188,0.117286735073747,0.100505463911287,0.110111232000147,0.124696631619308,0.163871090656312,0.186114264088896,0.164310804331574,0.155797199506974,0.17847772607305,0.193201973383102,0.128022094836099,0.10807962924339,0.150957231252484,0.157983730176205,0.378968656880125,0.376013409358556,0.406284097287953,0.546389734972721,0.440200381894016,0.341640217084111,0.27463903334856,0.16618595393421,0.0977898348371722,0.0365156825987065,0.0479772665408205,0.118917510511309,0.107045231128582,0.0598413601461182,0.085924146023039,0.137766589037064,0.108249504924718,0.0715298613373591,0.106200751729666,0.133931033308973,0.178838403896732,0.216146703103381,0.226430249709866,0.171782620431303,0.145339117431424,0.129227418953899,0.0454903028916733,-0.00884677808187211,-0.0825833301814846,-0.124085323584344,-0.150091345793363,-0.160013269399539,-0.207216826338441,-0.188405257307061,-0.185046769374829,-0.167828778151049,-0.133115941675714,-0.0991212338178549,-0.0969489753070089,-0.0492110154663168,-0.036383110406479,-0.061396269481651,-0.0286823545467964,-0.027913555687274,-0.0281507956028468,-0.00594447154758061,0.0221619498244371,0.0354949163887209,0.0202560705555174,0.0201179180409375,0.0441749858348594,0.0343893016798926,0.00185662937384563,0.00341785091875564,-0.0200603120743896,-0.0539124351034925,-0.0578336726307264,-0.0916304149704129,-0.0762201021564012,-0.091663010072918,-0.119871251511916,-0.124288512531443,-0.124361467790713,-0.0869326224560919,-0.0410782212037754,0.00865405971331393,0.0214080000192248,0.0759928190558576,0.0728838709512937,0.107776307292358,0.103472555943942
"93",0.214810589834763,0.326633653959605,0.331269409068285,0.313326269621281,0.235456543362127,0.113413266735681,0.0317470163986175,-0.065143088655688,-0.134518608736092,-0.174488677095108,-0.178923509493875,-0.180339559813457,-0.148417532973127,-0.119484767572048,-0.144479581805594,-0.115772163154495,-0.119573575987989,-0.134134496253132,-0.129415009520613,-0.119377388735301,-0.117453872944335,-0.093383503785736,-0.101600078548445,-0.0854948104335772,-0.0659763705163696,-0.0887540873663903,-0.132782729551909,-0.115590828699392,-0.101001543491566,-0.124355163008358,-0.0635767626072673,-0.0844740861413166,-0.114693579962097,-0.0737557245689838,-0.0404418848324397,-0.0532533613857389,-0.0734262436696747,-0.118283598054909,-0.103073855585555,-0.0810446773643948,-0.0509939735005325,-0.0429120510586218,-0.00770664780463401,0.0216829187793731,0.0411096015776805,0.0695840871279891,0.107667273282212,0.14229696628798,0.16720715065159,0.211929658706549,0.22811990823278,0.247586297551429,0.292016856819829,0.304657208223323,0.223892793233304,0.190520657576783,0.102969084357346,0.0414080551314865,0.0135565470391543,0.0401302355190565,0.0212984227238818,-0.0752772117830333,-0.0320328973601628,0.0101576461865741,-0.0917525732766207,-0.144795900770919,-0.0586236623518953,-0.0484736647634086,-0.170371562377336,-0.153742755641065,-0.0761253552460018,-0.122933754529677,-0.187502976056383,-0.221242291072177,-0.246045989916807,-0.234385243552221,-0.282217829292984,-0.343812397920222,-0.32045015687413,-0.323273232685588,-0.306447132854478,-0.266924668595763,-0.265489116717713,-0.295973335617329,-0.162312708038716,-0.0825814759088003,-0.0691023257776584,0.0243904796278906,0.149480041861618,0.295780848680803,0.414101242440426,0.635043364166788,1,0.632052268340179,0.322089915421954,0.252277319693952,0.168512720834876,0.111976754340642,0.15182911343178,0.159662964136325,0.0896232970940078,0.0635837275913166,0.0743831789178133,0.0521693120729246,0.0590998216287206,0.0668400927036856,0.1111080271209,0.143056190134225,0.200983512546079,0.24670249969363,0.208085794482308,0.27244444161785,0.367104186140107,0.423278680924048,0.466901384130099,0.410386520782748,0.303851356740957,0.232074846425936,0.131990133959397,0.0661677468336735,0.0318337835756145,0.0354443366050772,0.0487159777837336,0.0681350035254178,0.0239473008212496,0.0115744900255478,0.0378604586797518,0.042639360809889,0.0989231303968804,0.161293215753424,0.238733930710286,0.257889700873095,0.22069497580852,0.181988485230226,0.140319795025221,0.120913452664808,0.129108801731591,0.125883931162227,0.15421326390935,0.175622853242574,0.141387839458907,0.117168070630365,0.128990527260347,0.138562817965624,0.0720570066958758,0.0441901300725606,0.0769692457702706,0.0740097585540103,0.248205251544465,0.25885184917923,0.302013907182974,0.427179122934167,0.496418679430075,0.421728404563355,0.360092701932889,0.230520695263172,0.156503989743756,0.0854798478742905,0.0955716775152032,0.173666469241016,0.15768549289284,0.105546149048741,0.124071045505093,0.167875563163861,0.136647030566937,0.0974610878576389,0.123000836685738,0.145514611672615,0.186838415377979,0.231096680914344,0.240294719996229,0.198830989391444,0.181648780188652,0.168953045423761,0.0842025111033692,0.0281167489607939,-0.0504999792001476,-0.0970105854180672,-0.125954966937127,-0.143766995844917,-0.19011736465911,-0.173479248110543,-0.171747113919423,-0.145421875087614,-0.111200441170478,-0.0743056416405671,-0.0678402598876933,-0.0172147930629925,-0.0118803695068115,-0.0390767884012232,-0.00973011418720997,-0.0112372882384256,-0.00866804222937281,0.00978846454004446,0.0386305802601622,0.0573811591124142,0.0437587468127936,0.0465304148828538,0.0686162038511582,0.0596208014408321,0.0254770953582197,0.0259447479695143,-0.00474664369729977,-0.0343359546484501,-0.0421913137153925,-0.0761766520122687,-0.0675110292623334,-0.084420268701919,-0.11051696117029,-0.111544083186159,-0.103950422174243,-0.0640111188816852,-0.0174395500968855,0.0411418973225278,0.0534941427465588,0.110171292883969,0.104994890388263,0.13584753053495,0.120824958565834
"94",0.181962370960569,0.291275990845588,0.303283040559364,0.319783828010798,0.238334625497215,0.125507275283715,0.0495142631796978,-0.0407285035107452,-0.111041067857505,-0.156707682809133,-0.164328320850639,-0.17192861527372,-0.167009348869171,-0.157358842366956,-0.175218283403093,-0.156180151433505,-0.144935750146069,-0.159815942013291,-0.132397961994813,-0.121851555425744,-0.129890312003569,-0.105423658482576,-0.0985261573818097,-0.0829158643666661,-0.058936239936302,-0.0824725606872344,-0.124896267434004,-0.0990824540350011,-0.0794852520845999,-0.0943535893548277,-0.0244904185185677,-0.0466302205670247,-0.0779594164022371,-0.03847834240627,0.00531414923008188,-0.0131768994911863,-0.0406513905670088,-0.0889885070882381,-0.0831308629990455,-0.0576756700908292,-0.0428081034707053,-0.0429765803094211,-0.0110665863116192,0.0136015204637225,0.0322434307463568,0.0570782088618899,0.0856557579772003,0.114398225969282,0.137337474791785,0.167398614341194,0.176435885447879,0.193456310938539,0.22638105230203,0.231433479278077,0.167761029510365,0.145033854748391,0.0773389196995436,0.0191586308542392,0.00361383765851662,0.0240060996588998,-0.00467958234524215,-0.0916802810217764,-0.0458027496218879,-0.0140816919300937,-0.117071304308798,-0.1616194762269,-0.0768788016191546,-0.0728872200252274,-0.191492126942831,-0.170741285706819,-0.0960730465444395,-0.144033788755284,-0.203483372519062,-0.235120583254074,-0.25373792359559,-0.240237568801998,-0.27078665006892,-0.322110007522192,-0.314379495720735,-0.313496955643526,-0.282658365055527,-0.245399494686641,-0.239080805476865,-0.29141211155943,-0.175974944225723,-0.110894972954134,-0.0862829203647393,-0.00559843164142051,0.0913832074428832,0.210758187263002,0.305824932949972,0.383690937795964,0.632052268340179,1,0.543730472278237,0.38137583146687,0.267930137959867,0.203805031333836,0.24739466046223,0.237409634734855,0.163190844255465,0.12508564760727,0.100555832735849,0.0546421052807434,0.0451683763169699,0.0369652490891926,0.0794258122512712,0.113945551546241,0.171822425456625,0.194566595590248,0.153640686043756,0.202502095285967,0.270302584834646,0.32110036104568,0.380518304552766,0.501138692617886,0.420212824737476,0.339446435271132,0.20433389572071,0.117080697275665,0.071116016464603,0.071604062340148,0.080074993443216,0.0906073109984424,0.0404844623254917,0.0289446668532862,0.0473900788278347,0.0423287113627085,0.0915118765346343,0.150892419696016,0.228211535269027,0.297785083071083,0.289128660739106,0.247752707762172,0.210128265606937,0.172668169059458,0.168749556874343,0.160526360648259,0.189858392916112,0.194772571588994,0.152899095302782,0.124619251663749,0.1228560142185,0.113658445516715,0.0491193411667745,0.0177667571137716,0.033311259028378,0.0127581773577158,0.154747128486089,0.184911360729759,0.230561483798895,0.348647878844704,0.406309813181473,0.482174319401103,0.391942310704556,0.305785836688463,0.228490891577024,0.14012475213108,0.152128319558684,0.240593667641208,0.213380321780892,0.156960645453936,0.17502876404756,0.204951067778913,0.171127554221545,0.138010186523786,0.155274793746245,0.166391969258688,0.19687193635573,0.226768507097583,0.226142415931261,0.191227162555789,0.182794808442984,0.172612809679488,0.0920423256820919,0.0400595851497068,-0.036081184711966,-0.0799859600300912,-0.112161528877047,-0.128679365119271,-0.172087377315158,-0.153612209214968,-0.152122400857332,-0.119085677946581,-0.0841280057779063,-0.0428159076750713,-0.0372121620765867,0.0146543951407705,0.0102463329408781,-0.0226101117848717,-0.00146919094750128,-0.00717466436820626,-0.00550555807331667,0.00888318760359988,0.0366263833295416,0.0547422450384254,0.0440412819003311,0.0482597646857986,0.0688329349122649,0.0622842934554878,0.0291137272647765,0.0292381992826651,-0.000682298251672399,-0.0279605235407596,-0.0381011720539548,-0.0715645262134008,-0.0664931160099915,-0.0814750699619237,-0.1061200428799,-0.104960520152388,-0.0942517621203062,-0.0548240676715145,-0.00993260209754704,0.047023850147937,0.0588666437868123,0.112554038432645,0.105574783369277,0.130094148111073,0.109919710411776
"95",0.125651124563373,0.208723404559354,0.228881935798782,0.258901267803228,0.206505197408625,0.128355611245727,0.0618010759333073,-0.00649137688062225,-0.0715204888152823,-0.116598490110019,-0.121513986742636,-0.138676459420056,-0.164087754993752,-0.170642103978456,-0.200075421726255,-0.181824570801725,-0.1750189691022,-0.189796015918383,-0.157385498002951,-0.140151952834937,-0.141447394188771,-0.109114290683911,-0.0894476279948446,-0.0677258560887341,-0.0398772210605706,-0.0582497066941323,-0.0972574262557655,-0.0657823348369203,-0.0383666886633789,-0.0406388198374701,0.0334991780848939,0.00980241898415376,-0.0223579833758257,0.00362884025534587,0.0531026433792133,0.0359772411673134,0.00727971267841673,-0.0419249280907471,-0.0481174218632742,-0.0216343142489756,-0.0235608926866857,-0.0308976661920231,-0.00943621413944142,0.00823180734757977,0.0259859249430192,0.0435262854942508,0.0595437209135035,0.0816504902147242,0.101595167294168,0.11671983199934,0.116570522754304,0.127925502219586,0.149797437745717,0.14824115657617,0.10589540641527,0.0924271282986244,0.0577640456036677,0.0114981222386528,0.0106848232805123,0.0288099455802624,-0.00171245840790338,-0.063622494749102,-0.0216495426555583,-0.00686643502703709,-0.0948304202098169,-0.120343900503003,-0.0548355153621728,-0.0651898956393166,-0.159541373312629,-0.133088971588292,-0.0804443621643434,-0.126739618619872,-0.16596781287398,-0.194572077149635,-0.200898381787657,-0.190422016068191,-0.201795945682867,-0.239681489604399,-0.252515699690515,-0.252967161243684,-0.215560313667811,-0.188807997591708,-0.173093933142134,-0.231023006356975,-0.149802887609367,-0.115994506534983,-0.0889255050226858,-0.0292783763035232,0.038060469205786,0.116845856314864,0.185171672837223,0.240345381036169,0.322089915421954,0.543730472278237,1,0.607013413962589,0.350780152353514,0.290450122123676,0.376797185415434,0.32754592884999,0.218315901011239,0.200281653470388,0.151792499209002,0.0961522436135647,0.0624283932924189,0.0386453945545495,0.0707626334583556,0.0921780374787511,0.121073249323833,0.129630258779068,0.0948199599136505,0.115514208844793,0.159916964230413,0.200546024058167,0.254085108200454,0.336422379430277,0.4276651931866,0.362087156291978,0.23437801555324,0.139272581298971,0.101570682413948,0.0840369583554319,0.0617129553197257,0.048458960310339,0.0114586108770381,0.0219508178905064,0.0287695878709972,0.0150449415780666,0.0491920666631038,0.0900486458215899,0.151366084798086,0.192906886185086,0.235905600789703,0.205679066161103,0.19464753496793,0.148762024984263,0.133066352779647,0.106750635481048,0.126367292304916,0.12503941442293,0.0822854201171058,0.0555455950450983,0.0528391805948974,0.0412312271718016,-0.00771066005103622,-0.0329457213249176,-0.0232769096242081,-0.0343474373307295,0.0757897455614168,0.111370664334534,0.150717982971808,0.226655856656164,0.28570268043165,0.369287222146293,0.417290915141962,0.432932118271659,0.344325245781069,0.236056074299725,0.243568481370028,0.330563819222714,0.276526019667019,0.215315692370377,0.218403098399412,0.213387577712212,0.177810285567712,0.151843176138351,0.146511008143753,0.138390445535397,0.154776676475257,0.175476896484246,0.165084734020474,0.144313162769248,0.146109074693617,0.142970530488203,0.0840047444713501,0.0420442842047621,-0.020805736314187,-0.0566684226263822,-0.0869961751781189,-0.101286120224542,-0.133501266344443,-0.113729875833936,-0.110224104045055,-0.069255314822208,-0.0355401013434055,0.00987155174348964,0.0167600166515226,0.0636888852404731,0.0443233631158924,0.00498424638117657,0.00993770855310492,0.000767642243640354,-0.0027292955776748,0.00547980629247887,0.0279564216240689,0.0387214409627579,0.0271601795338178,0.0290034726400314,0.0456688465993562,0.0425580960995286,0.0204171297837943,0.0206618590846529,-0.00290726054691492,-0.0251398788803011,-0.0353950360397582,-0.0626591906443228,-0.0586476911950541,-0.0661525459385335,-0.0877596694119514,-0.0868689953468964,-0.0782092670418687,-0.0441351560348776,-0.0084933229941816,0.0383668227399822,0.0461379944075512,0.085513372301521,0.0780222672178253,0.0930678066693734,0.0777556193830738
"96",0.100486942360196,0.173463812186059,0.193018856838229,0.2215265615188,0.175768537654037,0.113154049881429,0.0544387801222325,0.00366788245068538,-0.0605120171911529,-0.105700844421404,-0.108555927473492,-0.132845193025489,-0.185675849452024,-0.21226784460628,-0.24034158485973,-0.227662976877487,-0.210871106373895,-0.224649406950989,-0.172690491292268,-0.14976993952526,-0.156398542496006,-0.118881437896899,-0.0827013768437318,-0.0592857438408131,-0.0276883361849202,-0.0485845196173237,-0.0881471360304965,-0.0534723744571632,-0.0180806283462934,-0.0182663258573047,0.0577467028614824,0.0384690345530683,0.0106449802645175,0.0373402419913655,0.0988676036149231,0.0715941682550357,0.027801220541484,-0.0214558195053221,-0.0327963740116181,-0.00298869325221189,-0.0160522306817228,-0.0354820076442619,-0.0196193847813931,-0.00691077676135714,0.0123568425762036,0.0288453009860771,0.0373878704793675,0.0565967872384042,0.0784192011832125,0.0875988578050839,0.083641207743235,0.0957660226845034,0.11478534425321,0.10760727356147,0.0738322606694388,0.0705858881986237,0.0558495623684166,0.0150056920411709,0.0240496059422362,0.0398951802717332,0.00556323199025447,-0.047428131420892,-0.00570058260559396,-0.00233581237222771,-0.0898549296964204,-0.108639839499554,-0.0500490030655937,-0.0721784988847669,-0.162879773418608,-0.132132278615158,-0.089316300031384,-0.140933489091742,-0.171842532079811,-0.198673293839961,-0.194538017972253,-0.183267906912093,-0.176620704111667,-0.204040777192128,-0.241787524034359,-0.239426735040059,-0.184356476130965,-0.159254171672262,-0.130566970411979,-0.209997116654041,-0.145479657546933,-0.129485349785662,-0.0943128611604526,-0.044010477448182,0.00776709150440031,0.0677749366285941,0.130884836211435,0.176010823877367,0.252277319693952,0.38137583146687,0.607013413962589,1,0.600191028392919,0.473602024241317,0.470373298249593,0.386254571996486,0.298355007601209,0.25349050078888,0.176990130046106,0.108127573007272,0.0654806367699685,0.0298213921842392,0.0613809104274945,0.0852674450087546,0.095091122791526,0.0918349978593404,0.0574844917546258,0.0636116301864193,0.102775383111683,0.141960137107563,0.197673797834654,0.303541699443745,0.428730450578445,0.477410951583496,0.348030499035273,0.220955753452668,0.176032015943751,0.145589751732449,0.100115846219998,0.0574750574637604,0.0258291023410274,0.0518052420421735,0.0370535572307322,0.00732726729977944,0.0285774659074809,0.0552639547422294,0.118850449504605,0.167653679448573,0.251059433706972,0.255350587146821,0.274514809901646,0.188951285201997,0.146763132614558,0.110807420615901,0.135040687180026,0.112967796641864,0.0620159105522321,0.0374287833964794,0.0300058066640343,0.00663992048803722,-0.0396730383480488,-0.0646298849208861,-0.0601482571506434,-0.0709237625075296,0.029747321210702,0.0724249847943087,0.11373228773922,0.174721317171238,0.235892469477099,0.303194310830891,0.335499820903558,0.418900890511839,0.424315049514322,0.292138224800735,0.303167074500358,0.388655618065045,0.320488995117924,0.256554513542995,0.252951909817297,0.231276497597882,0.199139887164086,0.173837604447284,0.156103806264286,0.141332725535433,0.148661761474365,0.157715796243285,0.140606400214933,0.122088803167004,0.123933851556972,0.120215806327992,0.0687926116455945,0.0327395804255913,-0.0236209526272385,-0.0546850945769605,-0.0846362278125492,-0.0956518327285369,-0.123121966696287,-0.100322900985123,-0.0954777562606444,-0.0432700863619387,-0.00541474191299669,0.0399711562623817,0.0458823619150785,0.0965014909199908,0.0674293666881359,0.0238201815588169,0.019891144038042,0.00826900098385146,0.00435580748223132,0.00869083405504188,0.0273598686110212,0.0344244768411398,0.0230751766771898,0.021515110159736,0.0377431468595766,0.0335576449312845,0.0149801333180109,0.0139100335542324,-0.00591143647923815,-0.0297095657440863,-0.0401220284376782,-0.0672706395395214,-0.0646256052264523,-0.0673848791986876,-0.0892496552774644,-0.0879958099646798,-0.0801929664396161,-0.0474025000851904,-0.0154407752260964,0.0265829155163427,0.0351354961710274,0.0701479943824613,0.0646111952930444,0.0784811516313262,0.065569528482894
"97",0.0676876174627151,0.117205845249617,0.127542268641709,0.142053262400377,0.107316696460468,0.0623858982726654,0.0121536273570468,-0.0301364707731803,-0.0860318022246986,-0.123907796999907,-0.122560924908189,-0.139775411789393,-0.169811270722867,-0.186182278935757,-0.203206551632565,-0.187452337751589,-0.173485720404609,-0.179891722217422,-0.138377327610888,-0.113047186883736,-0.119703604835878,-0.0878227359648958,-0.0622822664122016,-0.0516774497475538,-0.0294238917794661,-0.0574402252463016,-0.0959412817253794,-0.0770472429091807,-0.0498426967200041,-0.0538472580287286,0.0128126935498421,0.0195175768873034,0.00426216884002022,0.0474572764855623,0.124063692490799,0.0844492299284666,0.0207339501864077,-0.0323909101880458,-0.0399108488789118,-0.00861889351121844,-0.0215979811010054,-0.0467486696047218,-0.033490306240658,-0.0237706940484294,-0.00877942350601913,0.00767024718187481,0.0144852116059908,0.0276192049590408,0.0462097173481096,0.0564858939767076,0.0510453846245727,0.0585788853535538,0.0739079983226961,0.069876069916666,0.0446606041729416,0.046546194826917,0.0501549900409776,0.0141797190552457,0.0323438436038848,0.0533486884473534,0.0194850314904925,-0.019398199151334,0.0274640104093786,0.0262794480931598,-0.0554141142996013,-0.0607509234880215,-0.00573599234236961,-0.0357717830916075,-0.117188212245369,-0.0799310663208867,-0.0480874027765749,-0.103371857681939,-0.125058988111322,-0.158440391681624,-0.152955672272788,-0.151329071450471,-0.143265944165055,-0.172710230605165,-0.22179000233576,-0.225085990219018,-0.168766725174152,-0.148343156559386,-0.110044505709107,-0.186403842454544,-0.128833906287261,-0.132517369242969,-0.101920073579152,-0.0579632125088469,-0.0141680534028672,0.0305596180055684,0.0807933948130973,0.115456245152426,0.168512720834876,0.267930137959867,0.350780152353514,0.600191028392919,1,0.650069418016942,0.450711706730156,0.526186528143702,0.466544842325606,0.324398350942413,0.236245231143874,0.157786699321454,0.0964646279638681,0.0634628211178543,0.10873780053416,0.123197634844003,0.110484226379537,0.0952210229789918,0.0571632570811196,0.0470956883807595,0.0706745745405984,0.0986947419083,0.151666752985485,0.259107412297837,0.371358238446648,0.374789650658517,0.345518746797117,0.224297262768673,0.198876852320645,0.175934580400856,0.12855603160839,0.083404835578988,0.0626430871263368,0.0909969320048841,0.0703798067130636,0.0356771459903258,0.0482328123886956,0.0574280510267123,0.106173083397022,0.148860695998831,0.22448599683905,0.196550701661198,0.233616415204556,0.145861122304505,0.0984461578342736,0.0714740976091247,0.0950607178867794,0.0707515876867523,0.0322609877566573,0.0130633936786018,0.0029126622308104,-0.0157980472782467,-0.0479929087300494,-0.0754755852887657,-0.0770867126400828,-0.0834422713210874,0.000435712997857243,0.0419522121362237,0.0771206337422073,0.114447628835817,0.153637180116127,0.193972914634592,0.207859822430582,0.264295251777681,0.274409495671237,0.184548112985576,0.193782422492507,0.252620625919078,0.205327331791112,0.162319633568422,0.163850890759148,0.148854954884574,0.128744910659153,0.112352419490699,0.101425507761698,0.092292232036585,0.0983916741149775,0.104468246202533,0.0979471946046672,0.0844551475140322,0.0806071574097415,0.0738509567756851,0.0325678018476867,-0.000604868114067851,-0.0478071080029934,-0.0756305778809944,-0.0990543858877206,-0.1057389677116,-0.131842651531275,-0.108275090676235,-0.104840694913143,-0.0556787313784442,-0.0219988006003791,0.0099820305887938,0.00123486913685654,0.0430012552192304,0.029682243617395,0.00253437009261715,0.00513720262057929,0.00133098075056599,0.00306069675106582,0.00859493530522543,0.0205004426522936,0.0260062863204804,0.0207949274881242,0.0191431670269348,0.0350432860074854,0.0291064266566287,0.0086873049509119,0.00472783030997673,-0.0125193837618321,-0.0401565196594926,-0.0497431084852834,-0.07613147047252,-0.0721887725653532,-0.0720142069597086,-0.0945359729742044,-0.0961535211416554,-0.0920935864953837,-0.0634897026441911,-0.0311278995413125,0.00327119016820365,0.0173235026121879,0.0491842083263363,0.0472265836746106,0.0623419018929017,0.0512595693064435
"98",0.045489757458545,0.0857307579275217,0.102850004260717,0.122987139125884,0.0958966902245952,0.0667585995744407,0.0319883125956394,0.00801611546176977,-0.0334218477898402,-0.0671251404073408,-0.0586870600214543,-0.0813158954886009,-0.145442406802214,-0.17655130456801,-0.214678968102852,-0.199518057381825,-0.197651167959203,-0.207842347524325,-0.169693640177447,-0.1420150209939,-0.135986349036702,-0.0964631494489103,-0.0615381322223502,-0.0349554766663943,-0.00914921027683097,-0.0291060462103358,-0.0613583434909159,-0.0354313186115195,-0.0065153619888993,0.00680376003264637,0.0625288157931119,0.0888522092657399,0.0895148997960606,0.121132158261187,0.193162854053644,0.151831127627135,0.0883412058507707,0.0368876934931398,0.0116385056712659,0.0376638008755627,0.00930480384940229,-0.0194426424773015,-0.0167349101442952,-0.0168595923225334,-0.00212071684652911,0.00938766808795862,0.00597629718939201,0.0134620105799252,0.0310047491186423,0.0321179052280915,0.023703868237492,0.0309141761733276,0.0413893706855666,0.0309533886352459,0.0164492309991969,0.0161563860456752,0.0300470848750475,0.00372947208216451,0.0246816892701293,0.043544411645827,0.0154532031030896,-0.00597243137287496,0.03272735029692,0.0259747108873079,-0.0357366904583152,-0.0311586381526178,0.00678316211114764,-0.023814133928106,-0.0804099564151274,-0.0463895833144014,-0.0292513239195213,-0.0739310566353601,-0.0830976198492876,-0.110486153467377,-0.102172451322034,-0.102872110603857,-0.086269054358808,-0.105486739052387,-0.155472137965839,-0.160064688184016,-0.110986731354065,-0.100544171601728,-0.0649826702434687,-0.130659675546255,-0.100157757523435,-0.118378756681881,-0.0924642840862944,-0.0631248219259338,-0.0385237351647091,-0.012235846940188,0.0289578648690831,0.0609222476098276,0.111976754340642,0.203805031333836,0.290450122123676,0.473602024241317,0.650069418016942,1,0.656318509754323,0.428416474758054,0.515811526333632,0.412879181657639,0.242794625106788,0.151015588234665,0.0895535606849922,0.0565649325069171,0.111785431645772,0.124313042483785,0.087794719107093,0.0655365794733526,0.0339393875986669,0.0103426781003119,0.0232194580663275,0.0374801105062478,0.0852937440637825,0.162372779816183,0.256482794726218,0.26055756259448,0.237272462385217,0.147760750310999,0.132459301459143,0.109106350284506,0.0585677289809582,0.0125286245118008,0.00235925622489418,0.037154045167693,0.0241080575373051,-0.00354739065939119,0.005273372156601,0.00431746265332022,0.0441055068559038,0.0597807797147944,0.125163959708293,0.109914608853829,0.147826450464195,0.0845771684446463,0.0535086611022745,0.0233369304699195,0.0345946555386726,0.0218913564278129,-0.0052104872481785,-0.0252364848821993,-0.0321402536432369,-0.042005552760393,-0.0631069165147986,-0.0862167512690695,-0.0875083897726026,-0.0899628234473018,-0.0297082103854838,0.00741781024105815,0.0433772090124365,0.0713744377069197,0.117302902177559,0.16060645879245,0.190147338625809,0.265981704459335,0.298399032553564,0.198770420604456,0.184995495043859,0.224425339649509,0.18863609415531,0.151585445823672,0.14595191024032,0.128289830282449,0.114531554773508,0.101112324640525,0.0863763157820661,0.0779376853779581,0.0781457494160667,0.0853704930564486,0.0762276139272852,0.06834369280356,0.070321327362284,0.0646504234438,0.0364912788900877,0.0105321709086292,-0.0233458772570657,-0.0414155830973856,-0.0625369653208296,-0.0639948405801032,-0.0695161431537571,-0.0433576897098817,-0.0327566972166088,0.0225021036237826,0.051569015745104,0.0663760405671421,0.0462184491699162,0.0634004736578937,0.0427069205119491,0.0174563483435272,0.014092008049189,0.00993597804503905,0.0103224084105909,0.0114831271240726,0.0193473002137693,0.0236298865960893,0.0178586167354318,0.0156667380691925,0.026065857236392,0.0220637343095448,0.00551731868817206,0.00166436823196398,-0.014528830553663,-0.0364816293324612,-0.0429188408290161,-0.0594142460506035,-0.0535063563107361,-0.0463713591787431,-0.0656868733261294,-0.0680354555924892,-0.0679235958961432,-0.0457940777521282,-0.024198267158723,0.00517575339804585,0.0162265812703736,0.0411366765776654,0.0396367041476564,0.0485563004905028,0.0393546285686822
"99",0.0647330382371216,0.112528799691817,0.131888656715474,0.154734921943084,0.121152939018673,0.0845676157406799,0.0412882299897118,0.0106431484710915,-0.0354510735878732,-0.0728107912446646,-0.0620580012544621,-0.0836568598118303,-0.144134805972591,-0.166287777642649,-0.218135052680947,-0.195810630419639,-0.205783626998604,-0.220331673128695,-0.194206458049951,-0.167107540460596,-0.151718432215361,-0.108134290159723,-0.0793801992595882,-0.045108427768602,-0.0173144440949474,-0.0322652176205971,-0.0685224940790173,-0.0397133305906521,-0.00877276416884493,0.00848987997007905,0.0734440472381137,0.0977101097872476,0.091671946172061,0.116078387840015,0.183217385874778,0.164575247178653,0.104705533854291,0.0441510751392319,0.0124633568192526,0.0403348744711355,0.0111509813763679,-0.0159360518798824,-0.0110535724847427,-0.00756953285673987,0.00707243741977921,0.01761724312302,0.0211082467452371,0.032511435553435,0.0467535065067809,0.0516201315274589,0.0493134642640637,0.0557637774164356,0.0650719621443266,0.0592023360926353,0.0393713792357862,0.0326830610615502,0.0307079704736194,-0.0018149917072871,0.0141763426094792,0.0354552375827522,0.00640441383170933,-0.0231486514822465,0.0195503972439404,0.0202304603707373,-0.0477350891829169,-0.0467353059181929,-2.47900006105196e-05,-0.0247285306747174,-0.0884932908646725,-0.0535301045361264,-0.0272243423337681,-0.0716026946518188,-0.0870416357362782,-0.118398318920139,-0.116946192218336,-0.11761407565205,-0.112197196550267,-0.140990135448546,-0.175153838561487,-0.182738350377194,-0.143832571875723,-0.13251579803831,-0.105173369890807,-0.159835977332983,-0.116357255589641,-0.123970771501411,-0.101399926246066,-0.0614476637143241,-0.0236352622973425,0.0188095236080294,0.0628132158604926,0.0961916248248439,0.15182911343178,0.24739466046223,0.376797185415434,0.470373298249593,0.450711706730156,0.656318509754323,1,0.633422517906333,0.435065992091308,0.495170129893705,0.359156406115345,0.214385880903259,0.130463946447148,0.0757877812629906,0.141320036551129,0.159902589746395,0.124450536700244,0.0996409430545129,0.057054936994629,0.047230668751283,0.0564390461769442,0.0699587210298292,0.115321946486449,0.167590110920873,0.251239488248137,0.241810113972484,0.192831496501474,0.111551380376986,0.0993674952539757,0.0739354653770246,0.0239580451823886,-0.00860191558359914,-0.0200458596817263,0.0169005526739343,0.0216202550349691,0.00507194920559303,0.027643101955057,0.0280502926373448,0.0602501370844861,0.0595447592675091,0.107995602776586,0.0885619190157233,0.112095731965891,0.069170560226604,0.0486398425343506,0.0189565400638243,0.0278782525782874,0.0241590352939537,-0.002376143461309,-0.0235673578389941,-0.0272938565896108,-0.0326893157533098,-0.0567559643043285,-0.0796195424844198,-0.0777543926859631,-0.0788520068008814,-0.00438210899539344,0.0324711856598606,0.0679327552572753,0.10473430948977,0.154296771492619,0.205151825610933,0.246595176471801,0.320910430337937,0.335769704703457,0.224912509060591,0.196660193141509,0.243142063859778,0.206627017494175,0.16678702558201,0.162233206650627,0.14713751695108,0.130406282453972,0.11661902546879,0.103517581342332,0.095567336066796,0.0966056097864223,0.107563476834677,0.0963352243462344,0.0844570351368936,0.0876036807070359,0.0796067447837326,0.0473864135169075,0.0161739830657736,-0.0223575254227992,-0.0437303026353187,-0.0675698707792917,-0.0702499386440369,-0.0757463136349499,-0.0456632873658338,-0.0327574787136023,0.0207018215173241,0.0495851583996346,0.0669021156301541,0.0468064077726951,0.0644994610813779,0.0435244156909584,0.0165372315896734,0.0143110591884267,0.0112870184157509,0.00905490535455443,0.012617408747674,0.0242670057228846,0.0284650779670889,0.0200106918706811,0.0164914399047511,0.0264255487863926,0.0214976430166022,0.0042337628989532,-0.000177335139728489,-0.0170219367181238,-0.0378161419594829,-0.0446439945002497,-0.0624609256673639,-0.0554985937034736,-0.0511493395437863,-0.0709709007701486,-0.072996166063215,-0.0723598315939565,-0.047706250755945,-0.0233232162549561,0.00838323297475767,0.0200169473138393,0.0471162114207822,0.0468582106010887,0.0569639125572788,0.048767176066828
"100",0.0688813351801612,0.110612509560285,0.118864256770832,0.129268499509346,0.0937116210425591,0.053313811656449,0.00306206742705239,-0.0408305421086169,-0.0925733995752127,-0.129017275275242,-0.119301805542561,-0.130350652280997,-0.144376847907868,-0.142435083195184,-0.174327035970405,-0.147096024880579,-0.154858485410634,-0.163015548915207,-0.148638865477493,-0.123498963662085,-0.114402797509634,-0.0812382434829638,-0.0726704235689476,-0.0595094516811315,-0.0413517671335749,-0.0639086712467549,-0.104270210646097,-0.0908520620130147,-0.0655524213897398,-0.0595657126564201,0.00795836940218827,0.0345701765891324,0.0217999900221514,0.0499802624911273,0.118386959000815,0.118985393817406,0.0493993972628445,-0.0123835164403056,-0.0288589711313372,0.00418460972627409,-0.0103824643822274,-0.0383544179038513,-0.0256448384501328,-0.0171123279159622,-0.00550446169123383,0.0101897876934646,0.0225181210780538,0.0339830552496762,0.0465130142385488,0.0616525724833064,0.0624159050855456,0.0647734496041589,0.0761086573997253,0.079733037895448,0.0551320216771155,0.0497981863975947,0.0453071801158498,0.00714075475039504,0.0237983438864034,0.0513380671098813,0.0198142704864487,-0.0164573899777754,0.0360227576652848,0.0418313463517492,-0.037263716928369,-0.0369864390339105,0.0223383523776612,-0.00355506276302999,-0.0808775630485855,-0.0404876071390151,-0.00771782096607272,-0.0610711996033576,-0.0823261421108864,-0.123588186054444,-0.126919018620311,-0.133199813498523,-0.139644947043074,-0.181512848726214,-0.215007988175363,-0.22681369682061,-0.187510244530528,-0.171351651131052,-0.138943464580674,-0.191816374113351,-0.126475385956478,-0.130987477440403,-0.111549145608142,-0.0612354174897462,-0.00758893881039045,0.0443222925032689,0.0873527844024062,0.116139484838877,0.159662964136325,0.237409634734855,0.32754592884999,0.386254571996486,0.526186528143702,0.428416474758054,0.633422517906333,1,0.659140129536672,0.451489968878613,0.442688922512403,0.269416492511269,0.168631980788555,0.10897781406522,0.185851299014881,0.202575946129441,0.167457804872616,0.140926076180398,0.0868886906033232,0.0813792299051142,0.0892306194420367,0.104385674687629,0.151513195654236,0.204618544629183,0.280653387820006,0.242003405280588,0.203482215046216,0.123788400002819,0.111163794209906,0.0935094283804184,0.0608447292016708,0.0428038729241799,0.0280186730679899,0.0529582934525866,0.0601179973938437,0.0458773354961772,0.0739153658928859,0.0774656134592254,0.104045462238464,0.109624741298665,0.144797558815946,0.110440196445388,0.127224621399607,0.0781661017739102,0.0523611734678871,0.0303089310067457,0.0457191862021781,0.0397156192068542,0.0144532928942892,-0.00404931925352875,-0.0097883144986007,-0.0140091584153427,-0.0386924692754339,-0.0666753421873887,-0.0663131508009999,-0.0679922874113675,0.0161633576556611,0.0539431889934599,0.0829478900161299,0.113870535854751,0.144810197412152,0.177722428029133,0.195637581250059,0.239347985703071,0.237582178804193,0.147489258545701,0.138828130557492,0.18474811796433,0.146141894184636,0.116879619987651,0.124406865469219,0.117117086664781,0.0990627319676467,0.0890044353388509,0.0851113675590948,0.0790431418100153,0.0852675231307014,0.0945079848468939,0.0885376852419964,0.0742995656573563,0.0703377573756972,0.0582547791379136,0.0211139693025804,-0.0135835389139524,-0.0592707429270204,-0.084342339173137,-0.106802676789892,-0.109644489799999,-0.129578690706427,-0.09815958582186,-0.0907257027235594,-0.0465784844116834,-0.0160032494907128,0.00540499756229558,-0.0158356832725235,0.0108243414039273,0.00703443873354495,-0.0119274839566985,-0.0053810449150449,-0.00345594834686387,-0.0041966107244117,0.00433165782116679,0.016956971735221,0.0203211514690246,0.0140218059264478,0.0105260987539317,0.0238009545897684,0.0168330387005177,-0.0033029745934076,-0.00829959442680101,-0.0231482552653386,-0.0506900810382438,-0.0572390442124704,-0.0809578157052488,-0.0720937101621515,-0.0710652299404027,-0.0947971751390792,-0.0991530089644815,-0.100031784012794,-0.0730789688189209,-0.041303581114382,-0.0106707916800073,0.00482965484307258,0.0352638248547232,0.0375667234651658,0.0527692837093271,0.0461612744901396
"101",0.0392933796484071,0.0651136908683474,0.0714659408147123,0.0811093005640043,0.0551555684425483,0.0328044989809758,0.000674699970277499,-0.0273780605994399,-0.065240183808708,-0.0979833990356912,-0.0829218749764524,-0.0941734333033105,-0.124454990481875,-0.13111509442467,-0.164216341563235,-0.139799721242718,-0.149857448772561,-0.155958721854182,-0.141907708276322,-0.115108438655536,-0.103445848695504,-0.0708387262371822,-0.0603532866011807,-0.0493230321038697,-0.0335797066701107,-0.0549635741247956,-0.0885630874769816,-0.0763956165112175,-0.0520339552740242,-0.0313858196387837,0.027735998233943,0.080469115095116,0.0794863128828968,0.0884946246230612,0.175655147361022,0.185626791417421,0.102197035772408,0.0384812512503622,0.0130830816721945,0.0480671404732756,0.0168752513122044,-0.0200812694690597,-0.0166773267443814,-0.0184161414795499,-0.00864672693739562,0.00654914582148611,0.00759875990787937,0.00992808832427859,0.0228200661795519,0.0323367325437357,0.0269118808210343,0.0273808960501045,0.0361416294804461,0.0354457122896806,0.0224011140537174,0.0229186842807437,0.0381879372875364,0.00942609343256117,0.0339484182323931,0.0624868946923832,0.0347202958527909,0.0158546823485089,0.0652975795140305,0.0630726711131469,-0.00211432195832993,0.00986724416726791,0.0560285609962113,0.0229351027851956,-0.0366788647648098,0.00490072816423982,0.0215466867752892,-0.0298437560728005,-0.0386690132385897,-0.0791517393813033,-0.0775184527986161,-0.0902930896181527,-0.0886958837599952,-0.123657807293185,-0.169937233927368,-0.183851897340555,-0.142740007238401,-0.133004737803951,-0.0930307036002055,-0.143869194095777,-0.0974462854303801,-0.121895778806739,-0.106377926371123,-0.0689495466010387,-0.0307015023590964,-0.0011249934563401,0.0319140779904941,0.0556531213711078,0.0896232970940078,0.163190844255465,0.218315901011239,0.298355007601209,0.466544842325606,0.515811526333632,0.435065992091308,0.659140129536672,1,0.66353251392277,0.443887381954199,0.284157508465827,0.168655444829171,0.0945117082898099,0.173929877392985,0.179422831774222,0.125144038045546,0.096410423828304,0.054026142950301,0.0358941224941047,0.0336827054230623,0.0394181139384214,0.0820881071568232,0.132694848155488,0.200285374227697,0.171274645812251,0.153614467718318,0.088272227649473,0.0841044813348418,0.0694510771224027,0.037768644167136,0.0172894802359786,0.0128060685391211,0.0387443899194649,0.0417134331481546,0.0267864057054032,0.037945483068609,0.0297871222897756,0.0518799100675945,0.0511272813904644,0.0861963417942821,0.0617050370392733,0.082433177111286,0.0450776553560264,0.0251600793088566,0.00544810112176234,0.0126089317364,0.0070724138560347,-0.00702685095217751,-0.025171363611237,-0.0351313885189989,-0.0339287598591507,-0.0467624908418022,-0.0764168509447889,-0.0803216789064841,-0.0770121240481204,-0.0149169102059742,0.0226052060382284,0.0483219288888302,0.063057180805686,0.0862880724307671,0.115697502685277,0.128278042634489,0.174109793242641,0.183499048049105,0.116137609048204,0.112238395697077,0.140285316298099,0.105772622341666,0.0863454629186376,0.0917670478933861,0.0810847193667217,0.0686825407515705,0.0636410454787001,0.057377464562527,0.0505845975052488,0.0519519530883072,0.0580023352466421,0.049809153177817,0.0418007141833764,0.0391934622292304,0.0264291911761085,0.00253584085041131,-0.0216572938637284,-0.0556089970698229,-0.0678251690066759,-0.0871970172338171,-0.0824208152658082,-0.0877959518846267,-0.0524705279052321,-0.0436738560787997,0.00314843738778753,0.0292117620617724,0.0325848672945907,-0.00154695218235805,0.00340494833188984,0.000733246605675888,-0.014722839149154,-0.0108016902454659,-0.00713048773386499,-0.00767476625742533,-0.00180844179477168,0.00558757909193265,0.00673009004574453,0.0024717476443492,-0.00132559820424849,0.00841522054683376,0.00262092723975051,-0.0138236925960592,-0.0185908386505192,-0.029229082905945,-0.0544032138780796,-0.0562836583952882,-0.0707084610516455,-0.0589941846995661,-0.0497294074553835,-0.0727030134986193,-0.0802979481767707,-0.0868440724167479,-0.0676119442967147,-0.0462317351772203,-0.0244488218211156,-0.0105037495363512,0.0125174283910443,0.0166227938180732,0.0279392860548883,0.0242288424617103
"102",0.0260493376180001,0.0467061778312455,0.0560439738226166,0.0689474860512423,0.0489018716564091,0.0353958210622833,0.015225143599677,0.00131542888465711,-0.0256910859226887,-0.0542952658273165,-0.0351156466594348,-0.0502785907328017,-0.104426767679072,-0.120160061966608,-0.172756544840762,-0.147432780718016,-0.169285910718819,-0.179619148894918,-0.171153154749967,-0.143332514269643,-0.119808463257532,-0.0802346082819167,-0.0634253934430993,-0.0367362486347921,-0.0177669690603244,-0.0311638234458401,-0.0604220206010295,-0.0421604690258668,-0.018310123554013,0.0121949623627341,0.0637155589689077,0.126721300520749,0.134468254126434,0.142036879643415,0.228887014504543,0.229056489265592,0.155399676265982,0.084959583224027,0.0458368128261029,0.073896965140702,0.0347878763364661,0.000635765295115106,-0.0034144104761872,-0.00860714355710716,-0.000932721527872786,0.00607904813716616,0.00441520464542208,0.00541803453049441,0.0127826308960428,0.0162413587037822,0.0133003676068406,0.0133408029360554,0.0168345578831668,0.0146420480069231,0.0068483659914917,0.00466455799577109,0.0181639597174145,-0.00439359513997481,0.018237154334519,0.0434057232255849,0.0207270145416268,0.0111712535670698,0.0537456786807915,0.0511581963235728,0.000652803378044437,0.0166934015254821,0.0530361753799532,0.0248636211675307,-0.0180434395583715,0.0189449111107423,0.0296713077646322,-0.0109787587592636,-0.0141876962134914,-0.0494144560127648,-0.0490248648972339,-0.061958865485997,-0.0588372074336957,-0.0887768293179034,-0.127156779201112,-0.141988162634934,-0.1111700082382,-0.107845968614825,-0.0751352854835332,-0.112942359878619,-0.0816145316582232,-0.108765154811119,-0.0981947461822937,-0.0673245161691126,-0.0395834006604564,-0.0162099189344989,0.00745575453781607,0.0284479706313947,0.0635837275913166,0.12508564760727,0.200281653470388,0.25349050078888,0.324398350942413,0.412879181657639,0.495170129893705,0.451489968878613,0.66353251392277,1,0.612583931386529,0.351087937809894,0.188421394231966,0.10666038897217,0.225383106228101,0.203578238951348,0.126241151621634,0.0939713341551543,0.0515456341246747,0.03083521599005,0.0169691659168285,0.0130929266837567,0.0500982469453903,0.0723330027215661,0.135283923730685,0.12040715757643,0.10241336904452,0.0482091928077804,0.0473872689913293,0.0263293568931531,-0.0146194253539757,-0.0380828763794066,-0.0387554261307016,-0.00302815056865432,0.00729939370215502,-0.00260921624995954,0.0177354382049382,0.000319551263377308,0.0170341844263684,-0.0033635847791301,0.02632044899416,0.0135816901328688,0.0361700525704494,0.0147882083811433,0.00524999698068765,-0.0151023119329218,-0.0141822249997921,-0.0142653023828378,-0.0233205480168194,-0.0399621935855166,-0.0473823185071337,-0.0434343650262748,-0.0505012185219564,-0.075056301226219,-0.0788572657801991,-0.0740191603076979,-0.0257324140081502,0.00407331083581517,0.0279012953580525,0.0396353807688906,0.0654145889062612,0.0971993340707488,0.120064011350062,0.1698506690512,0.180808669923491,0.113761956393402,0.102824069083304,0.125050505795435,0.0958975180060568,0.0794637540910529,0.0801307058816254,0.0689292556207736,0.0604065806649246,0.0571459107202207,0.049173881266504,0.0437903846089933,0.0415964234782919,0.0477723579820445,0.039128452441938,0.0330400994961949,0.0334917000527299,0.0231570461460257,0.00856220359157461,-0.0101043616782082,-0.0320690153098623,-0.040141793399193,-0.0554072684853206,-0.0504178480771109,-0.0423803844173796,-0.00887473432701839,0.00603523987675688,0.054831693217311,0.0774042278287823,0.0685921440170336,0.0277849842064686,0.015530857284669,0.00901635765733589,-0.00429352029444671,-0.00397390710470512,-9.48877457429703e-05,-0.00168074689098046,0.00206732617791426,0.00721234432344797,0.007030468083752,0.00224602605458469,-0.00176313364612714,0.00444092609137264,0.000729030759802605,-0.0118716275029889,-0.0162980236853168,-0.0261077383954426,-0.0440896147662027,-0.0454185160214658,-0.0535983230767963,-0.0427280408942297,-0.031730183707072,-0.0501871691422171,-0.0572145501274661,-0.0632064468912179,-0.0489709118396476,-0.0344547273197096,-0.0173491336901964,-0.00647282266546706,0.010079804910967,0.012676456496914,0.0205526154999509,0.018926989047981
"103",0.0340619473822771,0.0498137419844253,0.0520595785062842,0.0553925582876943,0.0355212868984156,0.0178979441838459,-0.0089285546108793,-0.0328920668746204,-0.0626225767556799,-0.087599308436659,-0.0696416799160023,-0.0764020315967923,-0.0938771288683285,-0.088907332556229,-0.133359388509851,-0.103484270966475,-0.128721179509729,-0.136868681727592,-0.14284122444422,-0.119133501371729,-0.0961688964172445,-0.0638358740965477,-0.0629245494376437,-0.0452085833585506,-0.0327828260041598,-0.0473702675695643,-0.0782020811245032,-0.0701656306331567,-0.0519879510084428,-0.0341353878133802,0.0139527122854861,0.0643528625451456,0.0665652248140788,0.0810214465009655,0.14854849862874,0.152112692171218,0.0874868369522942,0.0278091580631946,0.00695314849843667,0.0349716203436888,0.0218788735356266,-0.0062496577273168,-0.00373428459658592,-0.00257312420283978,0.00486005919144258,0.0127785824179764,0.0199967550586527,0.0230903833495018,0.0267762818487758,0.0370820493498752,0.0386494203144688,0.0325381799630762,0.0357735608252002,0.0420991081168026,0.0279864103096881,0.0227308267287331,0.0237847860243614,-0.00145360422378119,0.0148645017800019,0.0407465900730027,0.0200504336567833,0.00392153003031947,0.0471808456439891,0.0517807476055848,-0.000113507938308836,0.0111613911659674,0.0531384575578204,0.0316585432998841,-0.0155557143128981,0.0192579460988328,0.0364566313771596,-0.00262862359170865,-0.0115419743351783,-0.0486994819691635,-0.0543220645880869,-0.0679853690073706,-0.0778902423207506,-0.115817827974459,-0.139923003490532,-0.156654060501181,-0.135796337933796,-0.129930824784874,-0.103348548887562,-0.12802968320625,-0.082340511245073,-0.0980461260650698,-0.0926550167596134,-0.0541233027693237,-0.0126617118497942,0.0226149870118767,0.0401152328378153,0.0515326787837851,0.0743831789178133,0.100555832735849,0.151792499209002,0.176990130046106,0.236245231143874,0.242794625106788,0.359156406115345,0.442688922512403,0.443887381954199,0.612583931386529,1,0.58005965958848,0.308949245269166,0.185106708621925,0.334750822468509,0.28407674417375,0.183552360773141,0.157494218611391,0.0836891281795465,0.075855925682782,0.059830116048924,0.0525260232331416,0.0814461946024255,0.0728629219859479,0.111574995139029,0.0877004946704311,0.0731497556386976,0.030821995752484,0.0299040751130223,0.0132414822858358,-0.0160418083420396,-0.0232988103647317,-0.026771079317711,0.000592254525085583,0.0212827327203464,0.0248406837714276,0.0644983105869745,0.0450393064310054,0.0456386150194562,0.016059946831131,0.0250085229552819,0.00915465165592153,0.0209067619305858,0.00766392918724326,0.00207733427595369,-0.0112482587317372,-0.00844084687595764,-0.00565315070254278,-0.0123507137235116,-0.0254146850218133,-0.0307249164808206,-0.0245213586549128,-0.0322805302366335,-0.0551774860920639,-0.0566085539557369,-0.0506735337758422,0.00521065397415229,0.0292162829058954,0.0433261555553137,0.0522914640431679,0.0653798427208237,0.0785377956491786,0.0935147708299911,0.112477852743121,0.109279897985165,0.0595299543519374,0.05621927109604,0.0777986776984805,0.0518225272355967,0.0387220362583518,0.045841979582803,0.0442178807858854,0.034124197754509,0.0310301655070811,0.0314349422466815,0.0294719751271435,0.0332601955344283,0.0400152551049936,0.0365799386149865,0.0285302888860739,0.0245289978641374,0.014499724761571,-0.00419597310369093,-0.0244699643957434,-0.0503613229475524,-0.0627606645996326,-0.0765661873328963,-0.0751831284926557,-0.0792915708833307,-0.0489131965152817,-0.0360777515240758,0.00169345682228811,0.0256339838721969,0.0208064939353748,-0.014763806390714,-0.0197612638794443,-0.0153311953481277,-0.0231598629319967,-0.0158007485972456,-0.00968716532924985,-0.0110240589662581,-0.00378502006691849,0.0023665457401151,0.00135043544253944,-0.00221981957837963,-0.00571265740485884,0.00260415395265484,-0.00130071932503104,-0.0138029483986605,-0.0173034259024723,-0.0247650250925969,-0.0437890395450879,-0.0449069372920115,-0.0573975217776473,-0.0464773979677027,-0.0421661008523439,-0.0619942969277388,-0.0686226164833521,-0.0734787511337526,-0.0572698253994904,-0.0378833089496885,-0.0224311383269927,-0.0119346306698707,0.00477617186850797,0.00690528464679308,0.0175581451112313,0.0175310098927643
"104",0.0203340803479955,0.0288885006127398,0.0272165151681098,0.02626844918331,0.00750796734601843,-0.00497922163499986,-0.0353709555259021,-0.0554423614319869,-0.0840260532410544,-0.0975495898646639,-0.0814944100693558,-0.0854872139903449,-0.0797384484091599,-0.0665770252811323,-0.10412615954664,-0.0724105275771094,-0.0994629383002606,-0.10276536169112,-0.117090124998079,-0.0926413163805728,-0.0695183752519015,-0.0404684027542008,-0.0447124425587795,-0.0317374149573482,-0.0238552047159784,-0.039622942779218,-0.0702778918606651,-0.0732681782821837,-0.0596510924070629,-0.0607867468908852,-0.0269541145965178,0.00377333191300722,0.0027158675522318,0.0241942507407037,0.0691675642542591,0.0653301297618229,0.0176180339056784,-0.024413874807162,-0.0297501009203809,-0.00876660745246836,-0.00300698884331199,-0.0271625899204554,-0.0240724964863136,-0.0192474159414277,-0.0100529029427377,-0.00289299871645417,0.00461862463618323,0.00798161120255441,0.0139412514166732,0.0263403335768165,0.0250914026931979,0.0156379332363098,0.0223186933686476,0.0306371138667284,0.0167789624965329,0.0110084718825026,0.0161565697747866,-0.00494383700785396,0.0113932694247296,0.0368456746699847,0.0198306279273584,0.00887498457405103,0.0494867967737958,0.0539262335592691,0.00949111292202259,0.0229287604753243,0.060324035711218,0.0404014796561671,0.000623014949332748,0.033343400660861,0.0467660354775978,0.0114600359749945,0.0051948271883076,-0.0304226408510151,-0.0364728222691553,-0.0515288266803234,-0.0631899901589068,-0.100654828928487,-0.123226984934767,-0.141188020605093,-0.124396334917787,-0.120253921219746,-0.0939042930728723,-0.111514424769458,-0.0689308038835428,-0.0878582126890641,-0.0857822377487458,-0.0493127965863742,-0.0113684688862963,0.0177749810985216,0.0245656204793462,0.0344838681076041,0.0521693120729246,0.0546421052807434,0.0961522436135647,0.108127573007272,0.157786699321454,0.151015588234665,0.214385880903259,0.269416492511269,0.284157508465827,0.351087937809894,0.58005965958848,1,0.634692039282038,0.421838450209236,0.476524570705569,0.315765985550148,0.195439475158845,0.158915009434286,0.0763214414950473,0.0725984359472731,0.0586306641019235,0.0468159444338378,0.0847338214900263,0.049522720100436,0.068059228884743,0.0365920894328013,0.0249194647067822,-0.00823961650659183,-0.00125697739789559,-0.00586602209290515,-0.0203695469478688,-0.00656390448247073,-0.00480450946422186,0.014646940376838,0.0448137291035233,0.0674552706508058,0.100633179210742,0.0663036903464026,0.0574310864483941,0.0142902301995493,0.00195794174911656,-0.0158703590399338,-0.0185363412907584,-0.0145915311831425,-0.0130855379378362,-0.0229715774268901,-0.0218978916721644,-0.0156361038754512,-0.0188429060154388,-0.0296103836089653,-0.0336220379302218,-0.0257845713230814,-0.0298241814823755,-0.0506687254344417,-0.0518640306832746,-0.0448885042774578,0.00204068881478629,0.0190217521172162,0.0274546527423189,0.0305018514083054,0.0357356055045795,0.0404902955838441,0.0519860215426744,0.0620881091667683,0.0568176488289833,0.0279538722232814,0.0290200367416885,0.0449254588123212,0.0253178398602137,0.0177864460125235,0.0256166025395724,0.0240714528082367,0.0142866039987369,0.0133647745732819,0.0158934943102546,0.0128934827544681,0.0178669581900607,0.0221002152137268,0.0229340631536007,0.0168212697132689,0.00904886128243617,-0.00412180883669521,-0.0200825939659136,-0.0414441202609468,-0.0625780157039534,-0.0795236875684036,-0.0861222398101323,-0.0879545963079306,-0.0979955848440355,-0.076141958668489,-0.0670133260651246,-0.0369040345980985,-0.0138346282915673,-0.0124854019795206,-0.0339520413627877,-0.030032351312652,-0.0175801063045431,-0.0202107182975897,-0.0112952842792457,-0.00221888695651061,-0.0026539589301734,0.00606479148491154,0.0101992790809066,0.00646711327554647,0.00218872563297496,-0.00362960258314134,0.00279010549209911,-0.00427748954846218,-0.0161987550324646,-0.0217938576643418,-0.026122898816174,-0.0460560267081667,-0.0496591863539739,-0.0659749090732513,-0.059551297947862,-0.0583970129077265,-0.0750648501805849,-0.0794842553966375,-0.0820701743893994,-0.065945881809217,-0.044129942343957,-0.0324939527979663,-0.0191132483937624,-0.00361362099195201,0.00350891721975067,0.0162235805429207,0.0198992994740265
"105",0.0251648360447582,0.0322958699045512,0.0261307245517763,0.0173619587708092,-0.00344143784715729,-0.0198598718570511,-0.0551681808376996,-0.079920945547748,-0.109721646602378,-0.117664132596565,-0.10333037546495,-0.102297429490495,-0.0743013760880857,-0.0532654720532817,-0.0763832671066852,-0.045118148098814,-0.0676154361543927,-0.0659394522437204,-0.0832787208198268,-0.0597243656505139,-0.0423452398261889,-0.0198584883398765,-0.0311900551562486,-0.0293080204903575,-0.0263387543838836,-0.0469330338599491,-0.0777246473486096,-0.0892208184180427,-0.0798516714876704,-0.0924676177390769,-0.0639965926536219,-0.0424236689040273,-0.0448514883816774,-0.0179169882572258,0.0128207739589543,0.011215986803711,-0.0326098240462919,-0.0630916593159365,-0.0601666410903918,-0.0412366752160668,-0.0258500861148853,-0.0516004975785603,-0.0431488027096522,-0.0353582179506906,-0.024759944154993,-0.0112568571005204,-2.49971786262081e-05,0.0046042088672167,0.0154008045484092,0.0381250943487548,0.0354124407338277,0.0224833764359878,0.035624675327037,0.0512843315065844,0.0321493702742479,0.026165596101904,0.031629318172715,0.00722254234812586,0.0230821073416197,0.0505178322734522,0.031287791817997,0.014621017504409,0.0588508147018703,0.0643889310313683,0.0123071936451211,0.0232994000724342,0.0664867521546195,0.0442669717338643,-0.0048730683434564,0.0303199127688952,0.047193437353238,0.00587151864904397,-0.0039541341445533,-0.0433011254001409,-0.049584810593835,-0.065331433024079,-0.0818399299823344,-0.124765033367798,-0.149635911703476,-0.168128216754502,-0.14788251663431,-0.139387715945341,-0.108805900571643,-0.129467706542312,-0.0739237879876382,-0.0895602573556247,-0.0866209797897408,-0.0442761739561594,0.0036149641691805,0.0366881082810094,0.041980145389203,0.0494717728148613,0.0590998216287206,0.0451683763169699,0.0624283932924189,0.0654806367699685,0.0964646279638681,0.0895535606849922,0.130463946447148,0.168631980788555,0.168655444829171,0.188421394231966,0.308949245269166,0.634692039282038,1,0.672120059029961,0.415865967391883,0.463078929520286,0.264409891849201,0.18553584453403,0.0940750009940264,0.088332661995717,0.0813445654759557,0.0697676270567144,0.118858880259456,0.0720402821269104,0.0605496918952098,0.0221541316469209,0.00879918327969798,-0.0175508776419698,-0.0122460327035798,-0.00336073758989631,0.00761010998409935,0.0423210894556706,0.0405445970183117,0.0420739765570833,0.0768388623379696,0.115723689521055,0.144464143735621,0.118374597046046,0.099954348384902,0.0636648655080912,0.0268377484040378,0.00264723327187159,-0.0130107891393339,-0.0135286965537066,-0.0150275221340493,-0.0194195752219738,-0.0152143574248005,-0.00854008377195152,-0.00978447141502064,-0.0202155647394539,-0.0253010592685952,-0.014693957026556,-0.0200877798039167,-0.0445561592421287,-0.0438835416652182,-0.0379408945098358,0.0151155107562276,0.0340746926762555,0.0381221115939446,0.0381086064199087,0.0346906770054208,0.0270645541516495,0.0313293938208328,0.0283224504498479,0.0184325327608947,-0.00300781654626799,0.000795170994809722,0.0182580212367368,0.00276191632926337,-0.00437393189584684,0.00592745727831242,0.0108808862701529,0.000975833181173992,-0.00131155925790175,0.00619680180615307,0.0061793000401689,0.0153522294398353,0.0203572923988843,0.026890702336292,0.018567917648752,0.00553544431596322,-0.00943743512788939,-0.0304465403447027,-0.0550410187238726,-0.0781515416850014,-0.0988987355355165,-0.102621708665254,-0.104942526028894,-0.120865389722942,-0.101444032831236,-0.0961915008240879,-0.0712886637433631,-0.0486118531685966,-0.0463384308106419,-0.0607647195261208,-0.0487820414869481,-0.0295115754985517,-0.027917657667588,-0.0142302423820392,-0.00368643929571642,-0.00171890547919812,0.00826619700147285,0.0120717822734216,0.00980865904137153,0.00640971932698316,0.000631854611865951,0.00894789988928707,-0.000428314828720876,-0.0158560005950423,-0.0222703725601857,-0.0274600128012146,-0.0517954590963184,-0.0573424582867157,-0.0789536773542999,-0.0747210871858286,-0.0771439960912381,-0.0931105570815155,-0.0952350457338302,-0.0968506477231769,-0.0782544530124502,-0.0517567156205576,-0.0385922970629822,-0.022168903256553,-0.00240497611003559,0.00663798499445973,0.0225364156375792,0.0259010214999108
"106",0.0282737302544012,0.0349629297636487,0.0256226757883977,0.013879600837876,-0.0067736491535941,-0.0233759123105288,-0.060620215045892,-0.0845904566107443,-0.113820066356559,-0.116539972984548,-0.0983228441562449,-0.0954063428210087,-0.0587071756405902,-0.0316413437131546,-0.0566189880566138,-0.024690834553352,-0.0515114013779655,-0.0509280300224035,-0.0761917645274115,-0.0560764713440957,-0.0359371005283801,-0.0157134974263773,-0.0324277907589062,-0.029085502844262,-0.0280083146052777,-0.0429399578156382,-0.0733975391268542,-0.0878812309933012,-0.0771516621158651,-0.093064802862394,-0.0698643268751984,-0.052336686300672,-0.0506042877356654,-0.0207580741127315,0.00244862256456539,-0.0118706861724558,-0.0547685419623115,-0.0779830121843108,-0.0756549066884856,-0.0626390626062559,-0.0400937721502477,-0.0589159229768908,-0.049969526225445,-0.0384522526458884,-0.0253087509774003,-0.0151378838932892,0.000441335057324757,0.0106891185996716,0.0197984267897364,0.0421098161177666,0.0449615125469553,0.0328330836064369,0.0439130458648858,0.0609402016006968,0.0410463212116777,0.0313736725299003,0.0278343338298743,0.00497642576581825,0.014832277834834,0.0395600608401522,0.0244647687768759,0.00667894019854923,0.0455364202478006,0.0547106223747902,0.00905371211125564,0.01649794787406,0.0567771446947154,0.041502129750206,-0.00262816058497002,0.0270386485241767,0.0452294401286035,0.0109154525685135,-0.000357434220788344,-0.0356808439202287,-0.0448670539198455,-0.0587638136377212,-0.0800730213402551,-0.122329760193122,-0.135340067827508,-0.153234577000597,-0.14223092298962,-0.134477782134405,-0.111859385861213,-0.121293967025591,-0.0662298158320613,-0.0743975884106554,-0.0748497150781113,-0.0323298127912356,0.0176248099917918,0.0552438369500839,0.0564927587735854,0.0627792247725713,0.0668400927036856,0.0369652490891926,0.0386453945545495,0.0298213921842392,0.0634628211178543,0.0565649325069171,0.0757877812629906,0.10897781406522,0.0945117082898099,0.10666038897217,0.185106708621925,0.421838450209236,0.672120059029961,1,0.693391448477952,0.442552136151338,0.273201838107357,0.242124454445511,0.128240706723524,0.103796521068409,0.101982474858122,0.0929079691212676,0.134532069220532,0.0722460725761289,0.0425005463617054,-0.00424516321381712,-0.0191580193355421,-0.0433431875133534,-0.032557134232354,-0.0197871998178228,-0.0134073361814492,0.0234007714482905,0.0241076846297417,0.0317152465898684,0.069766229356152,0.108707376444105,0.153969703688477,0.122749686034183,0.101444905230529,0.0536472577535997,0.00990699987805904,-0.0159830800900435,-0.0406269200151656,-0.0244052462285022,-0.0188564177540704,-0.0207406244891816,-0.0173416806287712,-0.0072194275234825,-0.00786189762496462,-0.0155403574764128,-0.0172712449026844,-0.00671083740167692,-0.0120846456134221,-0.0314286985028052,-0.0288555347243678,-0.0216386008415829,0.0315185495636296,0.043829461401548,0.0431821916115851,0.0441851121573518,0.0362348051341194,0.0215431692609976,0.0233351355426996,0.00813453451049923,-0.00239132155919426,-0.0161523692540329,-0.0103042993600676,0.0043538232046865,-0.00845472356424716,-0.0135087859286585,-0.00153753108421618,0.0055008714746691,-0.00498158884092121,-0.00682779621525622,0.00324731376131784,0.00416533194728614,0.0152088003779521,0.0203137513983956,0.026699211926114,0.0163461561447029,0.00299524680679326,-0.012914043675039,-0.0326629669129232,-0.059196406030728,-0.0813223515136179,-0.104869725231108,-0.107099366082047,-0.109780864844032,-0.124447476578167,-0.106906163393396,-0.095488342395427,-0.0705530457361802,-0.0444837950317792,-0.0442249484918182,-0.0588504768005585,-0.0498306793484627,-0.0289001682350785,-0.0255997164531433,-0.0123964567866258,-0.00150215856149441,-0.00147468569521606,0.00923259708918582,0.0136904744241163,0.00979028058895223,0.0045429392898709,-0.00273158519033816,0.00400662774433962,-0.00532843558015922,-0.0195082493143846,-0.0259778624540464,-0.0308128693830478,-0.0565021288590783,-0.062909085054217,-0.0881218129424311,-0.0823806119873868,-0.0857493488242643,-0.10124567859904,-0.101230709650367,-0.103692657223355,-0.0833812803996759,-0.0548247848867932,-0.0418635446662942,-0.0255337392003231,-0.00696441416726123,0.00320973165046833,0.0193981320466342,0.0258756302908758
"107",0.046405083701441,0.0599751840487468,0.0503627133933799,0.0373053963473181,0.0120029244872688,-0.0129437869531316,-0.0569327832352611,-0.0882910295766363,-0.124149070413596,-0.13192509756492,-0.107984912528497,-0.105939391108559,-0.0727588911903844,-0.0432274773819134,-0.0784980157036423,-0.0417228043649582,-0.0738783204358619,-0.0772623745705744,-0.104938745776488,-0.0834923197983418,-0.0587415684015349,-0.0334140189736678,-0.0516763400981661,-0.0428208574709103,-0.0390972068822628,-0.0531449276080245,-0.0893701453475149,-0.100482032293332,-0.0838255596616212,-0.0947174217940078,-0.0619477708329672,-0.0335688949650784,-0.0275339814675007,0.00843371704565394,0.0449075206393875,0.0206162708466105,-0.037357521606816,-0.0718767441819386,-0.0765362402409862,-0.0603792419869528,-0.0390431473149773,-0.0579946452443916,-0.0477171761449574,-0.0341875479030285,-0.017813056580424,-0.00588237185590765,0.0149727573938179,0.0302535125686196,0.0402962160154672,0.0678960196249634,0.0751108249501031,0.062475897957418,0.0750215026708151,0.0979586085903175,0.0689647389807029,0.0534854730099491,0.038445342853572,0.00935705925936458,0.0149509856856309,0.0412863023226708,0.0239122259156708,-0.00402934825934176,0.0388425370879383,0.0523799235764951,-0.00356961018393532,-0.00118505241748652,0.0478247920023932,0.0338277533799933,-0.0221274551809931,0.00965337306242008,0.0360785377034809,-0.0024280137648971,-0.0199708337834255,-0.0586472407411853,-0.0703865103116312,-0.0823188272579699,-0.109526758965998,-0.159088876214748,-0.167800570549313,-0.186588168999311,-0.175618527059216,-0.164234753332084,-0.142538460382995,-0.152832964687408,-0.0836129290653162,-0.0826796145166756,-0.0816215623330386,-0.0263064583262805,0.0385101141562475,0.0929168674575267,0.0981214815393344,0.105478849771782,0.1111080271209,0.0794258122512712,0.0707626334583556,0.0613809104274945,0.10873780053416,0.111785431645772,0.141320036551129,0.185851299014881,0.173929877392985,0.225383106228101,0.334750822468509,0.476524570705569,0.415865967391883,0.693391448477952,1,0.591296383028524,0.376472896127959,0.384161980451446,0.203926329375003,0.159244118082037,0.155907358080276,0.146377259641442,0.187968664455362,0.118027731731788,0.0766337667254045,0.0182028180105318,-0.00636978938675265,-0.0417362852305985,-0.0317156915596745,-0.0198728014586422,-0.0213112805298016,0.0147266789398874,0.0112758774282607,0.0268101212407832,0.072437474497114,0.111054199122942,0.192451605918862,0.163519700595262,0.133535798290435,0.0773868119779201,0.0289656576931619,-0.00473073076714939,-0.0347295368776248,-0.0184023604679478,-0.0130810117673034,-0.0154760360856993,-0.00906812284289128,0.0027953612462148,-0.00175989415690243,-0.0102980378049917,-0.00979473662572246,0.00075474757853193,-0.0101491644597371,-0.0300337608579687,-0.0240932125130845,-0.015563672065615,0.0553958508272078,0.0698446442503134,0.0686242483234114,0.0764464791191948,0.0706413463825283,0.0534676643085313,0.0539671667370447,0.0331294971825078,0.0203084755161282,-0.00563500453600973,0.000425901226138085,0.0211879181248185,0.00399826327397153,-0.00566846545910533,0.00901872454426962,0.0187976455917555,0.00522960382554201,0.00138587178820687,0.0137579011962058,0.016036270507722,0.0300387150243969,0.0376501075480136,0.0430552857058805,0.0279871595738701,0.0144808407543963,-0.00217682024026689,-0.0277016386058871,-0.059799488265705,-0.0892842747298349,-0.116799165293586,-0.123249783080707,-0.125444251546331,-0.139517088361431,-0.115557355435984,-0.096629052430197,-0.0621650599349374,-0.0284001207062266,-0.0310623616041101,-0.0558648819816112,-0.0507894442934691,-0.0306514967480897,-0.0302324995088178,-0.0158442911907956,-0.00523170120399257,-0.00678053826724136,0.00561313708103612,0.0127112900368594,0.00888478398193223,0.00179139984243659,-0.00600503118457979,0.00260071697635541,-0.00637618801949908,-0.0227435430498343,-0.0287567830848265,-0.036452382566246,-0.0669226624586631,-0.0733628998861342,-0.102751948898153,-0.0921381912281334,-0.0950243277785505,-0.115682640091148,-0.116223230841606,-0.120597531345187,-0.0951816168417388,-0.0613551928714502,-0.0428710678534286,-0.0260645511871208,-0.00378348886001034,0.00521048139292368,0.0235311302989835,0.030462054984997
"108",0.0604207103112181,0.0791247070666807,0.0692541368926033,0.0526768818944776,0.0239326294636302,-0.0101146882014497,-0.0585758542995147,-0.0983303955690911,-0.138151771768508,-0.149304298524133,-0.129308835803656,-0.125084722660761,-0.084078688023848,-0.053358367170088,-0.075464741692711,-0.0411269273180554,-0.064041113426671,-0.0647199265329879,-0.0860365950594907,-0.0651187006391147,-0.0489317504831474,-0.0279522920222858,-0.0477837726341705,-0.048324428304348,-0.0458641543136975,-0.0664595250590415,-0.103238932352039,-0.115117374468125,-0.100185787177519,-0.11356649179053,-0.0755165279604935,-0.049443327739169,-0.0468438270954093,-0.00767436893961488,0.0278603772283527,0.0119162426136722,-0.0475061634353141,-0.0832983170496202,-0.0859896996311078,-0.0658698035820561,-0.0463327219349973,-0.0691351602397417,-0.0533683377010496,-0.039129573353072,-0.0236223151706773,-0.00276070466506749,0.0212422832196924,0.036110203799135,0.0515854649925774,0.0910637125750473,0.0961936984085675,0.081469080358863,0.101787178438317,0.133141734050211,0.0951331541355021,0.0798539217532222,0.0631706461186586,0.0273781171001719,0.0323110806067161,0.0601318539120731,0.0370605213806116,-0.0022410342832334,0.0460523844243624,0.0598845595935566,-0.0114326609571874,-0.0145261374552854,0.0442345558492852,0.0255666615991325,-0.0479786389558925,-0.0119773848753219,0.0213991223937968,-0.0275162701605893,-0.0513715040898846,-0.0943629045442773,-0.10447380458215,-0.114424410501331,-0.143733378266788,-0.198473556278622,-0.213699940609913,-0.231005755268667,-0.210107183256337,-0.191577001734788,-0.163565186105698,-0.186571676160121,-0.100586217589741,-0.0932316422152899,-0.0864543969064125,-0.0212313015557641,0.0563834247018388,0.119684940496893,0.131337858945503,0.138309920523923,0.143056190134225,0.113945551546241,0.0921780374787511,0.0852674450087546,0.123197634844003,0.124313042483785,0.159902589746395,0.202575946129441,0.179422831774222,0.203578238951348,0.28407674417375,0.315765985550148,0.463078929520286,0.442552136151338,0.591296383028524,1,0.512213999024387,0.435062293303075,0.226510909224971,0.188376060885595,0.186830206242361,0.182828574415743,0.235990839675751,0.170591157451438,0.116238454072055,0.053739031563799,0.0210842997775211,-0.0185466913895595,-0.0159146343767649,0.00318092768164747,0.0191973308848793,0.0658752936204182,0.0536599079530944,0.0569208558435908,0.105739686967634,0.153111328930671,0.246756416276226,0.226080866518131,0.18929945564213,0.144178842887324,0.0838942391986383,0.0416385898131915,0.00662921294126485,0.00310114174979712,-0.000779984192832242,-0.000943287921434003,0.0113101414661901,0.0204068944817905,0.0129191809411974,0.0023603272557431,0.00121108156852171,0.0120807032787548,-0.00500994280914051,-0.0300736540287981,-0.0214593341013697,-0.0148343021428149,0.0703962485403146,0.0930386742749375,0.0915507765307147,0.102263846685586,0.0956472810386198,0.0743772620570032,0.0694548318663235,0.0448314270569741,0.02786612662764,-0.00525145739034238,0.000733789569359931,0.0285109473330484,0.0102240053443251,-0.00445563554496941,0.0109752189920593,0.0251432929489607,0.0102190629079003,0.0028825596643039,0.017308926483411,0.0220474845848865,0.0394525192928842,0.0497628574098517,0.0585037991977548,0.0407544008509678,0.024329536984419,0.00862052469526344,-0.0255400120879819,-0.0602798889218694,-0.0962258152611743,-0.125314452705718,-0.133785221877504,-0.135519200035878,-0.154710625233622,-0.129666045351936,-0.115805223803279,-0.0828136358517608,-0.0502419412393025,-0.0502088571762115,-0.0724059069377385,-0.0588658735690466,-0.0383854767494597,-0.0390756822416829,-0.0208837390423056,-0.0112932897631828,-0.0102383245925925,0.00260838218049881,0.0108101469272147,0.0107199126663138,0.00519986861041508,-0.000449213800796949,0.0118623880412683,0.00242008476977918,-0.018376468365673,-0.0236808374909961,-0.0346041616773148,-0.0688209155620062,-0.0756382316946639,-0.107294289628018,-0.0969962687554054,-0.101677910924342,-0.123854262951781,-0.124419576379003,-0.128357026334751,-0.10058282679872,-0.0633550192951944,-0.0396688429145592,-0.0218847100498451,0.00637260314214018,0.0135783755598292,0.0342038113916898,0.0373529989407953
"109",0.0753772422118009,0.105779104263213,0.0961141041040812,0.0774860175457564,0.0445568182943554,-0.000295377936958165,-0.0527843565986778,-0.101564339707843,-0.146514294693098,-0.160994350173913,-0.150515799161688,-0.145099880801268,-0.0901353199336229,-0.0536021500530822,-0.0658758028775788,-0.0331975430119449,-0.0496377592463191,-0.0492524251531532,-0.0682369460754227,-0.0504415095243961,-0.0405879376783516,-0.0241325859366886,-0.0461424164019526,-0.0515066343996926,-0.049368538175631,-0.0726125075466988,-0.109154073500841,-0.120300954566587,-0.110408687115026,-0.132530057955884,-0.0914054672184849,-0.0815719688188149,-0.0901888827924218,-0.0476991456082942,-0.0172869104722836,-0.026295993560503,-0.0723280791149954,-0.107886347998135,-0.101241506111769,-0.0835068560278949,-0.0575621402851188,-0.0690381256311804,-0.0462976961417399,-0.0262566981497225,-0.0127919905789639,0.011245167474205,0.0413852992279833,0.0589735418640667,0.0761884424139451,0.122381179562855,0.124486209299279,0.106943120906221,0.135535375351945,0.1699377042159,0.113177601711498,0.0905167826938282,0.0596884718083861,0.019214132931232,0.0156195465323739,0.0413617849289577,0.0199942010464599,-0.030014169671769,0.0167409956585807,0.0381854811932038,-0.0362121881222574,-0.0491301563379749,0.0160593820100486,0.00715617174527208,-0.0739648231091281,-0.0436707157037355,0.000468410843769533,-0.0446698436789213,-0.0777874504087411,-0.117609293260799,-0.132808157262544,-0.137578528372494,-0.171655596438706,-0.227813183179876,-0.233477029820632,-0.24774628151105,-0.228964695394892,-0.205984701116917,-0.184373001616082,-0.207246988202439,-0.111407670223016,-0.086545667467628,-0.0779290231804489,-0.00840468666870813,0.0746317613156549,0.154240578627697,0.17633647248852,0.192423025251743,0.200983512546079,0.171822425456625,0.121073249323833,0.095091122791526,0.110484226379537,0.087794719107093,0.124450536700244,0.167457804872616,0.125144038045546,0.126241151621634,0.183552360773141,0.195439475158845,0.264409891849201,0.273201838107357,0.376472896127959,0.512213999024387,1,0.55122957762577,0.297902289912289,0.243057353226862,0.260737752576197,0.250793592793348,0.32131312590894,0.254351762696869,0.166734535193133,0.100247198317218,0.0492007226320887,0.0037056786336949,0.000864350369225838,0.0255299882995037,0.0468506193475958,0.0945924221735962,0.0724370973875734,0.0762744767457999,0.125672340426981,0.165759834423656,0.286695138789448,0.281431462599354,0.254075236919428,0.214468029091627,0.143554108880217,0.0954903374434272,0.0541822318619975,0.0384639898863496,0.0301614572628641,0.032804361501576,0.0524253423252301,0.060091423355846,0.0458666762172346,0.0370030059662363,0.0388364427141856,0.0447426243843313,0.0185394171268552,-0.00381591552125246,0.00809156017247786,0.00397215255988799,0.0934553191567276,0.108569722275182,0.111306992478878,0.138652341881807,0.133452250074242,0.110439111187866,0.0937338812530077,0.0556286920109294,0.0276106705270902,-0.00711123180395648,0.00542615994086904,0.040251998417455,0.0215250993666289,0.00320683747494713,0.0219482798954421,0.0400589366628984,0.0218962635142243,0.0121420437475538,0.0301068503267867,0.0355305542598273,0.0565988612611004,0.0680922925632293,0.08016803029083,0.059381675198681,0.0407694300834213,0.026890850482353,-0.0134842927707303,-0.0482296350024741,-0.0892687273402614,-0.121837978289635,-0.131323328102042,-0.138602683922473,-0.169265296642344,-0.149658361085653,-0.144024581975536,-0.119498828681812,-0.0909632555909483,-0.0787018859338658,-0.0900956426685773,-0.061931575986949,-0.0404994599409452,-0.0424014514844182,-0.0211089231131672,-0.0128447226640521,-0.0106151745403612,0.00370352670821881,0.0147753104105687,0.017379136504655,0.0124949066541138,0.00850842532671377,0.0232515741391016,0.0133557511706772,-0.0083042049380124,-0.01194630458317,-0.0240519853585362,-0.0544725500876266,-0.0617736456297785,-0.0940841168733692,-0.0870051570861936,-0.0979272269938782,-0.118623390116737,-0.118448994880304,-0.117738677697937,-0.089149446181554,-0.0510635465815467,-0.0248269857265927,-0.00939731298806058,0.0213835933723368,0.0266593209609957,0.0493437863880283,0.049178165854005
"110",0.0942180690617414,0.130695669599217,0.124363256700386,0.105637661685199,0.0737096328866034,0.0177038056035233,-0.0429917055944611,-0.0943546984810112,-0.1450015088045,-0.157571963337358,-0.148842567269793,-0.147795138348185,-0.0923235659436482,-0.0531804587991774,-0.0797956355176803,-0.0418194376085849,-0.0672430636764772,-0.0700286312027189,-0.0954798026062608,-0.075967468217918,-0.0576119022160517,-0.0338310071562093,-0.0529883675424329,-0.0444499620531117,-0.0378338040826528,-0.0572766069880121,-0.097062105125426,-0.106031018450469,-0.0965675032928522,-0.129280900348188,-0.0929435161666229,-0.0969551978687901,-0.110883331208399,-0.0659325449139745,-0.0385963000899417,-0.0568455578028732,-0.0941277721924614,-0.128348963148946,-0.117368014469863,-0.105852509278136,-0.0710368549043896,-0.0694187331144357,-0.0474184950376368,-0.0152595781891982,0.00689037540827097,0.023781286702013,0.0614302457793305,0.0942779100482427,0.116114799524555,0.162023384542177,0.172038576521068,0.158621009483993,0.19165758460528,0.229954949456518,0.158952274338045,0.112677936909689,0.0576624864289177,0.0162848222981599,0.000115102445501751,0.0224340898902868,0.0076159621034637,-0.0510685935664886,-0.0106679185550564,0.0177732697765354,-0.0542395975839526,-0.0776856646470865,-0.0128096648883942,-0.0113753279083826,-0.0934921013072982,-0.0712839391619807,-0.020291604847214,-0.0579572007181915,-0.097376746216138,-0.130577442568866,-0.149216110128791,-0.146045129753375,-0.184755774964469,-0.240867529825107,-0.231350872857328,-0.243726578429051,-0.234104582366804,-0.210412621702314,-0.199684502227472,-0.213160077591213,-0.114411915420045,-0.0751318354724431,-0.0652519230960838,0.0171388736825126,0.111426308593508,0.212840535380664,0.235464041905446,0.239003910941543,0.24670249969363,0.194566595590248,0.129630258779068,0.0918349978593404,0.0952210229789918,0.0655365794733526,0.0996409430545129,0.140926076180398,0.096410423828304,0.0939713341551543,0.157494218611391,0.158915009434286,0.18553584453403,0.242124454445511,0.384161980451446,0.435062293303075,0.55122957762577,1,0.59199140677066,0.366060569424067,0.381773416996441,0.315710839757655,0.344589944617019,0.252338395826083,0.157953184285289,0.0923870130892731,0.0384450239496618,-0.00548473476540664,-0.0114536755557099,0.00732199258600245,0.0231838654859099,0.0606599493382831,0.040891514851511,0.0419829200941026,0.0807960106297377,0.111248361136026,0.215312490686293,0.229598800999062,0.215183834333856,0.180743233896549,0.125053958957573,0.0835831542084929,0.0434251794093703,0.0326947942647439,0.0306039839068778,0.0315855302115424,0.0512061373914145,0.0644898099182145,0.0460416293543779,0.0370009594458749,0.0466029089650684,0.0531909053329043,0.020072568541619,0.00453717858050452,0.0251816855485697,0.022601082049339,0.122264456781536,0.135619100747209,0.136006810342826,0.171178348583624,0.169329970507625,0.140740850706857,0.116402478567515,0.0685543757523003,0.0338460723146945,0.000302526246972963,0.0134159998674132,0.0519106652485454,0.0379366866590773,0.0183744309680023,0.0374799251816216,0.0593917114882983,0.0413103583526994,0.0291510949009348,0.0490692702392745,0.0571159674779235,0.0787270540580929,0.0915495671916328,0.105951077023815,0.083511402793318,0.0666211931241444,0.054386721887495,0.0104467631868197,-0.0302977138332134,-0.0751648425500631,-0.11891451675093,-0.12799540719912,-0.143483081938253,-0.176743100823164,-0.164049650317259,-0.156630164715147,-0.130200131125722,-0.099039045446249,-0.0801215514045285,-0.082152886465395,-0.04801337290331,-0.0261233770171207,-0.0288813281881086,-0.00664435804260878,0.00297123295023895,0.00563788379614981,0.0218138078270713,0.0355066410717961,0.0388473521352028,0.0313098774904284,0.0258780982586636,0.0383152330335077,0.0268094198467081,0.00614907207428275,0.001329386469573,-0.0157269858706574,-0.045673999549767,-0.0569540742535427,-0.0946621714426776,-0.0896292677192932,-0.104689588952071,-0.125035336362662,-0.122243081062625,-0.116191128155398,-0.0822973972530168,-0.0381259265565288,-0.00439022631459,0.010743835370016,0.0424726344748981,0.0486960317087359,0.0730243317830789,0.0728944282664419
"111",0.0916604174275988,0.119089600675051,0.11205297907708,0.0908496765332973,0.0687698805882074,0.0189006150964322,-0.031867803747518,-0.079928442731666,-0.125224169978977,-0.13822547203872,-0.133118697205177,-0.130902538952482,-0.0669997619217534,-0.0233506721685079,-0.0429841540126414,-0.00873710308508487,-0.0336566854531607,-0.0353609610929286,-0.0660558804925077,-0.0522133441384212,-0.0355511269421617,-0.0192758754095954,-0.043256825146856,-0.0395732619361321,-0.0357680083450849,-0.0514097557796913,-0.0845442333024072,-0.0929902419673998,-0.086416318063602,-0.115645711537544,-0.0829418795279639,-0.0902398790885107,-0.105348199122415,-0.0644795505796509,-0.0438342175659488,-0.057710055641276,-0.0835959547988827,-0.115447415649545,-0.103327247354848,-0.0940924275897148,-0.0585707041598296,-0.04797643462539,-0.0246681356549604,0.00759708960632763,0.0270195151782429,0.0436273096713701,0.0838426731586588,0.116237233803059,0.135920262172999,0.185852132943472,0.197533110449346,0.176429084277526,0.209551262031137,0.261061557832338,0.189933219367141,0.1257581468819,0.0663141301170317,0.0258933206131553,0.00328878395469747,0.0238718071955558,0.0139865989346999,-0.0450794399440153,-0.0115712517120581,0.018458820929574,-0.0453916090811657,-0.0717966319508301,-0.0131593011260571,-0.00783903883236302,-0.0826267487216913,-0.0663292266606292,-0.0187496875954666,-0.0505822467904805,-0.0884735177535316,-0.116389746064161,-0.134457037523594,-0.129603088042154,-0.170469782721563,-0.222218598250057,-0.205446461323029,-0.216006870821389,-0.213481682313558,-0.190545377833522,-0.184962572849672,-0.188383101928801,-0.0932568799239022,-0.0483068289528424,-0.0408691975941214,0.0360888645253822,0.134997956183985,0.239579675790206,0.246120871189609,0.222028727866166,0.208085794482308,0.153640686043756,0.0948199599136505,0.0574844917546258,0.0571632570811196,0.0339393875986669,0.057054936994629,0.0868886906033232,0.054026142950301,0.0515456341246747,0.0836891281795465,0.0763214414950473,0.0940750009940264,0.128240706723524,0.203926329375003,0.226510909224971,0.297902289912289,0.59199140677066,1,0.448523943567856,0.383358424218919,0.297266624143052,0.24466499999459,0.184421954230065,0.113930042100883,0.0652270609881837,0.0223207635659408,-0.00773875061686879,-0.0157282329523827,-0.0016852819193225,0.0143199765191896,0.0381771854227697,0.0221464107851665,0.0201649695643195,0.0414578922751108,0.054679970053267,0.11363811591752,0.144991321224349,0.151415262643163,0.134925387187932,0.0956119215058266,0.0640157646629893,0.0313279047600409,0.0234775528473188,0.0260249089492424,0.0297666636494418,0.0456333929483322,0.0596973710079325,0.0453704188967036,0.0376837619384183,0.0476958269519496,0.0569805051624904,0.0254261153076849,0.0145508036027088,0.0359501329261855,0.0397952707498607,0.137977561468553,0.145161616385416,0.131802904809638,0.157863212829752,0.150761029199552,0.117306874087283,0.0968585012559912,0.0474771885839539,0.0145112079630875,-0.0098832179389462,0.00203224435101368,0.0356938702550386,0.0263440578130041,0.00843681341952768,0.0266942756705557,0.0489763624508025,0.0319301595299194,0.0204663351165609,0.0399902359049572,0.0475251893651929,0.0677828955483646,0.0787144188313775,0.0923070928936757,0.0729558609740012,0.057426048648616,0.0522818619394609,0.0131690012598041,-0.0184140778757396,-0.0603601705622334,-0.0978061213751169,-0.108997095287348,-0.12358349350435,-0.155687364838852,-0.145338264677328,-0.140296738887928,-0.121501631282555,-0.0965838445669667,-0.0765732204064096,-0.0774786231229421,-0.0450743576341039,-0.0251871638224947,-0.0273316767836635,-0.00655218214187927,-0.000222392270291395,0.000304603536149568,0.0144582860095156,0.0271948836131786,0.0295369764067883,0.02241376909162,0.0194451401133942,0.030069293522239,0.0223067156806251,0.00668426427162738,0.00667633287085203,-0.00796611976346486,-0.0329886476281529,-0.0394700111791899,-0.0711837673658177,-0.0638371100876902,-0.0806089137260903,-0.100263768001396,-0.0983034194753248,-0.0938301793319514,-0.0628631065110127,-0.0254929496828698,0.00575921903147425,0.0119053327572513,0.0375648565195955,0.0404020289503061,0.0600919234578668,0.0600386207115722
"112",0.12147348825907,0.158528617277645,0.14681055462645,0.1163457721394,0.0879432806087932,0.0229658764530971,-0.04119379556153,-0.097080010569474,-0.149087111048211,-0.162139967736429,-0.154998600818094,-0.148122826983374,-0.065707811071173,-0.00963117520787699,-0.0255331812909241,0.011125992184143,-0.014783642076705,-0.0175591499477483,-0.0556699755774424,-0.0459395762890564,-0.0304247599289432,-0.0180316164822208,-0.0527896629999431,-0.0533219376373198,-0.0518248141693977,-0.0651875006210489,-0.101693419597567,-0.113387815524888,-0.103557812935788,-0.137134407802962,-0.0985222089961128,-0.110365200530075,-0.12991693391829,-0.0845933662472791,-0.0647352852368099,-0.0774955170684148,-0.100945813385232,-0.136779159192528,-0.123141568516038,-0.112595447996518,-0.0752280685087647,-0.0647536492601127,-0.0407678152666764,-0.00691557250389219,0.0122366962357915,0.0343589787950186,0.083223924193502,0.128499961615405,0.143693048025462,0.213652805094226,0.259205792859849,0.257773001494241,0.299587904392448,0.403069334374749,0.31554424351898,0.215495587791111,0.119278055707724,0.0729852099932286,0.0270772560759227,0.0411175777809911,0.035661863570358,-0.0501347630844193,-0.0244726675562155,0.0148982249297027,-0.0599693661694073,-0.108481992422866,-0.0422091264112485,-0.0293513989362084,-0.123751881985019,-0.114544832107789,-0.053149985643908,-0.0872152074480644,-0.139375785491093,-0.163497702074164,-0.183455880899508,-0.168035850100375,-0.222164176314605,-0.280354772346458,-0.250619018704647,-0.256699743567513,-0.256744143788952,-0.222545421211971,-0.222051412318032,-0.221875480828011,-0.098227215108642,-0.0239108683278187,-0.0124666086205335,0.093182064065774,0.234780047683636,0.380313683176,0.373001136983769,0.322491925353169,0.27244444161785,0.202502095285967,0.115514208844793,0.0636116301864193,0.0470956883807595,0.0103426781003119,0.047230668751283,0.0813792299051142,0.0358941224941047,0.03083521599005,0.075855925682782,0.0725984359472731,0.088332661995717,0.103796521068409,0.159244118082037,0.188376060885595,0.243057353226862,0.366060569424067,0.448523943567856,1,0.559949328550055,0.425116541414335,0.28391802887593,0.223622385233953,0.139475023889222,0.0841591872927992,0.031437111642749,0.00233879065871169,-0.0139815779136166,-0.00276899850787207,0.0177100805869808,0.0404282911818771,0.0165409637080787,0.00863362356523765,0.0311500044519059,0.0393399783416402,0.0936771943748954,0.142945169030544,0.166834077746639,0.162162095763066,0.120308717182639,0.086105570094105,0.0477755703865507,0.0394483136010343,0.0441926303818489,0.0502259136541875,0.0711314294411389,0.0880940508949777,0.0680779515915398,0.0602515685805066,0.0775600359294244,0.0878505341451369,0.0421513015719714,0.0373851107909406,0.073223537678415,0.0832323624134377,0.219970394221621,0.224839837091664,0.192713271017417,0.214981161920791,0.198330552146946,0.151475122464059,0.121017020318086,0.0565720378598861,0.0163791026204707,-0.0128597835394377,0.000502820704726237,0.0429256242487249,0.0337174542988511,0.0104475006451309,0.0333712933100656,0.064461192572297,0.0432058685545222,0.0273866902104796,0.0536694025965745,0.0658320077492015,0.0921987278936277,0.106023826221572,0.119502742348479,0.0905285305781022,0.0697356841885202,0.0630843994628027,0.0132445786140964,-0.0285435943494991,-0.078246777695969,-0.121485893347041,-0.133949173855741,-0.146084627704662,-0.181217760334903,-0.168034012190356,-0.161586471406077,-0.145648919420111,-0.117783423220757,-0.093462176717947,-0.0922196134255967,-0.0535514563141355,-0.0311872723811423,-0.0355308940258293,-0.0107787705973888,-0.00398577931366564,-0.00506539077184098,0.0125182626610965,0.0292339078286495,0.0320677507762454,0.021690767572828,0.0170646542285654,0.0298366982072907,0.0208491551117515,0.000446315227428966,-0.000138278232408954,-0.0190595324696333,-0.0517635708972699,-0.0599543332954392,-0.095512179544478,-0.0825763975467657,-0.0966345662948111,-0.118536470726091,-0.119824343360771,-0.119837650942336,-0.0853845209374136,-0.0411656284186899,-0.00220344394700057,0.00729218467794115,0.0409435422596715,0.0441916766116369,0.0689661464495876,0.0714780539686626
"113",0.164430433828634,0.217327295213682,0.201897758995385,0.165587227812641,0.117326551981348,0.0332721292114134,-0.0443687629487241,-0.111647092696505,-0.172073370670603,-0.188897433077184,-0.182603090416644,-0.174840940049924,-0.0914764980138911,-0.0355871579819336,-0.0496111122279302,-0.0124477803159001,-0.0323936509980759,-0.0367106367019417,-0.0672788403813344,-0.0570225309900361,-0.0462765236118405,-0.0319270545430391,-0.065111981386848,-0.0648509582629495,-0.0608860535136256,-0.078686458779518,-0.120946818853815,-0.131460333113326,-0.119770419628812,-0.159351632990563,-0.114717977126096,-0.130880981702166,-0.15436095791424,-0.102378497020661,-0.078840652775409,-0.0955036822862007,-0.121837343672316,-0.160426206526649,-0.141708810557675,-0.128410407013783,-0.085363843146431,-0.0756129980363926,-0.0480896679927135,-0.0124136786351976,0.0101526137151007,0.0366820809482167,0.0859340410796691,0.132307375750931,0.154782141880551,0.226211481020826,0.264497437248234,0.270852489614086,0.324215453180556,0.413086235292122,0.308648355921657,0.248618147235877,0.139664861974134,0.0873510320316642,0.036511192881808,0.05367769215949,0.0485984015602018,-0.053786374849423,-0.0241831666017049,0.0219533599537036,-0.0678480343617575,-0.129292968167299,-0.0519010636520701,-0.0374905876529846,-0.152610748314799,-0.144034081463888,-0.0712262224667576,-0.113120146387899,-0.176741389525245,-0.203647029422812,-0.225705684579706,-0.207467249593149,-0.268519196624174,-0.334057314087276,-0.303804853652263,-0.307944408885734,-0.301892352672255,-0.258922782376367,-0.256145225572229,-0.263976273520098,-0.117034181396855,-0.0255672158036018,-0.0126158425130385,0.109421435706262,0.286191497084795,0.465150327943886,0.491157923477391,0.43104336897504,0.367104186140107,0.270302584834646,0.159916964230413,0.102775383111683,0.0706745745405984,0.0232194580663275,0.0564390461769442,0.0892306194420367,0.0336827054230623,0.0169691659168285,0.059830116048924,0.0586306641019235,0.0813445654759557,0.101982474858122,0.155907358080276,0.186830206242361,0.260737752576197,0.381773416996441,0.383358424218919,0.559949328550055,1,0.639467841315063,0.412776314575327,0.302317777031685,0.193257588543927,0.124639099208734,0.0552925221059695,0.0136505265947688,-0.008392607231802,0.00585765117356887,0.0322444552439544,0.0604065560634675,0.0272928227051969,0.0140668912487841,0.0417102643564654,0.0509600934453445,0.115979899984419,0.180709471421883,0.229024082313722,0.223799627720863,0.164980692746114,0.122928707365979,0.0763684547492949,0.0617639581162714,0.0660418485785324,0.0736637528416907,0.101420317986795,0.120993997167672,0.0950633100359188,0.0853383051596172,0.106889002797092,0.117817921218714,0.0600316562260372,0.0538266385026867,0.0989654946723032,0.112010091916201,0.289861408525336,0.294533433023206,0.264629454851442,0.302877117330788,0.274044219695958,0.213188395991367,0.163420480052781,0.0873436264741078,0.0361468116620777,-0.00309675322630834,0.0121876516945901,0.0662260689803012,0.055707206456353,0.0251582369638815,0.0505702850706874,0.0906395812570735,0.066873256373711,0.0440255061660059,0.0751759624197572,0.0941712657000212,0.127308911009322,0.148118132468596,0.163792719545454,0.124856125225527,0.0991339634157113,0.0856647051988255,0.0211514209348852,-0.0307680799605828,-0.0897743483549382,-0.139050709830701,-0.153600716483828,-0.167353573556616,-0.209278659110419,-0.195213597958386,-0.189402865402597,-0.170476450542242,-0.137128493308034,-0.108074033538796,-0.103612642226157,-0.057223031863388,-0.0333294320072699,-0.0419272748325336,-0.0121045432197868,-0.0033678687496201,-0.00179083341365294,0.0190419752395006,0.0396878637804648,0.0466191156345373,0.0344269944682997,0.0287829834172702,0.0451969211882532,0.0322309902285509,0.00440432204771768,0.00152334124893344,-0.0216182717191745,-0.0586943773324093,-0.0686428522827636,-0.109160782236274,-0.0961226694628483,-0.112080120241276,-0.136811376505009,-0.137673765057788,-0.136577892294749,-0.0976943669378599,-0.0471899284484516,-0.00130858623784193,0.0140671055186351,0.0591099522115442,0.0638900931514618,0.0958445366116909,0.0969003838549034
"114",0.177548292675945,0.248239766216697,0.217525317361198,0.178204591735389,0.120088952881502,0.0323753454040337,-0.0477338665070991,-0.119700567346613,-0.180124444405313,-0.200645977510721,-0.199198134837349,-0.18822844403693,-0.101135723372337,-0.0484486088198467,-0.042215182814361,-0.0123890773703195,-0.0163555283653379,-0.0174489839343476,-0.0354261398404205,-0.027945929882072,-0.0313502707840606,-0.0249681838137791,-0.0589914726529453,-0.0731357674295512,-0.0717871093571152,-0.0960741160552039,-0.135621571588858,-0.145414191727934,-0.135712074770961,-0.174246891075968,-0.123869471739108,-0.140233870886509,-0.166610216915222,-0.110473296764139,-0.0831270879993449,-0.0969099542196514,-0.125661415379325,-0.165840000885961,-0.144530355067732,-0.130049414026209,-0.0880392641095541,-0.0807314077899268,-0.0504568636743799,-0.0201259282594114,-0.00495272516320013,0.0234143736817935,0.0660781631383024,0.1004661047748,0.121880954303157,0.184320709354002,0.203042276209482,0.208553138592112,0.258267427270459,0.326706364501232,0.22127732595533,0.211131759212951,0.121060326426673,0.069097699865286,0.0286784347634351,0.0507049560397094,0.0431239038783338,-0.0571676617246264,-0.0187408128397601,0.0293278255124238,-0.0649631952709103,-0.122990330485341,-0.0379173130607683,-0.024696256181035,-0.145896500361308,-0.132947480069516,-0.0569049730270445,-0.103976367628106,-0.1699530386927,-0.20443824361745,-0.230357085904758,-0.221946112581674,-0.288075937796075,-0.361139743912165,-0.34034890473234,-0.346387284387649,-0.331559301863633,-0.283692661201156,-0.271104902188304,-0.287813191469459,-0.125538527366984,-0.030858903671315,-0.0269980506534416,0.0837559893923533,0.244283870385302,0.410636536223394,0.466331339732126,0.545407393308585,0.423278680924048,0.32110036104568,0.200546024058167,0.141960137107563,0.0986947419083,0.0374801105062478,0.0699587210298292,0.104385674687629,0.0394181139384214,0.0130929266837567,0.0525260232331416,0.0468159444338378,0.0697676270567144,0.0929079691212676,0.146377259641442,0.182828574415743,0.250793592793348,0.315710839757655,0.297266624143052,0.425116541414335,0.639467841315063,1,0.637743499383597,0.39031481224422,0.258977034445725,0.179203648306567,0.093454189351643,0.0370219249079292,0.0122976658182527,0.0317137952680051,0.0644617592648114,0.0987481956036984,0.0587078834712779,0.0432383259220061,0.073552260623895,0.0833143188876375,0.156583943429294,0.236770355246929,0.308298812486827,0.300875169899557,0.223530379389387,0.172591512392993,0.117308799928337,0.089179609949929,0.086037766440449,0.0957475530465922,0.135275650848633,0.153179157815009,0.124714835060577,0.1224538792274,0.146924326771228,0.152946864598316,0.0964207442418832,0.0917023227141087,0.134094169991442,0.131445950746101,0.308440564078425,0.287852287677437,0.277917591871396,0.36210916730194,0.305519460815559,0.242272885332311,0.191963772246793,0.107608435639266,0.0497700894069343,0.000101377434974373,0.0160238196759659,0.0762681700428458,0.0604909214470242,0.0223593102905508,0.0489259053007336,0.091507526565312,0.0624589624128613,0.0361482535093342,0.069319381262503,0.0879393655578436,0.127312957890109,0.15236125589159,0.169603580280288,0.127172153183402,0.0976151849259579,0.0843871599598319,0.0136988608665463,-0.0377616277461967,-0.096372445795612,-0.141849099915195,-0.156709653059488,-0.168329350317926,-0.215617782944102,-0.202240877921428,-0.201372042407623,-0.185795625738006,-0.153698700152762,-0.121942519197396,-0.117568611025635,-0.0660200013739431,-0.0448489537194114,-0.0579397965641993,-0.0256724754655506,-0.0198720426508934,-0.0175990061946978,0.00402188982846072,0.0253923615198823,0.0344872537243861,0.0224426377920468,0.0210936593219629,0.043818777818204,0.0323560052955298,0.000409661494809015,-0.000937578167749919,-0.0223521492162966,-0.0574951147508708,-0.0668565371813584,-0.105297145717136,-0.093979732180205,-0.11133421691962,-0.134958769704274,-0.136494328268136,-0.134564157776057,-0.0986591705814719,-0.0503414192979781,-0.00792253406682414,0.00845601785179957,0.0576489068359618,0.0574417833011403,0.0920723999732374,0.0917039098930246
"115",0.153275517449118,0.221291730509972,0.209697435582951,0.187924669006112,0.129049477761676,0.0430697599140558,-0.0364219930130807,-0.108887990244325,-0.171240863778315,-0.194285226838218,-0.197042728048702,-0.19257436622462,-0.125569522016959,-0.086474017366767,-0.0846614182837692,-0.0552895429636183,-0.0554009666108549,-0.0558267682545214,-0.060789972987327,-0.0461549432287787,-0.0500944081754362,-0.0358735590403186,-0.055928149290881,-0.0647166841602076,-0.0583798159261187,-0.0885536948082362,-0.129464818173503,-0.134639004042231,-0.126854808620886,-0.16558590175217,-0.113843158232876,-0.131417515864088,-0.15947265604444,-0.104760408308737,-0.0710161488337359,-0.0841107768634653,-0.118736482943859,-0.159617610322816,-0.139713186220999,-0.124242040759384,-0.0876901571103018,-0.0880493878278206,-0.0580417253350135,-0.0275842457651363,-0.0124259579366255,0.0120765742113452,0.0492080243468087,0.0792657536144384,0.10220859262856,0.152169755467031,0.161372194988632,0.166308784760331,0.211699420260124,0.251235845692401,0.171990602141347,0.155531377947128,0.0899875100381183,0.0368731737697514,0.016559602128061,0.0417382828884615,0.0223049530611131,-0.0640492763007521,-0.015526814682559,0.0221007400693588,-0.0765871666653786,-0.12019770802039,-0.0334006956908379,-0.0291019978800768,-0.147722177289128,-0.125371235272009,-0.0530695508936403,-0.104536635146387,-0.164178046208265,-0.203450695062073,-0.2263624978873,-0.221078949278721,-0.271238302158821,-0.339784927302979,-0.335107856346069,-0.342802918560947,-0.316633325773863,-0.274902961617314,-0.255715363982372,-0.290469215146273,-0.147680116891615,-0.0793571289485245,-0.0668902120965804,0.029404499695631,0.155346236993603,0.280684154042221,0.345234669054205,0.41872036909576,0.466901384130099,0.380518304552766,0.254085108200454,0.197673797834654,0.151666752985485,0.0852937440637825,0.115321946486449,0.151513195654236,0.0820881071568232,0.0500982469453903,0.0814461946024255,0.0847338214900263,0.118858880259456,0.134532069220532,0.187968664455362,0.235990839675751,0.32131312590894,0.344589944617019,0.24466499999459,0.28391802887593,0.412776314575327,0.637743499383597,1,0.599640207555012,0.347462393106024,0.246034574191886,0.137148542748428,0.0637690392519813,0.0338155564604115,0.0582736077750585,0.0958922301525694,0.139465601628224,0.084868594350208,0.0652904589027515,0.106213420981684,0.117698442512366,0.20605946438624,0.294704224136307,0.431239800637227,0.395670181332174,0.295784970366814,0.231061921166499,0.162976868381739,0.125944263713995,0.110760304763416,0.111835567669904,0.154429741963358,0.164796891347828,0.123985427206564,0.114981950395837,0.131812976070483,0.124930413858383,0.0672222272672386,0.0498030109035089,0.0807985209274795,0.0638335004131403,0.209686788470771,0.210146160935936,0.221467945373063,0.300896387053556,0.298675812852613,0.263677681742225,0.215995448298592,0.142951196809144,0.0812815767477429,0.0236923821270054,0.0411500698378,0.103789601145149,0.0822989070264672,0.042562535298852,0.0663662944731148,0.10081482744984,0.0712927120598905,0.0463720053939003,0.0734236343871763,0.0858976541500851,0.121742279214921,0.145313399764542,0.162658715873142,0.130841336980906,0.109178623917577,0.0963991566123641,0.0284886858469994,-0.0238458447258954,-0.0828749289268279,-0.132199485005654,-0.145963015099142,-0.162987050747335,-0.211803402664355,-0.200773624152174,-0.203166241302666,-0.181343934998425,-0.148725544104379,-0.114620614887612,-0.10798285948674,-0.0535051113435088,-0.0356718177812957,-0.0486104329955423,-0.0193443520149715,-0.0140578668407872,-0.0077785455592815,0.0115279066508899,0.0316243039340297,0.043950142989805,0.0369031354023264,0.0378085336447568,0.0598997378264353,0.0486635900679476,0.0163676600612498,0.0113022570392958,-0.0129079502231711,-0.0461142265096666,-0.0603580694296652,-0.100404819821366,-0.0970838744312143,-0.114556789918842,-0.135955804640147,-0.134845069955643,-0.126062539229695,-0.089350355338824,-0.0388322868673507,0.00562296681703267,0.0258955141564367,0.0736838456707356,0.0724051012838213,0.103805954349581,0.0955282757701307
"116",0.149509339249493,0.22812173299128,0.219627087671404,0.212523347928316,0.150544441986306,0.0616321374182475,-0.0144536517560849,-0.0949679369819259,-0.160404650427139,-0.195077263666796,-0.203455203343294,-0.200801687712154,-0.152374242358503,-0.126179074275467,-0.114007613526908,-0.0942367018220139,-0.0763540422192829,-0.0789617477493903,-0.0606630523590967,-0.0492256743158816,-0.0669277020924852,-0.055641766525145,-0.0660713405086748,-0.0794640402165971,-0.0697386470755914,-0.103243099456486,-0.143000157438727,-0.13809264777801,-0.126245228271051,-0.156079845453488,-0.0923525513103072,-0.109314120564438,-0.140058991887896,-0.0822281952325258,-0.0372993415190026,-0.0553287045047863,-0.0942452570283904,-0.140618162441888,-0.120906715129915,-0.0979604263075608,-0.0697097406905564,-0.0719931301306137,-0.0393255174827998,-0.0141477844503292,-0.00172261331712622,0.0238876059306117,0.0549109837072299,0.0790632028226041,0.0992340091974758,0.136927921770593,0.141316751087995,0.15069355184414,0.186228800855306,0.206187242091805,0.14004411843928,0.132144601677219,0.0774076893674241,0.0205184100873204,0.00975949381526663,0.0341760448962366,0.00506718013227729,-0.0795716021328231,-0.0249394518907208,0.00863908904858291,-0.097491845825274,-0.136963565889666,-0.0435620003385459,-0.0419337296315073,-0.166225536796989,-0.139827175897046,-0.0640002020814577,-0.11911204468572,-0.180106795997607,-0.22187359246174,-0.244717722767674,-0.24148423149122,-0.282625040491715,-0.347240613020737,-0.351471934593836,-0.356309931028265,-0.318857846223852,-0.276276098169706,-0.254604784493098,-0.308154726204262,-0.171200731105295,-0.107940328325273,-0.0898044018206289,-0.00593510652753417,0.097859070114589,0.211304560078635,0.28699224631781,0.364401933619042,0.410386520782748,0.501138692617886,0.336422379430277,0.303541699443745,0.259107412297837,0.162372779816183,0.167590110920873,0.204618544629183,0.132694848155488,0.0723330027215661,0.0728629219859479,0.049522720100436,0.0720402821269104,0.0722460725761289,0.118027731731788,0.170591157451438,0.254351762696869,0.252338395826083,0.184421954230065,0.223622385233953,0.302317777031685,0.39031481224422,0.599640207555012,1,0.597616329492162,0.385291717777473,0.249443438052727,0.148285092386236,0.101658175003394,0.12542336433751,0.169346064031289,0.201129783845615,0.135007166696677,0.102452753411677,0.124304984749319,0.117952005677229,0.187314671984146,0.267600632757177,0.371163093955849,0.516247857237118,0.429202876378311,0.348980639069238,0.271902960886752,0.199343871590416,0.166549691453644,0.167297749010801,0.224257358310472,0.221381175232852,0.171628312840559,0.160877702791788,0.165784681569993,0.143168352452739,0.0820422843694031,0.0548574505993584,0.062658035700788,0.0280010802311203,0.15561229900123,0.173890423684291,0.202665041197322,0.287077934941337,0.298745375935677,0.30608595201595,0.250518894386551,0.185528524769949,0.122346849494178,0.0539956780374009,0.0776740958327395,0.149652853223873,0.117049026331621,0.0714575246347263,0.0994804894056869,0.128529960478796,0.0927544513477745,0.0680761983732071,0.0941291012911787,0.100256535488667,0.136327202572547,0.155586137666722,0.165575738360774,0.13522382288753,0.118811671603581,0.110356501262717,0.0384184766004198,-0.00899994700462402,-0.0746962456196391,-0.11811999264669,-0.139925366796032,-0.154742098390218,-0.206788922659431,-0.192237397230964,-0.197843862826552,-0.174282836364272,-0.141377161024819,-0.102617074629646,-0.098359280832332,-0.040390157596707,-0.0307279506676142,-0.052504453346328,-0.0261796669802442,-0.0275900622067681,-0.0234014592783121,-0.00609329808295667,0.0159036210534917,0.0292711640497023,0.0241502717015842,0.0296852701898223,0.0549074886942475,0.0482687065641726,0.0171773977641414,0.0165757055898265,-0.00674010194206778,-0.0380186910038388,-0.0495998478126778,-0.0867097813013198,-0.0823385197000644,-0.0996810360277695,-0.123821287301124,-0.124105359832058,-0.114718779968139,-0.0784304467339622,-0.0307137288854312,0.0144115543981079,0.0291348529299402,0.0768437154185244,0.0696579659363257,0.0967430844396854,0.081999853256261
"117",0.114247511496267,0.181935710194566,0.180922084205175,0.185111037072473,0.137081426705271,0.0637407023029647,-0.00484658010865929,-0.0755149220206231,-0.141112904493217,-0.179485383538018,-0.190294531983329,-0.195552953731923,-0.173323867489194,-0.16353270967212,-0.155915098989634,-0.138732439320443,-0.116020104082185,-0.118711866142854,-0.085363181033043,-0.0679336634303404,-0.0866614588791382,-0.0683788315281983,-0.0631711994271586,-0.0716685742048247,-0.0569165814670269,-0.0928096224794237,-0.132478029325798,-0.121520438028559,-0.106726027557224,-0.131445092674288,-0.0625686564753987,-0.0786871781290243,-0.110719271069935,-0.0549800343097202,0.000906829945654377,-0.0191741684854139,-0.0667201157199899,-0.11626205243971,-0.100809044447017,-0.0752379987234171,-0.0587155141216242,-0.0680577256485535,-0.0390683621664154,-0.0166104770384317,-0.00559358700589571,0.0157072944567254,0.0406928007017702,0.0611557740824748,0.0784604554483436,0.105770221307061,0.107456338895796,0.115721860903755,0.141487327069121,0.151740090342608,0.104305772754802,0.101620473973996,0.0713608015816015,0.0199072325363064,0.0224817551621226,0.0447439654376228,0.00891794009107437,-0.0615652647127482,-0.00744424101858237,0.0107159769955147,-0.0931169987941359,-0.12069483998449,-0.038179982289819,-0.0515222719425757,-0.166331167324094,-0.133266234416606,-0.0712959146327372,-0.130745716869054,-0.17845511801535,-0.217937445775177,-0.227579776538782,-0.222609057846391,-0.242607762837237,-0.293970365350331,-0.319571431907804,-0.322406616997324,-0.271801546480386,-0.235259215790934,-0.204751452048631,-0.275736872041873,-0.165710552812073,-0.12762276610553,-0.100219447076382,-0.02964806905392,0.052037321391615,0.136296787516586,0.201260431957596,0.252801193741116,0.303851356740957,0.420212824737476,0.4276651931866,0.428730450578445,0.371358238446648,0.256482794726218,0.251239488248137,0.280653387820006,0.200285374227697,0.135283923730685,0.111574995139029,0.068059228884743,0.0605496918952098,0.0425005463617054,0.0766337667254045,0.116238454072055,0.166734535193133,0.157953184285289,0.113930042100883,0.139475023889222,0.193257588543927,0.258977034445725,0.347462393106024,0.597616329492162,1,0.635724844352966,0.376720311519467,0.249812919585268,0.195460064416694,0.20129109336923,0.215156229104814,0.21238941815134,0.156620125064319,0.147170623979577,0.140887835139131,0.107277139688057,0.147642323025506,0.20148555251627,0.288121558161728,0.384966999918734,0.502012299247391,0.396231689330926,0.358134747708695,0.266072912060158,0.195515681956417,0.167358841420532,0.218036518674807,0.194807302748923,0.126992254685064,0.110226219699506,0.10906602648256,0.0760931778308012,0.018531771958266,-0.00800910709211326,-0.00408203906179063,-0.0275987032579363,0.0865495190831898,0.119003756854472,0.149476153061413,0.214915853166999,0.237473767419218,0.26931090812224,0.250713894041551,0.242164333714445,0.185531827424833,0.103415028188441,0.128823401549345,0.202544940715857,0.160018583038217,0.111992047383195,0.132178718470958,0.142811468393403,0.10899923189185,0.0881008952983931,0.100635992411196,0.0970378339957246,0.122560975318991,0.13340003029733,0.137340780678827,0.115507319216221,0.104396989582839,0.101459011599193,0.0396028353689856,-0.00103155292783267,-0.0621422814311578,-0.103035643485832,-0.125111818077748,-0.141598224530034,-0.192333169797468,-0.176654558515951,-0.184254121753615,-0.153475315252548,-0.11956130299758,-0.0769026027322177,-0.072314537729084,-0.0121790405321896,-0.0110858937798697,-0.0361359332516959,-0.0182420152277347,-0.0220573388678955,-0.0176415293908344,-0.00445008160458435,0.0141959541725117,0.0253238241418423,0.0229372513213175,0.028138325025066,0.0523680238231674,0.0479196246349912,0.0216591332172688,0.0209230097986349,-0.00052325858942703,-0.0289520349803644,-0.0421518680343282,-0.0775583099638609,-0.0775745208762235,-0.0920819076800922,-0.114821729355521,-0.11427054360452,-0.101954373308729,-0.0674419738397287,-0.0231420883879319,0.0184464710948213,0.0313368212944309,0.0718273542027718,0.0626601846378177,0.0849697201451638,0.0685979686823119
"118",0.0888992642543078,0.149237585342519,0.147494946623985,0.152367111997239,0.117028125997292,0.0568356920387288,0.00343096166846398,-0.0568584199058272,-0.111770877148475,-0.151727731464123,-0.169721733569356,-0.176660529307822,-0.18260144403146,-0.191912595917076,-0.179171068266902,-0.1732654189413,-0.136080432527588,-0.140324757409902,-0.0853754266834844,-0.0704419390124429,-0.098807651543768,-0.0816943252841131,-0.0610132563780514,-0.0671870624118174,-0.0504831992843005,-0.0878074559780946,-0.119546611023988,-0.102328752534481,-0.0918417694400883,-0.111298348260562,-0.0479087492025464,-0.0644039892481998,-0.0942108165221064,-0.045661349779573,0.00634265675196072,-0.00947511654168012,-0.0487144207449319,-0.0912431820311911,-0.0734459032030972,-0.0482660646233391,-0.0395457888526414,-0.0478418462001968,-0.020040079001395,-0.0028812876957193,0.000652728195961046,0.0183610291604226,0.0374758980167058,0.0485614727468067,0.0601394984309777,0.078759314794615,0.0753030017837642,0.0802753438284666,0.100463134181196,0.10238676230022,0.0641105902152384,0.0706396045329891,0.0518752710705233,0.0101776390512734,0.0156703896964687,0.0283557386515683,-0.00600345119049069,-0.0652680695115762,-0.0219527353057367,-0.0125471508325518,-0.102622369466845,-0.127597879231751,-0.0589590484901453,-0.073098038808973,-0.173284534656449,-0.146452830021629,-0.0934951359385603,-0.145094312262394,-0.185760657418547,-0.213768335981189,-0.215696321905225,-0.20590711211568,-0.210643253430826,-0.244670448596152,-0.278218052222011,-0.274238158516286,-0.217769878741258,-0.184133582773614,-0.154506577345703,-0.234334154561698,-0.149036370281992,-0.11691313698173,-0.0855839235546793,-0.0330684398924794,0.0210596566498492,0.0846267957577982,0.137464036511973,0.180758368146507,0.232074846425936,0.339446435271132,0.362087156291978,0.477410951583496,0.374789650658517,0.26055756259448,0.241810113972484,0.242003405280588,0.171274645812251,0.12040715757643,0.0877004946704311,0.0365920894328013,0.0221541316469209,-0.00424516321381712,0.0182028180105318,0.053739031563799,0.100247198317218,0.0923870130892731,0.0652270609881837,0.0841591872927992,0.124639099208734,0.179203648306567,0.246034574191886,0.385291717777473,0.635724844352966,1,0.597279569428494,0.419263795398295,0.322793514158661,0.282294054770487,0.243039089113921,0.188008297979016,0.130831230439539,0.148122384400963,0.110899064033871,0.0602223537370239,0.0793261287742695,0.119827551097617,0.208909068453736,0.315828867359099,0.451787335076405,0.521005835379717,0.522569755459007,0.375223071000268,0.2817949266426,0.23815815120779,0.283084633648609,0.233466505475018,0.156398644454175,0.132943692528033,0.115403660387323,0.0709785987205915,0.0115279288894179,-0.0190381905803405,-0.0230910085172658,-0.0466276606551556,0.0456183160525029,0.0730137053344659,0.103588195064291,0.162213642417992,0.185907080154493,0.224658350513323,0.21251076420565,0.225727171279117,0.197998815417961,0.117009294793636,0.144131412391388,0.214760465339018,0.173442147011912,0.129243084003604,0.14252039739172,0.147412071287561,0.120845177302145,0.10181352980272,0.106502797571332,0.10128535068783,0.114890812832729,0.115266268166901,0.115020966559498,0.0958350519644749,0.0836825692556263,0.0885860358526193,0.0357642043124962,0.00919357373502645,-0.0427773803337401,-0.0725066322261141,-0.0926534187881023,-0.108502474244041,-0.157257061151958,-0.146698415077117,-0.160137764442661,-0.134822858037656,-0.108310591160838,-0.0693303888994612,-0.0629900436970429,-0.0026437829692385,-0.00649400029290441,-0.0348056604677209,-0.0201836320851313,-0.0276454903628645,-0.021069759308637,-0.0120626016402435,0.00160449703675244,0.0112597801576134,0.0137201896185495,0.0207268618884061,0.0455714380911797,0.0454852811645224,0.0257326728085845,0.0287870180985143,0.0126019974120134,-0.00684658298664299,-0.0168321204288158,-0.0434619158461842,-0.0481871443167027,-0.06215312253343,-0.0801628656313608,-0.0806662638589211,-0.0656646668669864,-0.0398721800655424,-0.00624322367618327,0.0264330616832536,0.0321910217419982,0.0629652169494388,0.0475050468513261,0.0659125899920883,0.0474406370622465
"119",0.0503398535936409,0.0888518016282637,0.0848851906617407,0.0860738798647088,0.066067662274551,0.0239749892212459,-0.0143751793490859,-0.0610238309782464,-0.104141059542211,-0.136195128930707,-0.155693415490194,-0.160971264957475,-0.164676844978526,-0.17600620168879,-0.158888933720139,-0.154424942610514,-0.118226707927748,-0.117786095682181,-0.0653568667451034,-0.0485998907979848,-0.0763039484109491,-0.0616285162328969,-0.0404840627898585,-0.0507601356064474,-0.0383235884848051,-0.0783854157359341,-0.10435123067942,-0.0933968210097084,-0.0913416589614141,-0.113471376190024,-0.0639589108637925,-0.0745668767163118,-0.0991832224997199,-0.0535027315863279,-0.00792559714462078,-0.0162806620902572,-0.0538357354548361,-0.0884808024627619,-0.0665146976769548,-0.0463896288608936,-0.0378127652872391,-0.0474861792910319,-0.0232693713498325,-0.00798976970218813,-0.010111226724563,0.00184517280019021,0.0187024119287685,0.0252534672300073,0.0294526848746751,0.0427624583785721,0.0401194309117604,0.0422214530371492,0.0529393832348026,0.0529480643788001,0.0293912617772179,0.0428845169584072,0.0438778539893076,0.0127470892078761,0.0261322486283023,0.0371670731552907,0.00488704362807939,-0.0357295989509329,0.0024423622134478,0.00153022658622064,-0.07374153831491,-0.0860724073200471,-0.0334819125658175,-0.0562394248778553,-0.136162794851981,-0.107711941284617,-0.0725220913200521,-0.121229443060154,-0.147052065117083,-0.172037785915433,-0.166214594404964,-0.159674899417968,-0.152856869689958,-0.176068574181256,-0.219995980093563,-0.216888786313093,-0.160312881034153,-0.135026582636024,-0.101408685949033,-0.178930984934103,-0.119950166759607,-0.110455658670742,-0.0799172034704968,-0.0425437321646547,-0.00780683139399345,0.0308652079750119,0.0690873711871301,0.0940844684998028,0.131990133959397,0.20433389572071,0.23437801555324,0.348030499035273,0.345518746797117,0.237272462385217,0.192831496501474,0.203482215046216,0.153614467718318,0.10241336904452,0.0731497556386976,0.0249194647067822,0.00879918327969798,-0.0191580193355421,-0.00636978938675265,0.0210842997775211,0.0492007226320887,0.0384450239496618,0.0223207635659408,0.031437111642749,0.0552925221059695,0.093454189351643,0.137148542748428,0.249443438052727,0.376720311519467,0.597279569428494,1,0.572938497275936,0.457575130635285,0.421460200391888,0.340299724553215,0.240281260592288,0.220540618786175,0.262336453826774,0.164210586124618,0.0902334291931624,0.0825626373484643,0.0747979654326143,0.143204126282654,0.233843993994208,0.37250548770348,0.39987837968822,0.506515922381959,0.304210114310395,0.205360754068608,0.166310970588454,0.208689601457246,0.150719352248105,0.090636033206437,0.0749035474512359,0.0568305276775798,0.016173538125175,-0.024538207504287,-0.0514849501744458,-0.0586772875920555,-0.0699437176828951,0.00207699675184327,0.0314541208637503,0.0563371864911595,0.0890288948611648,0.105805586724704,0.131602022787949,0.124588907468329,0.14197531652525,0.12854501217112,0.0656262329872713,0.0908894798668422,0.142694259755854,0.109806224947766,0.0773871518585096,0.089673683651412,0.0912717048756369,0.0722619871331513,0.0594850497447504,0.0639045110500946,0.0580568536558808,0.0698291975116757,0.0647054584071471,0.069712240333645,0.0593154663302535,0.0483849752566663,0.0562628590542385,0.0158566313823231,-0.00117489873170396,-0.0396203903724625,-0.0639283487657258,-0.0761628019051918,-0.0921797848771546,-0.137940684095718,-0.132474840747685,-0.150594367208259,-0.131763186588035,-0.113061837527309,-0.0825579487973532,-0.0768540037616283,-0.0216465347185748,-0.0207950922697722,-0.0392796472987735,-0.024269481204902,-0.0296283480023345,-0.0206427648274509,-0.0134501604808536,-0.00530638375870469,0.0024341659403456,0.00921973477071633,0.0172117443211791,0.0414761948773512,0.0423453377202604,0.027524714912593,0.0305987697685957,0.0187495219034377,0.00395460653129475,-0.00628686293836989,-0.0290786742643999,-0.0383805835333396,-0.0521492734515294,-0.0653393869944157,-0.065637756114071,-0.0488878725885137,-0.0299612357931733,-0.00177683256588489,0.0208428464540918,0.0256093032614351,0.0476053868711055,0.0319301823563082,0.0469033992654974,0.0295445836244219
"120",0.0249090479222296,0.0473815111820809,0.0418279773107153,0.0388595634530192,0.0319618338143574,0.00158637594766124,-0.0227396363591306,-0.0625164728072791,-0.0928287395326318,-0.119864855944542,-0.145490491706095,-0.14678030187708,-0.146882227700902,-0.158917501154044,-0.133103790256505,-0.133154975042062,-0.0932717494991282,-0.0897916263086599,-0.0371070392410255,-0.0231175181049957,-0.0545224115947282,-0.0459538946815925,-0.0256549556007964,-0.0416233886620216,-0.0338911551415749,-0.0765198892653025,-0.0936721337176132,-0.0860731498375741,-0.0959116814587306,-0.119291705851909,-0.0827820253466561,-0.0924622131963777,-0.114465737371918,-0.0720399556721702,-0.0380206362319515,-0.0367896620216377,-0.0634437048359663,-0.0886747062536384,-0.0589115249434144,-0.0437138908726359,-0.0322945256973633,-0.0358510767486236,-0.011127000044491,0.00355546221733242,-0.00728463388954941,3.62500983820686e-05,0.0177801317574065,0.0183612823834209,0.0130168051029269,0.023947844713213,0.0224971893181505,0.0198057756144959,0.0227390621247606,0.0231037720925622,0.00840628098467264,0.0256852591087125,0.0344200506066441,0.0116612628423864,0.026266048316341,0.0332539114006372,0.00488705954762514,-0.0245766284629587,0.00622580616412328,0.00116929463322513,-0.0596997376905792,-0.0673833377844615,-0.0264069276034489,-0.0488386346374774,-0.113114085950103,-0.0888946457792084,-0.0632842780376129,-0.104977205822039,-0.123635329991634,-0.143104247421998,-0.134683377365779,-0.129280851988173,-0.118087080258092,-0.132959831100676,-0.177372916376103,-0.17311187742867,-0.120243938584273,-0.099179283442832,-0.0671885301746779,-0.138560088859342,-0.0953284991789202,-0.0926284162883644,-0.0657441948672328,-0.0412136346157654,-0.0212631608531257,0.00145159285215025,0.0280371406664412,0.0394152906949619,0.0661677468336735,0.117080697275665,0.139272581298971,0.220955753452668,0.224297262768673,0.147760750310999,0.111551380376986,0.123788400002819,0.088272227649473,0.0482091928077804,0.030821995752484,-0.00823961650659183,-0.0175508776419698,-0.0433431875133534,-0.0417362852305985,-0.0185466913895595,0.0037056786336949,-0.00548473476540664,-0.00773875061686879,0.00233879065871169,0.0136505265947688,0.0370219249079292,0.0637690392519813,0.148285092386236,0.249812919585268,0.419263795398295,0.572938497275936,1,0.629711565145036,0.450725301303382,0.375284591215911,0.260146972088265,0.245568054473833,0.314299308237816,0.192901667670472,0.106409337045562,0.0861274417259104,0.0342441262822325,0.0926093767977898,0.16665668226275,0.295815960266217,0.359774272453977,0.497235942349998,0.273789096894721,0.191791295174118,0.152939769549195,0.185246724442414,0.132231305351585,0.0838565900679475,0.0645725519727145,0.0448128912126055,0.0114490695464274,-0.0228064105562701,-0.0506400869984963,-0.0581990845032044,-0.0693071427574577,-0.0182151397767924,0.00642591888020512,0.0256327596974041,0.0424019668772092,0.0516677072327533,0.0671248495196538,0.0617216721530924,0.071467456931595,0.0591961923166693,0.0091087950470179,0.0303002856683517,0.0711337432545611,0.0486993828244385,0.0234539649894373,0.0354927433367357,0.0401091907186792,0.0268116534561935,0.0173512531130359,0.023888123970685,0.0204155732517125,0.032253737924646,0.0255032918317212,0.0369731713990165,0.033639893344836,0.0226174328954361,0.0374993936809915,0.00528976210054827,-0.000497099394733438,-0.0282164893130178,-0.0457532655979873,-0.0517598118637067,-0.069314720775832,-0.115658158773287,-0.11810170020005,-0.143252682134128,-0.13675390580338,-0.128486854037181,-0.105527360013273,-0.0987341992763035,-0.0468420109136024,-0.0425300278574272,-0.053246942277355,-0.0355190257809466,-0.0409767144595752,-0.0285225054256007,-0.0232396050628869,-0.0196896627774953,-0.0111882945427799,0.00231899082627733,0.0147814763385353,0.0401031825243664,0.0449973964849379,0.0347129983918455,0.0406573211783487,0.0319950056421864,0.0249529924833821,0.0163908794677874,-7.60444498208508e-05,-0.0138457744328909,-0.0304711210284165,-0.0383933256549412,-0.0390352195158516,-0.0192113463596739,-0.00828795071249713,0.0130415171830489,0.0270113198874295,0.0268937423655557,0.0405028775960018,0.0191137957112858,0.0302435152510799,0.0104698452174614
"121",0.0138448203215172,0.0289237149362653,0.023712096621838,0.0200015980979921,0.0137277440435958,-0.00993283895289499,-0.0343667735286403,-0.0660209128724895,-0.0950441287064599,-0.114668499210556,-0.135326296450143,-0.137640097682522,-0.13065169187808,-0.138509255806085,-0.119293081883028,-0.114470784039341,-0.0849471300116999,-0.0796150548371608,-0.0386917283102124,-0.0215416200120218,-0.0445286834285179,-0.0333428575230587,-0.0160520370540114,-0.0284739367216362,-0.0219430049780855,-0.0616728497961029,-0.0805628202206804,-0.0785594954153442,-0.0882386074775069,-0.116094757861994,-0.0865886827043197,-0.0954457855968113,-0.115626124400941,-0.0750885400668097,-0.0445005429204715,-0.0438977052584232,-0.0713414282581488,-0.0941105353097495,-0.0674018859434107,-0.0576182075732008,-0.044201223015105,-0.0505416176783747,-0.0304473027977395,-0.0145717047565244,-0.0224380827768514,-0.019004162790088,-0.00218796904485745,0.00223829365240915,-0.00283951733038263,0.00502343183319624,0.00592614288616485,0.0055075328040688,0.00556197728429421,0.00463824204134579,-0.00389301422856292,0.0127744681407052,0.0282251324302008,0.00802768951047404,0.0268485025512127,0.0368627557955392,0.0096947192380142,-0.0114289500233763,0.0205671444020587,0.0131807730243661,-0.0426046843151299,-0.0426138729120315,-0.00633602481157381,-0.0321595830652299,-0.0876571001971388,-0.0602644646786236,-0.0416878430619452,-0.0826411859002393,-0.094571732343704,-0.116238339483568,-0.107104194579075,-0.105327415929224,-0.0924271535745628,-0.106930294382627,-0.151496171000236,-0.150841571974173,-0.102824158963374,-0.0875149923909497,-0.0556308656258253,-0.119941280532001,-0.0866536516971118,-0.096133214820383,-0.0711769562702762,-0.0496965960849227,-0.0340044025960844,-0.0183626521117615,0.00366841788425714,0.0111982626685948,0.0318337835756145,0.071116016464603,0.101570682413948,0.176032015943751,0.198876852320645,0.132459301459143,0.0993674952539757,0.111163794209906,0.0841044813348418,0.0473872689913293,0.0299040751130223,-0.00125697739789559,-0.0122460327035798,-0.032557134232354,-0.0317156915596745,-0.0159146343767649,0.000864350369225838,-0.0114536755557099,-0.0157282329523827,-0.0139815779136166,-0.008392607231802,0.0122976658182527,0.0338155564604115,0.101658175003394,0.195460064416694,0.322793514158661,0.457575130635285,0.629711565145036,1,0.613933194756701,0.467405263560565,0.328135357312786,0.322229903735054,0.385930041371435,0.244004480801141,0.139239154500589,0.108810666433963,0.0455803507836787,0.085238201020384,0.134496083937849,0.24635564584755,0.231510099513644,0.328059638581567,0.176450905529308,0.107906205301995,0.0814466416594242,0.111189300742437,0.0655734666529897,0.0283989334011708,0.0171960045348578,0.00323549877149618,-0.0258221304726469,-0.0481280343875574,-0.070095214886654,-0.0784122000883622,-0.0809959317012214,-0.0334425901792595,-0.00656091644080235,0.0113229406941891,0.0185252280232469,0.0260617560943998,0.03656628829709,0.0339012871538518,0.0468885268514726,0.0398106827958855,-0.00152586735115481,0.0167372727827934,0.0495850997651658,0.0314696168560697,0.0109388641413669,0.0207057757258713,0.0227439070716686,0.0132359867541654,0.0066706377047267,0.0126155186692095,0.00954407979968837,0.02056162948739,0.0143846096122777,0.0282474773202092,0.0264683080603033,0.0160613426548057,0.0252867838193274,-0.00159804606484139,-0.0109082430003097,-0.0331379839519379,-0.0542493449748496,-0.0560344533864248,-0.0735739299238611,-0.115473805883996,-0.118539641074618,-0.140477545213091,-0.132053160426237,-0.122913929883156,-0.101742764477547,-0.0939728246219937,-0.0457911075520763,-0.0378965317289384,-0.0421198672315219,-0.0256923106113377,-0.0272214741237737,-0.0150763814530155,-0.00953470616951453,-0.00705342418924696,-0.000106443733760173,0.0112200752792625,0.0200493229992509,0.0418262531595356,0.0428829610805119,0.0319819389732,0.0340241990186789,0.0252789779358737,0.0161326830103821,0.00462210167487185,-0.0147929059639926,-0.0294960309031357,-0.0445663542232899,-0.0505686961560535,-0.0494573797368056,-0.0302191857377009,-0.0184597617795829,0.00479470410018172,0.0174996733829068,0.0225669883110958,0.0362469645654584,0.0218092427183755,0.0334785425805048,0.0174070069343219
"122",0.0191005420476267,0.0336029637111387,0.0247949457909788,0.0160440294219189,0.00511244724528505,-0.0205737186296857,-0.0514736882959707,-0.0840258542199044,-0.116109401401894,-0.130714089342324,-0.148887681903899,-0.149008276025244,-0.123554002959744,-0.122169646467534,-0.0985290968396128,-0.0900193061147838,-0.0638170592618431,-0.0553853402233095,-0.0235835170642283,-0.00538668648298237,-0.0270216477444482,-0.0176689907523367,-0.0080629399230826,-0.0254301150842461,-0.0221922406685315,-0.0623469879573179,-0.0840148303157194,-0.0896012263598888,-0.0994665407215945,-0.135305154265849,-0.107437696381028,-0.118268361573745,-0.139367677109222,-0.0928892806639916,-0.063419596277117,-0.0647824752200764,-0.0966971138696542,-0.119080861545811,-0.0912012657352224,-0.0841251617686605,-0.0649031181068095,-0.0728573606045679,-0.0527362676399754,-0.0325665641820227,-0.0378676659302713,-0.0350795061487203,-0.014430811876324,-0.00423623302547373,-0.00802285549528281,0.00299572569415493,0.00785516805491747,0.00954607447070652,0.0104332311056616,0.0133058266927832,0.0045321944149051,0.0186999976505219,0.0322523230920957,0.00525481949421535,0.0256442757253948,0.0402805714354902,0.00828784334138453,-0.0187662411830665,0.0220524535677919,0.017627570576877,-0.0496482361029359,-0.0493456794110137,-0.00217904987957901,-0.0293117723111533,-0.0964086088193014,-0.0629356291443928,-0.0370820042460057,-0.0846867401218799,-0.101318570511751,-0.130647560284047,-0.125098841073044,-0.125196147106276,-0.119849714610122,-0.144699217884049,-0.186549469794533,-0.189180696235263,-0.14125376263456,-0.123131901828063,-0.0899206087394801,-0.154556710732011,-0.105846323179582,-0.112265026161045,-0.0862742688756872,-0.0566501607242655,-0.0318312349251509,-0.0101525495884992,0.0132488440336591,0.0228074751403638,0.0354443366050772,0.071604062340148,0.0840369583554319,0.145589751732449,0.175934580400856,0.109106350284506,0.0739354653770246,0.0935094283804184,0.0694510771224027,0.0263293568931531,0.0132414822858358,-0.00586602209290515,-0.00336073758989631,-0.0197871998178228,-0.0198728014586422,0.00318092768164747,0.0255299882995037,0.00732199258600245,-0.0016852819193225,-0.00276899850787207,0.00585765117356887,0.0317137952680051,0.0582736077750585,0.12542336433751,0.20129109336923,0.282294054770487,0.421460200391888,0.450725301303382,0.613933194756701,1,0.700063622038004,0.482894845241388,0.466612814712614,0.535300121553861,0.348196132453088,0.197367775108186,0.169502934731418,0.102804708882344,0.138469156882867,0.198611137102364,0.305064945990566,0.233838382939558,0.269251779045344,0.15103175433206,0.0808633485590553,0.0638275149224469,0.100012684649262,0.0572314506379633,0.0208878319118635,0.0145593306624063,0.00276377384985391,-0.0251121555588753,-0.0468171299135415,-0.0687773404734624,-0.0772816055076271,-0.0834080510830733,-0.0294034356016889,0.00140801303817997,0.019088787838845,0.0262173694156019,0.0267497537533231,0.0303965731520855,0.0209209850181817,0.0267709821388948,0.0163494881542879,-0.0208535334515485,-0.00010581539386482,0.0321183542803576,0.0154707299385949,-0.00280085687651746,0.0103781644945844,0.0156450661348168,0.00608321253074374,0.000331637911850177,0.00974724516106971,0.00817529696016405,0.0208002600988715,0.0164017806637244,0.0331588299302778,0.0293463349498672,0.0159228559066665,0.0196787934740401,-0.00895358970173586,-0.0246120965808429,-0.047418394314169,-0.074658875320372,-0.0734340211896407,-0.0917727418268512,-0.135907876305703,-0.139620568549364,-0.160353848606022,-0.151685163723089,-0.139735830654396,-0.11691209753693,-0.107353459450988,-0.0562888111367161,-0.0423085053848345,-0.0421133878306332,-0.0236881402844574,-0.021692373558014,-0.00881492952186197,-0.00117159827713687,0.00171739277487329,0.00844049186419154,0.0185157482681385,0.0252270721532096,0.0460398258794373,0.0435188581261774,0.029943735139106,0.0287149599337726,0.0188451355138519,0.0053356706392834,-0.00948936048069416,-0.0345085314003538,-0.0497492157910958,-0.0657938242235316,-0.0716544991596545,-0.0690472244711239,-0.0496255369343562,-0.0348624377403855,-0.00594358979497858,0.008290154060079,0.0188353004194542,0.03595966456273,0.0266693505994922,0.0414293374698223,0.0274211694967199
"123",0.025453535196015,0.0389400435610617,0.0240428604051009,0.00839083799284187,-0.00355517312985702,-0.0327919387903778,-0.066361742766592,-0.104768523163681,-0.137876642656956,-0.151489417791086,-0.172132727519166,-0.166877996220605,-0.121608318065768,-0.11137393230832,-0.0740226586197091,-0.0660416070697615,-0.0348493048289143,-0.0230756898994626,0.0062960954332286,0.0221479411315051,-0.00569139938125329,-0.00321394767491127,-0.00225175445614815,-0.0314983497856303,-0.0330918467991577,-0.0771653349599154,-0.0982886751258143,-0.10964484944634,-0.123041381350557,-0.164479726118879,-0.135903913908818,-0.148945212588456,-0.17237086367414,-0.119530511139506,-0.0918103463265758,-0.0904366300496367,-0.122329953139006,-0.144208079477892,-0.109964077217013,-0.102167717441366,-0.0766753941276478,-0.0827112707326334,-0.0582066657776316,-0.0351535409264069,-0.0428384970583238,-0.0375575491639352,-0.012193192270282,-0.00179644510512348,-0.00635127006706047,0.0112023663318644,0.0169311404284724,0.0169605611830991,0.0206096588946304,0.0298014200836189,0.0165663084825492,0.0304907884638496,0.0396690516410602,0.00684819118599286,0.0258971042199948,0.0429293662791685,0.00790805988452446,-0.0276051872322617,0.0194748300851974,0.0196574632036014,-0.0575233189163863,-0.0609836511969405,-0.00263774462857495,-0.0279500910058295,-0.107901147462431,-0.0721810707572142,-0.0373767828548447,-0.090162763479818,-0.114268001599011,-0.14902005636362,-0.14784259368809,-0.149414358600547,-0.152934900786479,-0.186918375403709,-0.226583237850655,-0.230302502998943,-0.180584873255998,-0.156718477396006,-0.12148304710877,-0.188051937845249,-0.120152412030067,-0.117331134924008,-0.0918013797049464,-0.0548994587041532,-0.0198899372563585,0.00968935522811432,0.0346547119449829,0.044990837050691,0.0487159777837336,0.080074993443216,0.0617129553197257,0.100115846219998,0.12855603160839,0.0585677289809582,0.0239580451823886,0.0608447292016708,0.037768644167136,-0.0146194253539757,-0.0160418083420396,-0.0203695469478688,0.00761010998409935,-0.0134073361814492,-0.0213112805298016,0.0191973308848793,0.0468506193475958,0.0231838654859099,0.0143199765191896,0.0177100805869808,0.0322444552439544,0.0644617592648114,0.0958922301525694,0.169346064031289,0.215156229104814,0.243039089113921,0.340299724553215,0.375284591215911,0.467405263560565,0.700063622038004,1,0.703755393455708,0.619105354213641,0.616132375243313,0.426654432000836,0.256913058307201,0.218842228796879,0.154195255783284,0.200961305688699,0.303245976374533,0.412432038471829,0.306374266465174,0.293888583901536,0.170291806114226,0.0952273846815597,0.088787424315903,0.134536886350267,0.0900348525877758,0.0517933163144435,0.0474608384707334,0.0343384053051585,0.00548648109205692,-0.0207484382489538,-0.0459549632477429,-0.0554321036277288,-0.0716506685183606,-0.014352546854148,0.0160177620586345,0.0312234349977785,0.0398733000348302,0.0303615468449298,0.0255208841834764,0.00541354406071507,-0.00295581820693592,-0.0221600492441214,-0.0548165505144244,-0.0303817861496783,0.00314502890124296,-0.0127862216857279,-0.0297510660407431,-0.0100790201250466,0.00153289846369332,-0.0108759445403031,-0.016208488981541,-0.000369493018053951,-0.00101123936630101,0.0159340810608591,0.0114254971415906,0.031943153958977,0.0268787063950535,0.00959454547357933,0.0138111873858224,-0.0187543991913085,-0.0349565423486413,-0.0599490561665165,-0.0884416601002559,-0.0857362557829772,-0.104415737935616,-0.155044060793213,-0.160451247238161,-0.184692356074865,-0.181658188544842,-0.170764285941202,-0.146733977505951,-0.136007064922807,-0.0797669743107505,-0.0603537051483522,-0.0582156341487998,-0.0351623535067359,-0.0323150707667108,-0.0182092537800854,-0.00837215320007485,-0.00514687341368698,0.00211150960386682,0.0139872046415363,0.0225659447537163,0.0459673799308778,0.0437322413278336,0.0287584457724144,0.0283085112995538,0.0188240463248682,0.00365163594028546,-0.0111591079769361,-0.0380145796373056,-0.053284252492134,-0.0722182376316055,-0.0785106357072664,-0.0764165293454507,-0.0566691216570618,-0.0416830879904267,-0.0101691135146371,0.00373674868275363,0.0145252741012158,0.0331708457055263,0.0225024163160743,0.0394484466083279,0.0249782718117424
"124",0.034968278409946,0.0486985344026873,0.0302715355172087,0.0102886597832591,-0.00599012939750133,-0.0386137875109782,-0.0769867452810267,-0.117421959157018,-0.152084356029174,-0.161529069357337,-0.179038556812653,-0.170673882990686,-0.107088340841481,-0.0861612910443865,-0.0453550337593909,-0.0341857930711351,-0.00775124874160358,0.0061063363820623,0.0239031726384213,0.0386489812926527,0.0130230264411905,0.0121822985978736,0.00326587735599577,-0.0308211735819396,-0.03599449226452,-0.078168968284711,-0.100493194917553,-0.118209082938472,-0.131338155145824,-0.176877205988473,-0.149796958136072,-0.164128553826786,-0.187978681143416,-0.134043474552065,-0.109078327230501,-0.107406729104619,-0.139984120599842,-0.16091425535336,-0.127171653924576,-0.120988736741454,-0.090125716051715,-0.0965145513416659,-0.0713454195197909,-0.0453355109972246,-0.0509617276635318,-0.0448612775162928,-0.0160015608366098,-0.00185273756895366,-0.004566896816277,0.0177426612195804,0.0256805739339079,0.0261451886894641,0.0329535961289381,0.0469761714520595,0.0298382281487615,0.0393918326113524,0.0419368628820702,0.00274195443114334,0.0203095458686862,0.0417610078179923,0.00461794884919393,-0.0374471737998943,0.0166441979016529,0.0225908575355654,-0.0627519508517029,-0.0675564984290602,0.000934478106125561,-0.0218767012696995,-0.111087533761061,-0.0721289993699471,-0.0294528986777834,-0.0856543260988878,-0.115416050317994,-0.156530052364473,-0.161122194021458,-0.164944522065988,-0.178641197307465,-0.222999275860296,-0.254849262679318,-0.2618666073942,-0.216511404890326,-0.190209160853486,-0.156847941378172,-0.218261102943787,-0.134722657365515,-0.125444190507916,-0.101980370259301,-0.0572087025535725,-0.0118301313346806,0.0280728701651478,0.0561228967719695,0.0694184593279574,0.0681350035254178,0.0906073109984424,0.048458960310339,0.0574750574637604,0.083404835578988,0.0125286245118008,-0.00860191558359914,0.0428038729241799,0.0172894802359786,-0.0380828763794066,-0.0232988103647317,-0.00656390448247073,0.0423210894556706,0.0234007714482905,0.0147266789398874,0.0658752936204182,0.0945924221735962,0.0606599493382831,0.0381771854227697,0.0404282911818771,0.0604065560634675,0.0987481956036984,0.139465601628224,0.201129783845615,0.21238941815134,0.188008297979016,0.240281260592288,0.260146972088265,0.328135357312786,0.482894845241388,0.703755393455708,1,0.771304948205471,0.599506371638459,0.567049051972713,0.380495506455399,0.308671233959627,0.249125844972503,0.270616270789425,0.368151306197959,0.429478509771984,0.293362168478893,0.241858194498457,0.140302875891988,0.0713402907256393,0.0775127747897261,0.125407107108372,0.0875715058254402,0.0537563241186627,0.05378751121949,0.0429574746506613,0.0183106271599252,-0.00729048296574553,-0.032503011825338,-0.0412891003146897,-0.062826624014046,0.000656784376685092,0.0307783741221718,0.0453977253238279,0.0567477796477373,0.0406136668236469,0.0286142390074277,0.000908706923341106,-0.0209002433757731,-0.0479911208597622,-0.0736470089994086,-0.0482734437975314,-0.0159346604321393,-0.0298779626653609,-0.0437284079936033,-0.0204442507727585,-0.00435070926679243,-0.0172081047321002,-0.0217973962621509,-0.0020730089254571,-0.000822260089066687,0.0179210914036225,0.0158461051276341,0.0374889112964869,0.0301868540064302,0.0110718724902389,0.0108752325584795,-0.0237127072126155,-0.0447117072135104,-0.0709484455341992,-0.103018106413528,-0.0987286878193831,-0.116926291546971,-0.167884378799575,-0.173169751383908,-0.195109401702652,-0.19325227709384,-0.180668817688594,-0.156582478684466,-0.145373137766734,-0.0897128874460579,-0.0649803295914378,-0.0598236327172879,-0.0347949353393034,-0.0291567331454423,-0.0156436500187725,-0.00379850087645174,0.000426523007429599,0.00733366712166881,0.0171151545873346,0.0240811281819016,0.0459547452960274,0.0412294786130033,0.0244749007475455,0.0220686796597496,0.0120725591379376,-0.00636895250437855,-0.022342662959054,-0.0525480285591745,-0.0666133677451915,-0.0862230615219578,-0.0927067735815305,-0.0897457003267384,-0.0714039189659709,-0.0542453814482392,-0.0191870005372304,-0.00393822717083612,0.0100748664554209,0.031410880755169,0.0249991812027925,0.0439529582628321,0.0321088756340097
"125",0.0173559449502659,0.0236003175603889,0.0063456234263359,-0.012909928370749,-0.0238273577759175,-0.046939267131954,-0.0797286849658998,-0.111546084650209,-0.141192692001325,-0.146040844424451,-0.161284685819191,-0.153742965133511,-0.0925029482050774,-0.0728104574333703,-0.0356453732684451,-0.0240730805022007,-0.00242508059923194,0.0122791712729453,0.0254751100750569,0.0410689815084492,0.0196833509310752,0.0194881484131778,0.0109551929695428,-0.0208745153687993,-0.0268566614761029,-0.0662792401211139,-0.0864670541393707,-0.106036975256866,-0.119789599085963,-0.164402499710235,-0.14381567210324,-0.156116237027345,-0.176813764505193,-0.127215814520552,-0.105976880376644,-0.103530150672039,-0.134456378189498,-0.151437590132684,-0.120149993392675,-0.116960545553016,-0.0881996377664021,-0.0954644257490473,-0.0743360963661231,-0.0497312103600836,-0.0552478605535892,-0.0524648208581592,-0.0265680739862513,-0.0130060768386494,-0.0171938338427384,0.000665727753533935,0.00838706290464792,0.00875045976721783,0.0118006053571268,0.023148174163966,0.0132995199301089,0.024088540473556,0.0347122431180251,0.00200175194613651,0.0220009344620891,0.0418023533364026,0.00768583419307164,-0.0240711989034465,0.0249528079769012,0.0262858473305207,-0.0481226964690212,-0.0470763282917438,0.0108153680692601,-0.0142045160505991,-0.0896436537676829,-0.0518394865406334,-0.0188213926252715,-0.0703741249139568,-0.0921263782067693,-0.129885175650179,-0.131254274910848,-0.136011736369858,-0.144665493475581,-0.182867874511828,-0.216410208900394,-0.223993077599323,-0.182066445152318,-0.16110869425949,-0.128312287945484,-0.184144770208078,-0.115965210153369,-0.116927687021203,-0.0948204941894667,-0.0577024257091443,-0.0224589510180139,0.00454830078334489,0.0240212013852664,0.0310060675729221,0.0239473008212496,0.0404844623254917,0.0114586108770381,0.0258291023410274,0.0626430871263368,0.00235925622489418,-0.0200458596817263,0.0280186730679899,0.0128060685391211,-0.0387554261307016,-0.026771079317711,-0.00480450946422186,0.0405445970183117,0.0241076846297417,0.0112758774282607,0.0536599079530944,0.0724370973875734,0.040891514851511,0.0221464107851665,0.0165409637080787,0.0272928227051969,0.0587078834712779,0.084868594350208,0.135007166696677,0.156620125064319,0.130831230439539,0.220540618786175,0.245568054473833,0.322229903735054,0.466612814712614,0.619105354213641,0.771304948205471,1,0.775764197942574,0.566242656001942,0.379561483595409,0.286683032923122,0.199953458436336,0.218244525330939,0.290704358092147,0.351460009107612,0.221723677056163,0.172353169424548,0.0936191483059826,0.0307533318468015,0.0337901185962151,0.0794096326987746,0.0454640593225135,0.017300989819173,0.0200824343871834,0.012282712401456,-0.00970984514825426,-0.0270055019730609,-0.0469317030691412,-0.0560854221830132,-0.0700426840978275,-0.0178914621119289,0.0114952401974645,0.0232219753590689,0.0252138939337144,0.00805158919739267,-0.00525483220328644,-0.0274699087941368,-0.0425455172828079,-0.0614191898463006,-0.0801778876454811,-0.0572762594400016,-0.0329231387148757,-0.0438631150929104,-0.0534556857755831,-0.0331401814286807,-0.020694992654821,-0.0304148068417769,-0.0324595232785249,-0.0151587289794412,-0.014698307825934,0.00142758937491605,-0.00119959265541869,0.0207502175427519,0.0169624415072132,-0.000926119707331636,-0.00186010052233908,-0.0293369382413464,-0.0475868564870281,-0.0673812439154523,-0.0972025606364639,-0.0901535219760668,-0.107197205522622,-0.152969954033957,-0.159211239788223,-0.179823441712177,-0.178525870401879,-0.167980631760525,-0.147505908259405,-0.1367002062891,-0.0861627276912986,-0.0615498847224781,-0.0529557989314667,-0.0303347417723118,-0.0235764994304999,-0.0104853215820843,0.000116848864953895,0.00228444755153958,0.00768463496724212,0.0173473162102066,0.0230184505733147,0.0421438815536596,0.0368679320118172,0.0221219458493084,0.0188437815119493,0.010489988110366,-0.00649566977900418,-0.0223826903841217,-0.050824604041922,-0.0654465907742353,-0.0832532428609187,-0.0875431828247876,-0.0841160546500941,-0.0666772404850429,-0.0518692636491321,-0.0197751024565975,-0.00813835665576878,0.00606119339968101,0.0239057389626116,0.0199797920201247,0.0371498025040767,0.027325102277982
"126",0.011849606279161,0.0180827831905615,0.00234780648007266,-0.0153532031251854,-0.0269812957317099,-0.04810670708368,-0.0841619964354661,-0.114407727215289,-0.146710218778957,-0.152099867969707,-0.164922254478559,-0.159630458654192,-0.106021652032147,-0.0891524719547322,-0.0624431917809413,-0.0471385631518972,-0.0298905743249818,-0.0171920041883454,-0.00303416070572644,0.0165166286346934,-0.000124631736270352,0.00637848632718053,0.00222377843088458,-0.0222655344596885,-0.0253990959743072,-0.0657850752634095,-0.0901245889251462,-0.108430646143553,-0.120022230854469,-0.165328734419631,-0.142697867432015,-0.152110271968415,-0.171660767103868,-0.119880228116003,-0.0957897004797388,-0.095701915502511,-0.131156653502158,-0.151330673624053,-0.121885422248446,-0.119088964156433,-0.0910992063296124,-0.101701875361081,-0.0817367019649267,-0.0573873356228878,-0.061732656405916,-0.0597923747470614,-0.0338882780150291,-0.019253913017456,-0.0230105359933833,-0.00636679999400503,0.00253340417138856,0.00300698251753767,0.00471272102257791,0.0152782826624975,0.00773163717495061,0.0192092868308021,0.0336148988173114,0.00483436620933693,0.0263791855250113,0.0450319994723417,0.0124377016336833,-0.014323024917689,0.031546095507107,0.0291507741716651,-0.0407585173715491,-0.0372146431639241,0.0141887993312592,-0.0138390986504209,-0.0829915723886136,-0.0452431464840738,-0.018129432628235,-0.0685123974886839,-0.0854400179380889,-0.120905424374302,-0.11867851347614,-0.12269154176952,-0.126206709570867,-0.160454673187534,-0.198754700526807,-0.206355108604986,-0.163272304311635,-0.144999492361531,-0.110217428855414,-0.166541723814838,-0.107256109486107,-0.11499014792396,-0.0917914795712145,-0.0568828500981647,-0.0257868427728862,-0.00399476384887748,0.0116518337599192,0.0176082057006819,0.0115744900255478,0.0289446668532862,0.0219508178905064,0.0518052420421735,0.0909969320048841,0.037154045167693,0.0169005526739343,0.0529582934525866,0.0387443899194649,-0.00302815056865432,0.000592254525085583,0.014646940376838,0.0420739765570833,0.0317152465898684,0.0268101212407832,0.0569208558435908,0.0762744767457999,0.0419829200941026,0.0201649695643195,0.00863362356523765,0.0140668912487841,0.0432383259220061,0.0652904589027515,0.102452753411677,0.147170623979577,0.148122384400963,0.262336453826774,0.314299308237816,0.385930041371435,0.535300121553861,0.616132375243313,0.599506371638459,0.775764197942574,1,0.722163255592137,0.437734126368096,0.35678876850446,0.229941897253789,0.202279424177499,0.218003455724886,0.278014743309405,0.17714757751668,0.160846072361411,0.0883831447455029,0.0257216859231875,0.0166069900020091,0.0582610480140286,0.0240925482452219,-0.00581933087264269,-0.00447155430914742,-0.00980945126229121,-0.033084101766307,-0.0485930299964988,-0.0655648549902241,-0.0725997260652474,-0.0781987719737747,-0.0257127271742752,0.0044645947737142,0.0156629215305102,0.0150367180634401,0.000890262807018414,-0.00953234270244418,-0.0242198609766773,-0.0297824920799165,-0.0428277340174417,-0.0668112435491693,-0.0446589467646568,-0.0198540206305241,-0.0326483521261655,-0.0432978785021848,-0.0253145052829996,-0.0161192900012822,-0.0254186746086722,-0.027269913049474,-0.0122468141554461,-0.0127946155034356,0.00212539344494743,-0.00160607484016719,0.0199434796323629,0.0155940498011367,-0.00259126430878395,-0.00512501789044607,-0.0320523813913452,-0.0524422347537227,-0.0724595974277311,-0.104517819596707,-0.0971572887612331,-0.114754500425242,-0.160227310018908,-0.164327175145146,-0.183029736320108,-0.176884843821372,-0.163193397434275,-0.142743422633957,-0.133695583090787,-0.0830205812051792,-0.0583085753914246,-0.0502579595081907,-0.028130208791702,-0.0206858286364685,-0.00776940357165111,0.00316703978816484,0.00513563139439322,0.00929520529552772,0.0182418777639059,0.0220861077661268,0.0417037734479155,0.0354334098599679,0.0202446468894448,0.0160032857609483,0.00760091522373441,-0.0113214525328717,-0.0286901441408795,-0.0596031826207392,-0.0749681179245264,-0.0917089771260731,-0.0966554127807313,-0.0931140388921597,-0.0752387276798098,-0.0588926503614429,-0.0245776749096759,-0.0124907814601965,0.00356461700397491,0.0217814637506706,0.0191105138120866,0.0375284883837433,0.0287434291828726
"127",0.0227547466134297,0.0304037139179074,0.0145847934514066,-0.00414753955533808,-0.0202139641775683,-0.0445820390240073,-0.0843287925966293,-0.115738637379935,-0.148811006900093,-0.152605906828514,-0.161011624584013,-0.154698048990413,-0.0963110472245133,-0.0738034936865443,-0.0527118651561321,-0.0339638216351453,-0.0239160955672614,-0.0123722537859173,-0.0073186106452671,0.0116448894461246,0.000378949235874299,0.00758803830512924,-0.00183256797342498,-0.0240257935864915,-0.0276883922477872,-0.0642973381922128,-0.0899987304087117,-0.109756863575094,-0.119038570589511,-0.162651744579509,-0.139986070107278,-0.147166609418405,-0.164934955503548,-0.115261455442373,-0.0926029733463743,-0.0930126116932827,-0.128992472182651,-0.149778399628538,-0.124078009180021,-0.121557985485603,-0.0923962048054786,-0.103841008721603,-0.084564592044989,-0.0600347668819309,-0.0618458989470699,-0.0585533474658728,-0.0313032339783047,-0.0146989106973058,-0.0160435267627069,0.00419666341314534,0.0144538655414528,0.0145610729154184,0.0192827419851306,0.0335441601518171,0.0216427624510246,0.0275466680860648,0.0339813159766512,0.00223434481087095,0.0207447455713097,0.0422631746573681,0.0111385561078885,-0.0191275963207829,0.0290570218814615,0.0318482626002277,-0.039460922204578,-0.0375783864631566,0.017986180690961,-0.00600938917228709,-0.0774701143256504,-0.0400022704584701,-0.00893692813294132,-0.0584911512930878,-0.078595775030916,-0.116685300380116,-0.119317414123694,-0.125151315160703,-0.136220794600586,-0.176477898525993,-0.206584455144188,-0.216609740221918,-0.179917727245586,-0.161326520827155,-0.129937868696162,-0.177983127996825,-0.110699421537834,-0.113099562412173,-0.0938978849577646,-0.0543850296990327,-0.0155215853900313,0.0154792406775515,0.0342888341860794,0.043579210286052,0.0378604586797518,0.0473900788278347,0.0287695878709972,0.0370535572307322,0.0703798067130636,0.0241080575373051,0.0216202550349691,0.0601179973938437,0.0417134331481546,0.00729939370215502,0.0212827327203464,0.0448137291035233,0.0768388623379696,0.069766229356152,0.072437474497114,0.105739686967634,0.125672340426981,0.0807960106297377,0.0414578922751108,0.0311500044519059,0.0417102643564654,0.073552260623895,0.106213420981684,0.124304984749319,0.140887835139131,0.110899064033871,0.164210586124618,0.192901667670472,0.244004480801141,0.348196132453088,0.426654432000836,0.567049051972713,0.566242656001942,0.722163255592137,1,0.619580069167101,0.49321475024455,0.325062866676281,0.253230670368727,0.231632372256914,0.238647743216348,0.144304663641421,0.11276266876507,0.0615535576875463,0.0113257450746401,0.0105747470660887,0.0468227999093903,0.0223350328653494,-0.00207211876480233,0.000583568718587251,-0.00204838937727629,-0.0194610141460443,-0.0345726424244473,-0.0510073194886295,-0.0555008789204533,-0.0639410920339714,-0.00713091633179368,0.0207506386674897,0.0314230360628256,0.0343459912881565,0.0189608632368144,0.00484388310678351,-0.0112524322640243,-0.0256071871709648,-0.0431093731891294,-0.066189145113987,-0.0467084058085227,-0.0220106261978608,-0.0339409239417642,-0.0437198877508763,-0.0252135582680108,-0.0130522386433648,-0.0225847429774749,-0.0248142179906823,-0.00832673248324142,-0.0070568336371534,0.00860852435439904,0.00755562482163529,0.0279244803073912,0.0211156065698273,0.00298680733004619,-0.00307958739113307,-0.0313476691306102,-0.0553759317804189,-0.0768454453695541,-0.110150401112417,-0.103196086681547,-0.119428598148277,-0.161790113385828,-0.16360488386543,-0.178081810176937,-0.170461171780359,-0.154769904166385,-0.136287433945666,-0.129420125311969,-0.0834362588646008,-0.0571207954751176,-0.0489158648981594,-0.0264335186092978,-0.0175060697827356,-0.00606387919991228,0.00596487538253533,0.00912253939072886,0.0128702004259401,0.0192407658277358,0.0212742494296972,0.0391204335835417,0.0313439188302059,0.0153115204061363,0.0098592154469256,0.00110308171048015,-0.0196361084981673,-0.0367791045687934,-0.0687128038748408,-0.081810750385864,-0.0976089227922294,-0.103442733874251,-0.0997678783506017,-0.0841244601521692,-0.0662164392449153,-0.0305688455598855,-0.0170695100125448,0.000664232998305555,0.0205511527448882,0.0209409082269113,0.0402308082040508,0.0338610976655456
"128",0.024850864910391,0.0310434535556858,0.0150424117860271,-0.00350994070320622,-0.0185129157994781,-0.0404481849995751,-0.0763801217231189,-0.104242465563742,-0.133403236481451,-0.134274417868477,-0.138655199747547,-0.131819749043536,-0.0708690137323889,-0.0446384509004559,-0.0261535101825201,-0.00718363280546654,-0.00364789143267275,0.00770621568512941,0.0029090705624104,0.0191695554490299,0.0126551300292458,0.0173804641671459,0.0027350842935068,-0.0188871272113938,-0.0240261892669867,-0.0539059486542931,-0.0766109656225782,-0.0972399035526363,-0.104656988424569,-0.142992456263885,-0.124207399178194,-0.12976026243909,-0.144540367639664,-0.103292547386858,-0.0853715728131254,-0.0847065285046757,-0.116485416553204,-0.133844321900426,-0.113944279960056,-0.112455112389684,-0.0846305853762603,-0.0957268319222627,-0.0786278971262782,-0.0561560853122243,-0.0563914913522924,-0.0523307828132978,-0.0269844964280731,-0.011364386191678,-0.0105532868375145,0.0106880900287955,0.0190008408839368,0.0176017570792012,0.0249921966705759,0.0402711628199758,0.0265888341148861,0.0280333063840458,0.0308729000903569,0.000452237364920615,0.0159286439804338,0.0381535494458808,0.0111927460481355,-0.017063016139318,0.0284612330925493,0.0340591380104709,-0.0305678089288459,-0.0284698865823743,0.0238237301227398,0.00393821509859251,-0.0608686714866599,-0.0264575337554801,0.00289088022527799,-0.0415706462531893,-0.0606634753761034,-0.0974853821598046,-0.102919496162484,-0.110298952313985,-0.125688349895737,-0.166426674205398,-0.188313515215309,-0.199733833324382,-0.17166501187043,-0.155341032530298,-0.128829361047722,-0.165263615329986,-0.0998275286928068,-0.100818099465084,-0.0865664175048036,-0.0487976165779792,-0.00944758857919852,0.023100782899947,0.0414962294399219,0.0509864039791819,0.042639360809889,0.0423287113627085,0.0150449415780666,0.00732726729977944,0.0356771459903258,-0.00354739065939119,0.00507194920559303,0.0458773354961772,0.0267864057054032,-0.00260921624995954,0.0248406837714276,0.0674552706508058,0.115723689521055,0.108707376444105,0.111054199122942,0.153111328930671,0.165759834423656,0.111248361136026,0.054679970053267,0.0393399783416402,0.0509600934453445,0.0833143188876375,0.117698442512366,0.117952005677229,0.107277139688057,0.0602223537370239,0.0902334291931624,0.106409337045562,0.139239154500589,0.197367775108186,0.256913058307201,0.380495506455399,0.379561483595409,0.437734126368096,0.619580069167101,1,0.575065069326475,0.367826139053233,0.261154090577916,0.223653971587473,0.172086570474167,0.0951161930170679,0.0576233638641146,0.0279446083871679,-0.0102169749855898,-0.0062564547063139,0.0238420986792982,0.00901087143551517,-0.00891217481544048,-0.0037104359568717,-0.00288817880535811,-0.0142382298864898,-0.0256305637705804,-0.0383932640243453,-0.0413345954345831,-0.0492257726084763,0.00337631893174065,0.0269814489602718,0.0357052069144932,0.0390528477620381,0.0214435089778369,0.00409212231071855,-0.0117053790135608,-0.0322911779151584,-0.0500272853313179,-0.0651357832226117,-0.0487235361526415,-0.0293647464415565,-0.0385027423382759,-0.044616378769117,-0.0273163603538272,-0.0145818213933204,-0.0229190203406288,-0.0243292887773949,-0.00839155870464764,-0.00644606016565936,0.0078470152092929,0.0085053342073803,0.025647975554935,0.0189151216938833,0.00283112064050657,-0.00479921027215676,-0.0295373649369973,-0.0520714672297287,-0.071412897616288,-0.101429551368064,-0.0950446632005877,-0.108485187305493,-0.143878209165784,-0.144498408867817,-0.154791954486267,-0.147895980039456,-0.133347833587876,-0.118483604647984,-0.113331514029425,-0.0757560425790558,-0.0502577208353814,-0.0415620020785024,-0.0213984615451355,-0.0121143361813249,-0.00333095836436037,0.00811339342055835,0.011515588768004,0.0142086418139518,0.0176253184744106,0.0182117740163633,0.0320218341076514,0.0237744323777563,0.0095837153512397,0.00419692850270046,-0.00323143147845715,-0.0227881330841643,-0.0375839931909901,-0.0666763001926676,-0.0771102412732548,-0.0911476438517237,-0.0963860008161097,-0.0924168637812553,-0.0801253051927679,-0.0632981101767845,-0.0312384557074498,-0.0189024319474065,-0.0026838304945,0.0153581880706033,0.0189718069112235,0.0363352032576914,0.033079906478568
"129",0.0464044545026784,0.0614454768193313,0.0428169963034997,0.0211636463145306,-0.00166231626187967,-0.034153294807161,-0.0806997585277935,-0.117020459655972,-0.154188583252999,-0.156799554102517,-0.158283008803952,-0.150765994782316,-0.0793863676574105,-0.0456797318666195,-0.0300732286602353,-0.00569741052588051,-0.00643149744952477,0.00439479579158914,-0.00632546789616501,0.0115734157561918,0.00781147915315712,0.0146618236145144,-0.00529915073260291,-0.0268826751652337,-0.0315071793527312,-0.0624499631332106,-0.0909727084773433,-0.112906449977686,-0.117235711859253,-0.15894908355058,-0.133417604324521,-0.139394469189441,-0.155775321300583,-0.108255527520489,-0.0863611513237804,-0.0901677034691552,-0.127738201316224,-0.150831364581774,-0.132191161275911,-0.129510465972028,-0.0966722278367385,-0.107836826550222,-0.0874981556701389,-0.0603163185328734,-0.0572321576002462,-0.0506737061585192,-0.0193470115833128,0.00174110627135085,0.00609155065008487,0.0347562144721628,0.0444962759215975,0.0426268732086479,0.05693165596107,0.0789256562041622,0.052821194526443,0.0480804004646369,0.0387268926470428,0.000820835976442254,0.011941723802451,0.0384885937791677,0.010612989055833,-0.0292259946136482,0.0231708141129104,0.0365723711392185,-0.0392782243947478,-0.0430860214591728,0.0217118530608105,0.00554152882628622,-0.0735970050538562,-0.0372607317784571,0.00285702911951864,-0.046306623498039,-0.0742473512725996,-0.116902039310045,-0.128312453646027,-0.136345912951223,-0.162011087972952,-0.214261705233076,-0.231478716916073,-0.2452975109948,-0.217662655817245,-0.196243605500338,-0.168905302919212,-0.204471274880973,-0.117734112792018,-0.107283066467444,-0.0941536187306247,-0.0430540364298419,0.0140474619444518,0.0661882463690095,0.0908082683058416,0.105710229720202,0.0989231303968804,0.0915118765346343,0.0491920666631038,0.0285774659074809,0.0482328123886956,0.005273372156601,0.027643101955057,0.0739153658928859,0.037945483068609,0.0177354382049382,0.0644983105869745,0.100633179210742,0.144464143735621,0.153969703688477,0.192451605918862,0.246756416276226,0.286695138789448,0.215312490686293,0.11363811591752,0.0936771943748954,0.115979899984419,0.156583943429294,0.20605946438624,0.187314671984146,0.147642323025506,0.0793261287742695,0.0825626373484643,0.0861274417259104,0.108810666433963,0.169502934731418,0.218842228796879,0.308671233959627,0.286683032923122,0.35678876850446,0.49321475024455,0.575065069326475,1,0.631395974421962,0.384209961487382,0.327121623855094,0.20297603749991,0.120229552222593,0.0708251217741793,0.0369883209645512,-0.00202335857404226,0.00603267566727666,0.0431500978556476,0.0316693939591536,0.00965076505048391,0.0179255500348243,0.0232802430837346,0.010800421014199,-0.00705585517058955,-0.0194190720932594,-0.0189746277203211,-0.0326125753593119,0.0358419640391959,0.0570583577107987,0.065783643856866,0.0796929312037652,0.0602319613254474,0.038850883628846,0.0176413358210495,-0.0131588176328081,-0.0383581482407608,-0.0597898881733031,-0.0414518929158636,-0.0148943022768758,-0.0272981997821042,-0.0370091531846191,-0.0154287933040582,0.00155084772888352,-0.0112746922818135,-0.0146781604395845,0.00537860404041561,0.00812587816530243,0.026408534680146,0.0292687173340911,0.0469283160157218,0.0349903928961692,0.0163523059412808,0.00587574181584099,-0.0269281862289367,-0.0569803087798135,-0.0837789628237185,-0.120363109374979,-0.115943474774843,-0.130634285836793,-0.169636690807388,-0.167507925946693,-0.174574959134709,-0.162953539243469,-0.142704158066822,-0.125277558257982,-0.121464771255172,-0.0803486257580978,-0.0518543260249691,-0.0448761013502471,-0.0216750960767421,-0.0112352905177056,-0.00343550885953583,0.010928413733141,0.0174354649845493,0.0204000806170436,0.0208089227716475,0.0202333410786696,0.0355428721074289,0.0253442232917553,0.00762354858248953,0.00160945266963726,-0.00844301250561776,-0.0330676852464584,-0.0493282358689393,-0.0843371320909705,-0.0928601076845794,-0.108941588381044,-0.117280191470862,-0.112663955555976,-0.100552585073256,-0.0781679061214234,-0.0393310297388196,-0.0212038459657617,-0.0026716804026631,0.0212616494872434,0.0265230992258797,0.0479420420878465,0.0458469882353852
"130",0.0656195305273869,0.0910160330242645,0.0703797129745326,0.049365089275514,0.0203388958803595,-0.0190520383217337,-0.0696493087935813,-0.111241139390066,-0.150608991598266,-0.156038178731824,-0.156645755865597,-0.147366931707615,-0.0702094811623028,-0.0320031952619668,-0.0108067386618197,0.011190267457524,0.012724000106246,0.0226226996774014,0.00976624320322069,0.0225163439132952,0.0157384566947733,0.0172361123103824,-0.00859676350673738,-0.0347337461605684,-0.0404620138673869,-0.0672209032267463,-0.0944168455132097,-0.114687115745733,-0.115008032569691,-0.152259210605804,-0.121807946940687,-0.130449640651943,-0.148606104169032,-0.1034631945228,-0.0821985987253021,-0.0859833012911563,-0.119939287578893,-0.144463919935802,-0.128519096671512,-0.122709301131776,-0.0916495289422383,-0.0999271996046406,-0.0782212449607079,-0.0530434074999186,-0.0481565752347135,-0.0358108748743761,-0.00555498192212814,0.0152353634622367,0.0247601215503605,0.0586919068273378,0.0653132138046328,0.0648953985820644,0.0878878834709791,0.114698099880572,0.0758347225779976,0.0682162226059917,0.0444610100308793,0.00229943164247731,0.00491882419843408,0.0308841696593016,0.00527275145107206,-0.0454988306271785,0.00620940914290254,0.0279356584305735,-0.0512194032466906,-0.0645483434784246,0.00707058259960071,-0.000338889059652313,-0.0875831140753698,-0.0561365867313989,-0.00635900646947595,-0.0534228789341035,-0.0903853434457482,-0.132294929190316,-0.149472432696957,-0.155566506333401,-0.190537731337749,-0.247811546330068,-0.255355980593193,-0.267881749530996,-0.243782073138518,-0.217096891203388,-0.194075778078017,-0.22553281915588,-0.123007170038969,-0.0943907608251423,-0.0834497875778391,-0.0257529933996263,0.0440626751534158,0.112279583572633,0.144106340999168,0.16748307921223,0.161293215753424,0.150892419696016,0.0900486458215899,0.0552639547422294,0.0574280510267123,0.00431746265332022,0.0280502926373448,0.0774656134592254,0.0297871222897756,0.000319551263377308,0.0450393064310054,0.0663036903464026,0.118374597046046,0.122749686034183,0.163519700595262,0.226080866518131,0.281431462599354,0.229598800999062,0.144991321224349,0.142945169030544,0.180709471421883,0.236770355246929,0.294704224136307,0.267600632757177,0.20148555251627,0.119827551097617,0.0747979654326143,0.0342441262822325,0.0455803507836787,0.102804708882344,0.154195255783284,0.249125844972503,0.199953458436336,0.229941897253789,0.325062866676281,0.367826139053233,0.631395974421962,1,0.52607941925864,0.407621265587404,0.253650356608978,0.165304424150623,0.0995974705100415,0.0606420592846558,0.0256765241699309,0.0381585980721186,0.0805504796737879,0.0737077525675084,0.0479600386059321,0.0570595380285824,0.0655953456499902,0.0524805877806394,0.0266129800707894,0.0155920120074693,0.0194168124216103,-0.00241069040741641,0.074976122453665,0.0874881321895813,0.0954961983027258,0.123919447166847,0.10343376844816,0.0807569830417616,0.0532363197752565,0.0120225756403542,-0.01987256942436,-0.0430002284400536,-0.0235873531054311,0.00701258684696275,-0.00856054252164991,-0.0222504696606675,0.00100911142748017,0.0197732691021507,0.00170759393241868,-0.00433432844599764,0.0175161566757751,0.0200154338724837,0.0421674241170139,0.0483738670183464,0.0629322542396837,0.0465841218095284,0.0283317233098198,0.0169529583001922,-0.0200951623592249,-0.0523329733672526,-0.0841240499783135,-0.119020942169584,-0.119103326202198,-0.130329254066675,-0.168233919916992,-0.16332403957869,-0.168385510730397,-0.158055539164553,-0.137180191699441,-0.116677232781573,-0.112967712534736,-0.0722098351207342,-0.0472309331071918,-0.0451276322752538,-0.0230197710687486,-0.01453266178406,-0.00940737078366691,0.00559418721187057,0.0149366255455108,0.0186187535476352,0.0163131085539427,0.0159210526842328,0.0307588005654012,0.0211248610289678,0.00151866788752179,-0.00343253643760132,-0.0144147882406634,-0.0402862265339595,-0.0535820349375216,-0.0866486528641091,-0.0894734090321302,-0.104121494974866,-0.114740025579421,-0.111665563217988,-0.104150491818319,-0.0806990796581369,-0.0429930752103363,-0.021714957251928,-0.00454632743363462,0.0226372333021109,0.0274406645234817,0.0494158439258819,0.0482901822082751
"131",0.0881017362011966,0.126453970372474,0.105927044875818,0.085950180974867,0.0505309919686289,-0.00320528785544176,-0.0612443822415193,-0.114684917416203,-0.161499840229122,-0.174872147974083,-0.180855874845833,-0.172874565614997,-0.0994173563870584,-0.0639007247584186,-0.0411838904526797,-0.0195150992720528,-0.0108913689669505,-0.0027258013676991,-0.00507791003079828,0.00869554822532757,-0.00342425097022649,0.000449964701794349,-0.0210400945338811,-0.0468597045924159,-0.0491773921888599,-0.0821301406354834,-0.112577501989022,-0.12701570966851,-0.127701177646388,-0.166969854382489,-0.127890554131346,-0.140266579856804,-0.163729529892528,-0.110840677759436,-0.0826198579034513,-0.0884813708664185,-0.123996990469035,-0.155194943235735,-0.13329370174836,-0.12362072565032,-0.0905140408866791,-0.0961781865368948,-0.06990022697352,-0.0434591175945869,-0.0388356616715724,-0.0225722279119184,0.0102957077503952,0.0315961595170159,0.0426619527129737,0.0811280604182555,0.089355741404477,0.0911574886640086,0.118192164352861,0.148143348426176,0.100369501212795,0.0951974869345875,0.0616736932252019,0.0168205858033382,0.01398742300777,0.0375820590451834,0.0118514399128824,-0.0505627780911833,-0.000181266023846884,0.0247917125119199,-0.0617750836425117,-0.0858189851183858,-0.00877982867910023,-0.0133220319767468,-0.112771947449085,-0.0846601462165402,-0.0273330706931284,-0.0770851146899821,-0.122149047097598,-0.162522763286632,-0.180279356296391,-0.182362160377963,-0.219539107321097,-0.279125172145992,-0.28983749599577,-0.299359942285435,-0.268124353973017,-0.234485474081525,-0.207989078322874,-0.248008014244462,-0.131224516205648,-0.0908221144951862,-0.0774809870115649,-0.00948988797971913,0.0737289404351049,0.153790366564598,0.196193134135128,0.232877843018076,0.238733930710286,0.228211535269027,0.151366084798086,0.118850449504605,0.106173083397022,0.0441055068559038,0.0602501370844861,0.104045462238464,0.0518799100675945,0.0170341844263684,0.0456386150194562,0.0574310864483941,0.099954348384902,0.101444905230529,0.133535798290435,0.18929945564213,0.254075236919428,0.215183834333856,0.151415262643163,0.166834077746639,0.229024082313722,0.308298812486827,0.431239800637227,0.371163093955849,0.288121558161728,0.208909068453736,0.143204126282654,0.0926093767977898,0.085238201020384,0.138469156882867,0.200961305688699,0.270616270789425,0.218244525330939,0.202279424177499,0.253230670368727,0.261154090577916,0.384209961487382,0.52607941925864,1,0.588785242122477,0.351317237093205,0.249309014564189,0.176137883505936,0.116302911019908,0.072722672634072,0.0784942050229304,0.133382697505363,0.123850006033636,0.082841966913729,0.0919895768619889,0.107048099502137,0.0842041527727168,0.0451048594921147,0.0347769315060696,0.0440388969101201,0.0159731583050273,0.107325605568487,0.119385986145393,0.129016504215951,0.173157809542516,0.156178812723413,0.135466615459833,0.10226873713033,0.055065233383393,0.0116424000939969,-0.0283352356827749,-0.0073649197392933,0.0370605144565337,0.0160155621545291,-0.0105226071506244,0.0152954807166574,0.0390464185704791,0.0135332848303145,0.00081543569237248,0.0263613666306835,0.0295975182779877,0.0604145062820692,0.0692725848594731,0.0872448230155082,0.0677244126969839,0.0496013628547921,0.0417882677400123,-0.00594781981558904,-0.0421960983144142,-0.0825161741593367,-0.121849491128498,-0.12568690592066,-0.140611634175394,-0.186745163695899,-0.181790425214596,-0.190605865091303,-0.178372850043935,-0.155177137832973,-0.128385288345073,-0.12283136725237,-0.0731485949247863,-0.0517379752678225,-0.0547163812979814,-0.0293767808156889,-0.0237822482600141,-0.0167955570728624,-0.000611385561972992,0.0118552804237608,0.0194707971505891,0.0189560924075122,0.0221680484948379,0.0429252187985498,0.0350387134151874,0.0118217991788786,0.00776426850069029,-0.00748432535447599,-0.0342279479803354,-0.0488172032060165,-0.0837343632805443,-0.0869353381435709,-0.103967155854169,-0.117741588060374,-0.115663268322614,-0.105080602167403,-0.0784871901558131,-0.0364374544233421,-0.00892545586603345,0.00842192111173394,0.0409275205852354,0.0389278364956578,0.0632338559794473,0.0569098096633747
"132",0.100019141746102,0.145483492447547,0.123295275834154,0.106680430187024,0.0668436414150694,0.00410762069585802,-0.0553857408098908,-0.118110380812481,-0.168211108458121,-0.187970019359279,-0.200677174066028,-0.191304479615054,-0.119183754818837,-0.0879541848218683,-0.0499696448784082,-0.0354779165328402,-0.0105055164986219,-0.00213815009957217,0.0112087227870706,0.0213762681486359,-0.00447377566407043,-0.00601023476962939,-0.0245776534859992,-0.0590347572327177,-0.0613633738071892,-0.0990025582807709,-0.128374658261681,-0.139236399399572,-0.139929462633338,-0.1797649791414,-0.133655203448586,-0.151219736565082,-0.179654355188223,-0.12122589259277,-0.0884912353308494,-0.0955244125745073,-0.130658349066566,-0.164187152038382,-0.136799867118282,-0.12277976870383,-0.0898514184619042,-0.0936434882248531,-0.0627971858781992,-0.0361287140385036,-0.0338488462959603,-0.0158251785299915,0.0171996458961841,0.037022170345876,0.0466845235131866,0.0833106328938309,0.0903886082629176,0.0954185737287252,0.121688298871633,0.146850520833731,0.0984972936806947,0.101051701959922,0.066051912660699,0.0142813053131629,0.0131113919868219,0.0373840035688896,0.00531907656988745,-0.0664051040024759,-0.00877065966437317,0.0186773447634748,-0.0811115878698263,-0.109511771866762,-0.0192925067513761,-0.0232413454109728,-0.139155255211963,-0.108615193912878,-0.0407808076503303,-0.0974117480669384,-0.151150707916704,-0.196022651696338,-0.216576555326235,-0.219534455546932,-0.259324012365584,-0.323511264432313,-0.337719849015465,-0.344950959613651,-0.304367474274593,-0.263509227606874,-0.233719658387325,-0.287485238422454,-0.155205198005983,-0.104939721180847,-0.0889388471261568,-0.0188616734945471,0.0682641825985323,0.154040344777159,0.204308233594278,0.248040709709353,0.257889700873095,0.297785083071083,0.192906886185086,0.167653679448573,0.148860695998831,0.0597807797147944,0.0595447592675091,0.109624741298665,0.0511272813904644,-0.0033635847791301,0.016059946831131,0.0142902301995493,0.0636648655080912,0.0536472577535997,0.0773868119779201,0.144178842887324,0.214468029091627,0.180743233896549,0.134925387187932,0.162162095763066,0.223799627720863,0.300875169899557,0.395670181332174,0.516247857237118,0.384966999918734,0.315828867359099,0.233843993994208,0.16665668226275,0.134496083937849,0.198611137102364,0.303245976374533,0.368151306197959,0.290704358092147,0.218003455724886,0.231632372256914,0.223653971587473,0.327121623855094,0.407621265587404,0.588785242122477,1,0.62508241510373,0.395662657876038,0.306865245857287,0.196707877082693,0.126922362323787,0.140289091842731,0.216117444704177,0.191836189985221,0.140017822885082,0.153823437247177,0.162504786244258,0.127643840594414,0.0802676801232187,0.0631283547674325,0.0606061037071665,0.0170604693214779,0.108361731114712,0.125010375342704,0.138937668464958,0.190680697159542,0.176501913617038,0.170526580095735,0.124150714858127,0.0751508699265722,0.0231183558880725,-0.0227381611148184,0.00466637340120383,0.0581811777549274,0.0319631874992178,0.00126117175361493,0.0317937593594017,0.0567849127045014,0.0272244591191792,0.013406157734556,0.0411423248675674,0.042583412554437,0.0751572703904883,0.0807807079009281,0.0966270328684369,0.0756065203126329,0.0579070605359416,0.0539678591228606,-0.00113814543063658,-0.0365323835085258,-0.0826811466608376,-0.12125851294514,-0.128246412949157,-0.143614844435804,-0.196909536226478,-0.19302201139346,-0.206743425110515,-0.197104000073309,-0.174206225523696,-0.141479201616643,-0.133356809009243,-0.0753969154619398,-0.0561029385780727,-0.0647914977616892,-0.0382216874570679,-0.036472704822918,-0.0290288586666493,-0.0126577872762678,0.00130407032812595,0.0105236373538579,0.0119248663917625,0.0190086010746216,0.0440693591217325,0.0391182915672426,0.0152188283788909,0.0138831575293965,-0.00187702856492841,-0.0283563092446953,-0.0424209927014565,-0.0771547320953022,-0.0804300424393861,-0.0995237066487223,-0.114888768611194,-0.113893724615074,-0.101577722508884,-0.0747624622721752,-0.0317856844208029,-0.00249732527241857,0.0122427747510028,0.0468501919415355,0.0389173725285882,0.0627978929350246,0.0520953007847946
"133",0.0846919302181073,0.130928628071095,0.10869503529657,0.095818604796599,0.0637686448918628,0.00580849666705206,-0.0470115708852859,-0.109437306621685,-0.16014023423557,-0.186011200314082,-0.202534306651647,-0.196847054619395,-0.145016822218092,-0.127788808642072,-0.0880335561419759,-0.0784910691433432,-0.0430433847880751,-0.0356769172370164,-0.00396178150960434,0.00845774948914423,-0.0241079575844791,-0.0227885108767045,-0.029313484281946,-0.0627684653482122,-0.0612143114379517,-0.103150754932945,-0.133041974581272,-0.136751477992606,-0.136287715698023,-0.172462965789652,-0.121017033714427,-0.137635304929411,-0.166708419694275,-0.105379507698165,-0.0647002232108822,-0.0753065726366407,-0.115392253996802,-0.151344554356914,-0.121447802886344,-0.103295592341143,-0.0765850398478863,-0.0826595385516585,-0.0512220698571834,-0.0278627130500142,-0.0278020506093841,-0.00860208782080008,0.0212822676860979,0.0357374447458893,0.0438370019969286,0.0767849965614225,0.0811248711995857,0.0829273734099902,0.104045011337555,0.123239729323295,0.0822925670672279,0.086607057259169,0.063642382336879,0.0129644286621254,0.0191894115663843,0.0414161569014491,0.00402331393169961,-0.0635657395877065,-0.00527988906858896,0.0144866519796685,-0.0879133655163374,-0.112835608571258,-0.0245600698899902,-0.0352840972627527,-0.151425663034805,-0.118203627928147,-0.0540870186690651,-0.114336816533858,-0.164383568360844,-0.207671528966184,-0.221376231939509,-0.222121707768276,-0.247004222069271,-0.301919444430724,-0.330897058711316,-0.33465147767076,-0.281684062840271,-0.242194971186016,-0.206826272900534,-0.278344191161612,-0.160562263563584,-0.12166149974367,-0.0977493434200575,-0.0335267357259989,0.0408294652721976,0.113430084779335,0.161965006238868,0.200158306027075,0.22069497580852,0.289128660739106,0.235905600789703,0.251059433706972,0.22448599683905,0.125163959708293,0.107995602776586,0.144797558815946,0.0861963417942821,0.02632044899416,0.0250085229552819,0.00195794174911656,0.0268377484040378,0.00990699987805904,0.0289656576931619,0.0838942391986383,0.143554108880217,0.125053958957573,0.0956119215058266,0.120308717182639,0.164980692746114,0.223530379389387,0.295784970366814,0.429202876378311,0.502012299247391,0.451787335076405,0.37250548770348,0.295815960266217,0.24635564584755,0.305064945990566,0.412432038471829,0.429478509771984,0.351460009107612,0.278014743309405,0.238647743216348,0.172086570474167,0.20297603749991,0.253650356608978,0.351317237093205,0.62508241510373,1,0.598932977648554,0.463574723595054,0.32140952949001,0.210897321524483,0.220978464266427,0.312183886971778,0.242719230711357,0.170431828461208,0.173149704551161,0.164226562180446,0.108827224812734,0.0547168164926185,0.0267504560429219,0.0185492657118549,-0.0208238745125304,0.0697811768854891,0.095736237926733,0.114600352055426,0.162423651300377,0.155195474125572,0.16266987148882,0.130759169747597,0.107916776990717,0.0618146728083938,0.00125681161931231,0.0333651388604023,0.0942140932198241,0.0576811441084743,0.0213137260021266,0.0564106022929203,0.0750813927385783,0.0388543233312569,0.0261377809502536,0.0545198248281388,0.0472430585886468,0.0809031007123733,0.073845422802583,0.0859674821961812,0.0660902453261957,0.0493925272759086,0.0505412787222822,-0.00118988847249932,-0.0300422021981661,-0.0756281512247695,-0.110711750061128,-0.119667721858094,-0.136055545459165,-0.191877595760323,-0.187072949733507,-0.204112340908933,-0.191047390879352,-0.167897693445442,-0.133486472393852,-0.125863957267966,-0.0643290992910181,-0.0510212696805253,-0.0635528077911554,-0.0400323810715391,-0.0415800165859514,-0.0347531878658999,-0.0198013542720631,-0.00600401007633824,0.00121326524643502,0.00512407143871744,0.0128520308199964,0.041220188913104,0.0389314695322928,0.0180333731029406,0.018666215549361,0.00556802306012004,-0.017665475779949,-0.0315327514715971,-0.0644529820664123,-0.0699394094871543,-0.0888485885004362,-0.105070203803363,-0.10453814838488,-0.0894475290175634,-0.0643031849722707,-0.024040382763347,0.00132488084528719,0.0131471196647815,0.0435174030002087,0.0306432569304953,0.0532153473519861,0.0405008352459652
"134",0.0787979525094605,0.119586400391812,0.0963691150163133,0.0832420101205424,0.0589514263899583,0.00960131377952766,-0.0306445959935575,-0.0857283224674835,-0.125096681479437,-0.152858675330929,-0.173374417980236,-0.167436068439298,-0.140157649289093,-0.136371163164193,-0.0943421842740181,-0.0952885725153449,-0.0500167264895227,-0.0461642376766209,-0.000492759380472559,0.00566839686179584,-0.0335503481610842,-0.0356870524277861,-0.0329049421570709,-0.0634986243356881,-0.0608721110093186,-0.0988132732854737,-0.119767616919744,-0.116829572096054,-0.118030193280979,-0.143879919391767,-0.0973332211245211,-0.111655836724598,-0.136533193127178,-0.0854486421442423,-0.0506521329256119,-0.0567513149703784,-0.0871491419790063,-0.116360920665916,-0.0874585936978119,-0.068714984036482,-0.050271085560685,-0.0536378056742308,-0.0242724495854734,-0.0073097607474857,-0.0124950143385994,0.00362061925561704,0.0273086064870353,0.0340384843437223,0.0378541505343694,0.0616964424228131,0.0629888272488198,0.0639642262951885,0.0805571700513104,0.0913868646512553,0.0590890555937665,0.0682360629157703,0.0487453274134158,0.00606314406655278,0.0105775242071069,0.0260473828511789,-0.00584211547423794,-0.0650830178646318,-0.0173566930911026,1.95709787480668e-05,-0.0862063190123941,-0.111126934233449,-0.0341863804370895,-0.0396198655389608,-0.140855194115961,-0.11705206219149,-0.0591895911872849,-0.108652152739137,-0.155227619082897,-0.188891927383669,-0.201329289365992,-0.201628121854634,-0.22132994409858,-0.264224711873777,-0.290389439193355,-0.289261939053743,-0.239309027499259,-0.202021209758585,-0.172267992898648,-0.24029420210271,-0.138988187582463,-0.098231371734753,-0.0784320925020558,-0.0289884074124055,0.0275877293439872,0.0869506357646398,0.12812378574859,0.16138773441188,0.181988485230226,0.247752707762172,0.205679066161103,0.255350587146821,0.196550701661198,0.109914608853829,0.0885619190157233,0.110440196445388,0.0617050370392733,0.0135816901328688,0.00915465165592153,-0.0158703590399338,0.00264723327187159,-0.0159830800900435,-0.00473073076714939,0.0416385898131915,0.0954903374434272,0.0835831542084929,0.0640157646629893,0.086105570094105,0.122928707365979,0.172591512392993,0.231061921166499,0.348980639069238,0.396231689330926,0.521005835379717,0.39987837968822,0.359774272453977,0.231510099513644,0.233838382939558,0.306374266465174,0.293362168478893,0.221723677056163,0.17714757751668,0.144304663641421,0.0951161930170679,0.120229552222593,0.165304424150623,0.249309014564189,0.395662657876038,0.598932977648554,1,0.668674665787812,0.419737319744662,0.278495526166769,0.300308805761045,0.408619395107327,0.322979448387857,0.232382178681202,0.231763610322985,0.209119141980746,0.147209551803076,0.086512007223592,0.0505879263829836,0.0335536797855972,-0.0110451375672923,0.0590533530524924,0.0768093942982194,0.0940354637411748,0.139159576935349,0.130538691213768,0.142276502497954,0.113417401278266,0.10023394136362,0.0680867687960298,0.0104376328239788,0.0415204088694486,0.0977648381082425,0.0648651209514623,0.0358540715777594,0.0673357449060196,0.0843749722451986,0.0547933846936018,0.0446898600714834,0.0677915608531955,0.0602095434906193,0.0820418326647856,0.068205963345358,0.0732497113929243,0.0548494110227232,0.0380138411264595,0.0450331703805955,0.00042944817944074,-0.0162077922839616,-0.0555237916468367,-0.0776421502798634,-0.0871176174453657,-0.100215568816224,-0.150125653471944,-0.147649045375577,-0.167011961967355,-0.160533923876702,-0.144626660775976,-0.115808760613208,-0.10940015797237,-0.0545971133002176,-0.0454741736203359,-0.0631638771278086,-0.0428435832603104,-0.047988224242953,-0.0414980376885603,-0.029705472497763,-0.0190255702952029,-0.013309400270195,-0.00734406744673837,0.00171234480583323,0.0282904132252115,0.030122236358721,0.016469083599563,0.0213935670650323,0.0137730073980982,-0.000609671606201192,-0.00893007047747016,-0.03135408792283,-0.0376573931080524,-0.0546025833824076,-0.0675360598682406,-0.0689348686880576,-0.0545201642830043,-0.0377323217218511,-0.00924674538319989,0.00874636687736184,0.0121432924618406,0.0336330097472581,0.0166424269838445,0.0347035783297977,0.0211946547687095
"135",0.0620247018322889,0.105538674323859,0.0869199517269491,0.0779003026225821,0.0563768977639591,0.0136020287381101,-0.0192553921960103,-0.0684950501634458,-0.105900595751051,-0.137175950373706,-0.160800917196075,-0.15892789353647,-0.152798950728961,-0.162072947732403,-0.123078365400041,-0.128545780399579,-0.0775730560768067,-0.0754421044928744,-0.0164241008657028,-0.00915399087316284,-0.0509045385454355,-0.0496115586891805,-0.0343214670770122,-0.0581304734773324,-0.0510557356997401,-0.089715220265743,-0.110017557965124,-0.101753453712717,-0.102997816078329,-0.125424403593625,-0.0787190349430651,-0.0920850283489097,-0.116882525292402,-0.0707414365176332,-0.0335032942583673,-0.0367291148308178,-0.0660769378296052,-0.0953372877741351,-0.0673846593467574,-0.0474339755871489,-0.0356167050249519,-0.0411358792972761,-0.0132493608673843,0.000175948205766764,-0.00702534953879805,0.00789672647362205,0.0266863530147405,0.028541578941394,0.0310928816237206,0.0488732631463276,0.046412581811079,0.0464168826498584,0.0597895851716148,0.0646487603849591,0.0388468390481562,0.0563451304806192,0.0489015961892379,0.0159667974582559,0.0221905418178449,0.0274323940779605,-0.00537759269233626,-0.0552583167640895,-0.0210691665901026,-0.0181358083189402,-0.0957758184608779,-0.118239361707269,-0.0610478601511142,-0.0765538186630371,-0.164600882773458,-0.14272488395918,-0.0981160555560087,-0.144422875033812,-0.179493026892049,-0.200181117492884,-0.196881508204253,-0.185753117857819,-0.186542996799982,-0.211004048918139,-0.247329507963397,-0.239381089275579,-0.182378254475,-0.148981366732725,-0.119150845083687,-0.19787019909328,-0.123213826154347,-0.0932344383268673,-0.0627319021738878,-0.0249052486819582,0.0120388045338691,0.0542667201958594,0.0896494756780964,0.117286735073747,0.140319795025221,0.210128265606937,0.19464753496793,0.274514809901646,0.233616415204556,0.147826450464195,0.112095731965891,0.127224621399607,0.082433177111286,0.0361700525704494,0.0209067619305858,-0.0185363412907584,-0.0130107891393339,-0.0406269200151656,-0.0347295368776248,0.00662921294126485,0.0541822318619975,0.0434251794093703,0.0313279047600409,0.0477755703865507,0.0763684547492949,0.117308799928337,0.162976868381739,0.271902960886752,0.358134747708695,0.522569755459007,0.506515922381959,0.497235942349998,0.328059638581567,0.269251779045344,0.293888583901536,0.241858194498457,0.172353169424548,0.160846072361411,0.11276266876507,0.0576233638641146,0.0708251217741793,0.0995974705100415,0.176137883505936,0.306865245857287,0.463574723595054,0.668674665787812,1,0.587866979886148,0.405280605999067,0.32412818749943,0.377903297585824,0.268941445585659,0.185114714181511,0.163726579914627,0.130549574333452,0.0729467547914909,0.0173163756198707,-0.0163615368419011,-0.0239764754732291,-0.0435703941182471,0.0235315630755345,0.0449724933504002,0.0659967974360835,0.108556081648691,0.107030843829169,0.128179053244666,0.101038218469586,0.103623623975564,0.0840695725121681,0.0323639186694822,0.066366683738764,0.118740519751355,0.0871758882590824,0.0676011603478409,0.0970816914192571,0.110113543851648,0.0863741691717287,0.0766771970044994,0.0927134298763378,0.0837888679237446,0.09447876411949,0.0733377696949607,0.07282661185735,0.0550256012935595,0.0381339934794137,0.0459685811752385,0.00623547909312231,-0.00501197273682291,-0.0416280352112413,-0.0595641730210427,-0.0707030931807511,-0.0841333642603562,-0.13230348549257,-0.130126765219285,-0.15211321548773,-0.144123761248866,-0.130569214296824,-0.101478413573739,-0.094168820616436,-0.0387516199103758,-0.0307714539762641,-0.0507580992124699,-0.0328558594164353,-0.0384641018342916,-0.0311879861069245,-0.0217083614078792,-0.0124655903927059,-0.00794054348267104,-0.00145548880528509,0.00612501666963125,0.0311937225445119,0.0329370545873782,0.0216695459812392,0.0272769318527944,0.0216064048245061,0.0110245155170687,0.00374665112706946,-0.0155022272977637,-0.0245540351275463,-0.0406306036699265,-0.0526481069312148,-0.0539341641498481,-0.0374113796494511,-0.0229442079342688,0.00121358245855169,0.0167270778296392,0.0179371364611623,0.0363305897642882,0.019777747375839,0.0362780421068993,0.0212471573469882
"136",0.0562721844878561,0.102846710135574,0.0899804057818672,0.0812301559989809,0.0596613825568175,0.0209680585441745,-0.00391506149521603,-0.0468378454636092,-0.0751318740771322,-0.10472598820112,-0.130809485596652,-0.129535521920147,-0.137936544074078,-0.15311412926852,-0.120594214793738,-0.130399123648404,-0.0804046459034121,-0.0820185187814178,-0.0216216683478983,-0.0189504993093734,-0.0587254181762739,-0.0574697681519822,-0.0363640705727108,-0.0503776352058468,-0.0417364634136836,-0.0741488233045118,-0.0882153882457399,-0.0767851349094976,-0.0823857377502858,-0.0999010100179218,-0.0622569444324732,-0.0757553692398071,-0.0978517938692469,-0.0641213009195821,-0.036447820239965,-0.0351427390504924,-0.0519877708503034,-0.0742084174108249,-0.0496678584675191,-0.0356980391011158,-0.0241725610692887,-0.0239180016057742,0.00338494221025368,0.0169427389868787,0.00443151150722143,0.0124953788289888,0.0331493874213531,0.0333059218172618,0.0281878210471778,0.0404820281036401,0.0417835059609868,0.0412528529208756,0.0488882241796055,0.0505484638589937,0.0289921672228637,0.0398868681214585,0.0207814989503874,-0.00322898555848283,-0.00614300304223823,-0.00934942908317587,-0.032107084681649,-0.0753921080634203,-0.0562851026220985,-0.0485061670887474,-0.102598252507616,-0.129596312517009,-0.085362488364266,-0.0845019162092213,-0.151508414952496,-0.145325257267259,-0.103157625921495,-0.128962808272023,-0.163169245518252,-0.170362178241753,-0.171701913866494,-0.157979386502939,-0.160533453604622,-0.176292106335161,-0.198371322782625,-0.187505767564705,-0.143657814888599,-0.113698686569712,-0.0954332102140967,-0.157053451251598,-0.0948463717160965,-0.0530465380020415,-0.0331589809109716,-0.0121532614510543,0.00831934425469188,0.0438589260806718,0.0737200126886853,0.100505463911287,0.120913452664808,0.172668169059458,0.148762024984263,0.188951285201997,0.145861122304505,0.0845771684446463,0.069170560226604,0.0781661017739102,0.0450776553560264,0.0147882083811433,0.00766392918724326,-0.0145915311831425,-0.0135286965537066,-0.0244052462285022,-0.0184023604679478,0.00310114174979712,0.0384639898863496,0.0326947942647439,0.0234775528473188,0.0394483136010343,0.0617639581162714,0.089179609949929,0.125944263713995,0.199343871590416,0.266072912060158,0.375223071000268,0.304210114310395,0.273789096894721,0.176450905529308,0.15103175433206,0.170291806114226,0.140302875891988,0.0936191483059826,0.0883831447455029,0.0615535576875463,0.0279446083871679,0.0369883209645512,0.0606420592846558,0.116302911019908,0.196707877082693,0.32140952949001,0.419737319744662,0.587866979886148,1,0.608489955474792,0.455609424774965,0.480639641672761,0.358268083970927,0.248007612656475,0.219181288810647,0.182713436737641,0.118965518052238,0.0518206200856803,0.0308691685255213,0.0251987227682444,-0.00966676869788268,0.0264515436046263,0.0283663488579498,0.0520830982744045,0.0970430439002269,0.0984009008522321,0.116229040495337,0.0921440797936571,0.0870397132093084,0.0652689448172516,0.0326137340359277,0.0586166641091215,0.105380469992002,0.0911304235678738,0.085046813586858,0.108544716776303,0.126523097940248,0.110739002893265,0.0999784117448468,0.108995754974999,0.104282395695094,0.101331289126889,0.0830922292006512,0.0786013982703966,0.0608817000779696,0.0430865056628937,0.0527427401607247,0.017261932309257,0.0122845149232265,-0.0185874220762698,-0.0305650804553052,-0.0408075971494882,-0.0550328213222665,-0.0978728129265553,-0.100757105616325,-0.122132033103232,-0.119280925072478,-0.110855296349244,-0.0871930274101337,-0.0792312577066124,-0.0316427379956057,-0.020381759078923,-0.0408774739368688,-0.0241094835077801,-0.0304999891375431,-0.0223997052512973,-0.0163192204851965,-0.00976863902497503,-0.00455038047230654,0.00221393183859916,0.0103356094065034,0.0306561855358242,0.0345123028336181,0.0279028480859836,0.0366575705589366,0.0324982611763233,0.0290186384364985,0.0246445444193708,0.0111605817704295,-0.00099076391645185,-0.0186792737589154,-0.0259847682589269,-0.0260346991013429,-0.00737406482722898,0.00229175826778099,0.0193612215291901,0.0324523676378738,0.02728526827341,0.0406992756756361,0.023598976565112,0.0360993692490235,0.0195980486997414
"137",0.0714145436881409,0.114359466355139,0.107573682000343,0.0972738542464433,0.0696282561779958,0.029000294188126,0.00426982857640692,-0.0375671772136437,-0.0610954252141204,-0.0901841529616772,-0.112750104786077,-0.109749937836552,-0.126240832660872,-0.141147055368729,-0.117654673203957,-0.128076784864526,-0.0829033069777242,-0.0894317795054269,-0.0330344804651556,-0.0349159164200138,-0.0705758595545087,-0.0692821518347831,-0.0495716617084453,-0.0568135582250912,-0.0478186092542784,-0.0725442344240824,-0.0843577215662182,-0.0702605142512084,-0.0736317088257098,-0.0835627187187695,-0.0490162428194005,-0.0591599113965039,-0.0770760402040882,-0.0516997123874849,-0.0307670926516375,-0.0276867228861205,-0.0371528478939212,-0.0561625983276094,-0.0353667586879032,-0.021880751473367,-0.0119683207911491,-0.0100056154558186,0.0159185935737783,0.0255692235864441,0.0131550166794823,0.0221557699343777,0.0417394054041215,0.0397215951004946,0.0352132539265701,0.0483678818912659,0.051169007415463,0.0490466716666224,0.0574590045518304,0.0607907953070317,0.040083409029452,0.0404557263601169,0.0111294178288737,-0.0110364555610997,-0.0218182679719892,-0.026527110930446,-0.0419050568222951,-0.086804602633081,-0.074179276611488,-0.0565248615377872,-0.0986676944320029,-0.132535995292212,-0.0903203080324669,-0.0720920502345142,-0.13060887445445,-0.136798947394313,-0.0901437215784429,-0.101487639101953,-0.141543686661317,-0.143869556500246,-0.155596435114928,-0.144855006493972,-0.156257861525132,-0.173049062081154,-0.179570583736687,-0.169137976657522,-0.138362779715253,-0.109354716969941,-0.100320051587807,-0.144731032475147,-0.0798449014463925,-0.0249103159701817,-0.0160957854114448,-0.00125240526456678,0.0191398483328552,0.0558671074630804,0.0857959445231533,0.110111232000147,0.129108801731591,0.168749556874343,0.133066352779647,0.146763132614558,0.0984461578342736,0.0535086611022745,0.0486398425343506,0.0523611734678871,0.0251600793088566,0.00524999698068765,0.00207733427595369,-0.0130855379378362,-0.0150275221340493,-0.0188564177540704,-0.0130810117673034,-0.000779984192832242,0.0301614572628641,0.0306039839068778,0.0260249089492424,0.0441926303818489,0.0660418485785324,0.086037766440449,0.110760304763416,0.166549691453644,0.195515681956417,0.2817949266426,0.205360754068608,0.191791295174118,0.107906205301995,0.0808633485590553,0.0952273846815597,0.0713402907256393,0.0307533318468015,0.0257216859231875,0.0113257450746401,-0.0102169749855898,-0.00202335857404226,0.0256765241699309,0.072722672634072,0.126922362323787,0.210897321524483,0.278495526166769,0.405280605999067,0.608489955474792,1,0.676747146140768,0.479145335250965,0.525731169908041,0.416082284648523,0.287925400969542,0.238905727292064,0.220455378863158,0.125558512366162,0.0891355679588142,0.084002334968189,0.0303235190117452,0.0467777976336727,0.0408789499341573,0.0653523784887133,0.113045466874372,0.115364035285656,0.126412888917113,0.101710004400177,0.0885323384069389,0.0656242822384043,0.0406440623006893,0.0607866628945907,0.105754721555144,0.0966024826219469,0.0928371099396,0.117810195261994,0.139635995472112,0.119339703490185,0.109193573721172,0.122272873627482,0.115381098906543,0.114928038560279,0.0954889985673298,0.0864868170712352,0.0657331700144137,0.0486085806153899,0.0546764481827189,0.0195447896264731,0.0154694455597766,-0.0149515389134437,-0.0212935881834832,-0.0328532421420833,-0.0432282506169544,-0.0796766565636063,-0.0806270327958268,-0.0977574808783543,-0.0974364083663361,-0.0903069583027855,-0.0715822066062075,-0.0665876063440075,-0.0284141357818136,-0.0174952161354287,-0.0402761831707381,-0.0252236919895733,-0.0327351127011672,-0.0276643073538574,-0.022138141294027,-0.0145158028772351,-0.00988086824935199,-0.00472440416262679,0.00190852560637585,0.0193724372171426,0.0236523732722039,0.0194461550515012,0.0290529548590751,0.0272708977895266,0.0259990628710822,0.0255004450769602,0.0167294547890921,0.00779756942788698,-0.0072368938734621,-0.0141824137014496,-0.0158234713685957,-0.00106499564728756,0.00603799607167148,0.0183155422915587,0.0295297502247245,0.0222543598119351,0.034176303617426,0.0188843530435508,0.0295122972918652,0.0146114972280481
"138",0.0884958714387152,0.126125989737623,0.104341503723404,0.0822255497582899,0.0568838226897738,0.0163733864123571,-0.00446817238538683,-0.0481270044823951,-0.069747383038887,-0.0984238951229596,-0.121444776358961,-0.113390082615754,-0.117233945904497,-0.126925515291907,-0.0888948848737007,-0.103839976663516,-0.0511833951083863,-0.055904331122023,0.00111829088643706,-0.00640256498088584,-0.0500646848255554,-0.0579337069828701,-0.0455834245377015,-0.064113339064669,-0.0597121259997187,-0.0840163289266661,-0.0932652307036747,-0.0823248939218846,-0.0860477954303598,-0.0960815784516449,-0.0609304379261611,-0.0693958636981621,-0.0876727751842395,-0.0594436797364747,-0.0378310267536563,-0.0353940851915297,-0.0449710380336693,-0.064039808409269,-0.0396726172267722,-0.0252664990502406,-0.0109482508707387,-0.00832968621952985,0.0197257206173077,0.0269985253333591,0.0125760079373192,0.0246941879246584,0.0451474831725526,0.0399666381133106,0.0356670578231437,0.0520856415918562,0.0549192574429508,0.0518959249200051,0.0617106270991815,0.0680726503899053,0.0470715591620787,0.0463598510298487,0.00846425175361967,-0.0161266767159678,-0.0300045127044555,-0.0321966993823414,-0.044564786924788,-0.095482821108104,-0.0792651327098086,-0.0522615305382637,-0.0958200538523062,-0.13719064605277,-0.0845154553825891,-0.0554536910013057,-0.122625536713486,-0.135173017877083,-0.0787495579116446,-0.0887280432182177,-0.140028717884325,-0.144276744863796,-0.165618455981959,-0.157685178629193,-0.177333552549459,-0.198551509825408,-0.199215898907193,-0.188095490562616,-0.159082387092859,-0.125451849346754,-0.117861678529331,-0.159431294180565,-0.0813708234005951,-0.015302202427758,-0.0100864442888802,0.00475586589054085,0.0290406679121392,0.0690091547446414,0.0998557848736025,0.124696631619308,0.125883931162227,0.160526360648259,0.106750635481048,0.110807420615901,0.0714740976091247,0.0233369304699195,0.0189565400638243,0.0303089310067457,0.00544810112176234,-0.0151023119329218,-0.0112482587317372,-0.0229715774268901,-0.0194195752219738,-0.0207406244891816,-0.0154760360856993,-0.000943287921434003,0.032804361501576,0.0315855302115424,0.0297666636494418,0.0502259136541875,0.0736637528416907,0.0957475530465922,0.111835567669904,0.167297749010801,0.167358841420532,0.23815815120779,0.166310970588454,0.152939769549195,0.0814466416594242,0.0638275149224469,0.088787424315903,0.0775127747897261,0.0337901185962151,0.0166069900020091,0.0105747470660887,-0.0062564547063139,0.00603267566727666,0.0381585980721186,0.0784942050229304,0.140289091842731,0.220978464266427,0.300308805761045,0.32412818749943,0.455609424774965,0.676747146140768,1,0.700430113939244,0.519610836100344,0.545875685883441,0.461673691345512,0.308540016045509,0.266946757922564,0.203239360020497,0.134024149896823,0.114909022300342,0.0481932414920709,0.0662188017257276,0.0529757205238407,0.0785229238672099,0.130966164536504,0.113656128267134,0.114368252506473,0.0788962389063165,0.0567133606281974,0.0322335449279877,0.0105590536534318,0.0371885639948765,0.0808803623419046,0.0700995376447159,0.0702748273517855,0.102353469219486,0.126680435410545,0.107928984698714,0.101948236344193,0.119781138088549,0.113314457633067,0.114194065236071,0.0884956916773929,0.0791998951984864,0.0553784971712543,0.0353134406072175,0.0423895471484581,0.00722348823459347,0.00645130073519868,-0.0234746547905209,-0.0266060398615373,-0.0379495240956915,-0.0460022387339271,-0.0844501050536704,-0.0850812908337385,-0.103095091991476,-0.107617238581838,-0.100852371981333,-0.083036211132059,-0.0798091400080409,-0.0434434991975393,-0.0291109915644194,-0.0521569437197989,-0.0355150790839851,-0.0435211668712566,-0.0400411132052907,-0.0328141030117135,-0.024654157285629,-0.0219182959468801,-0.0169844640812159,-0.00991111046122337,0.00921651061622322,0.0143346254335685,0.0121978198290924,0.0234260801755359,0.0255626023273472,0.0247004545208441,0.0259944933725543,0.0178725723644332,0.0108419145303085,-0.00499346833886458,-0.0131702572507991,-0.0156125437820825,-0.00236758194422564,0.00327269224804693,0.0145466596073841,0.0213218776357236,0.0123170398719505,0.0219259276473113,0.00570630565102967,0.0174224804423422,0.00453700245447291
"139",0.112485456719282,0.146963149737954,0.108992202681698,0.0775255782753308,0.0518532173416822,0.00399658507967854,-0.0254890584222827,-0.0784523757235336,-0.107089202524216,-0.135636169824437,-0.160000947927257,-0.14815565962155,-0.127420029733393,-0.126460656570618,-0.0749561124942252,-0.0867352575646507,-0.0301796776645793,-0.0300664748538849,0.0238786275420119,0.0181833269308648,-0.0308493727435753,-0.0427914408049968,-0.0402647123019363,-0.0730295564891296,-0.0728738103574813,-0.104673367848927,-0.117565611845859,-0.112424129137931,-0.117673350172025,-0.13723800035234,-0.0962318024850203,-0.105870730888053,-0.128170910990633,-0.0847563132782963,-0.0568323047448018,-0.0571383243050776,-0.076275640856794,-0.101021009851145,-0.0696218276681939,-0.0542986599943538,-0.0320628215612359,-0.0308390851342573,0.00124369030626683,0.013578032089459,-0.000853755725916881,0.0124922843803303,0.0394303401204623,0.038933571595822,0.0347763882426662,0.0564130470306457,0.0642605246464629,0.0640265372600838,0.0757141020363941,0.0859601648080969,0.0637813814632999,0.0676026945149389,0.023911481567467,-0.0129740059546335,-0.0231316224734088,-0.0133329866469252,-0.0300947047179634,-0.0915966747162048,-0.0568273341365917,-0.0194748194986068,-0.0803261663357606,-0.123116911652818,-0.0464756546978752,-0.0159936356825353,-0.105406468111728,-0.110989778276424,-0.0422610411331405,-0.0651366271888418,-0.12778088400346,-0.148786506232241,-0.18178709693427,-0.186777748110073,-0.220837919093089,-0.26093881523905,-0.266376415810518,-0.261076103256621,-0.226202180913752,-0.185060836256321,-0.16698017441628,-0.212895474371963,-0.10342141881926,-0.0329508002157472,-0.0336592367574983,-0.00505285104832547,0.0430869659926306,0.0961585359631827,0.135118548666176,0.163871090656312,0.15421326390935,0.189858392916112,0.126367292304916,0.135040687180026,0.0950607178867794,0.0345946555386726,0.0278782525782874,0.0457191862021781,0.0126089317364,-0.0141822249997921,-0.00844084687595764,-0.0218978916721644,-0.0152143574248005,-0.0173416806287712,-0.00906812284289128,0.0113101414661901,0.0524253423252301,0.0512061373914145,0.0456333929483322,0.0711314294411389,0.101420317986795,0.135275650848633,0.154429741963358,0.224257358310472,0.218036518674807,0.283084633648609,0.208689601457246,0.185246724442414,0.111189300742437,0.100012684649262,0.134536886350267,0.125407107108372,0.0794096326987746,0.0582610480140286,0.0468227999093903,0.0238420986792982,0.0431500978556476,0.0805504796737879,0.133382697505363,0.216117444704177,0.312183886971778,0.408619395107327,0.377903297585824,0.480639641672761,0.479145335250965,0.700430113939244,1,0.686041491762753,0.500980624714384,0.561465629838007,0.496664815122242,0.333014878956233,0.24188423024413,0.206476172919815,0.165149573595729,0.0735602734915124,0.103422041956909,0.0953178289130611,0.114840575879446,0.16708550141946,0.131910640000998,0.12227105049815,0.0819495880765807,0.0507293460595725,0.0186446990464816,-0.0178972180574259,0.0150317888264814,0.0668747607168919,0.0458465670247441,0.037007643976666,0.0811520821097973,0.10812371564918,0.0798566617175743,0.0755969442711093,0.106240577910327,0.0966714358552,0.111725349751573,0.0811564232770616,0.0784489401897777,0.0521648273935154,0.0295028153251753,0.0375902822805353,-0.00391524313986878,-0.00960705865220545,-0.0444084973748234,-0.0549173732176869,-0.0640255849611518,-0.0749286270267045,-0.123137702701775,-0.124101695625271,-0.145173942323277,-0.149649196698043,-0.139336538776712,-0.117247122579379,-0.113537025844476,-0.068085789944979,-0.0504539384137327,-0.0722273810179979,-0.0504361813360308,-0.0574729140964971,-0.0536858794583353,-0.041273484464876,-0.030499651608262,-0.0280133240705604,-0.0226430388480063,-0.0138569511828992,0.0108982060680351,0.0155077396107736,0.0113530600325914,0.0217368460079743,0.0229744200462573,0.0176853339545445,0.0150682502447107,0.000200668318619555,-0.0076581349113083,-0.0266454399358475,-0.0370268653667906,-0.0394162689916574,-0.0239945785346381,-0.01469509148297,0.00471977302103879,0.0130084382999906,0.00741626978319318,0.0197649705560679,0.00169839966346342,0.0184087191299801,0.0067452639446297
"140",0.126385474574471,0.156773859982591,0.128971296479771,0.0984171738751859,0.0641815775976785,0.0123394473300948,-0.0228384034209957,-0.076758401013264,-0.104525831065516,-0.131747651013079,-0.151829613436523,-0.139366868505002,-0.120753130129843,-0.114951643333875,-0.0797254257677284,-0.0855061918888877,-0.0415063209929985,-0.0455838800474742,-0.00259152750515589,-0.00813507829128162,-0.0466936449349637,-0.0535466159613228,-0.0539024516303046,-0.0765682822501216,-0.0752913208439396,-0.102699423080344,-0.116710998892831,-0.111147803139786,-0.115183133308132,-0.13138646434826,-0.0927646450225091,-0.100152030942998,-0.119230849536234,-0.0797053551619352,-0.0573230640196743,-0.0564792056081032,-0.0710190777834102,-0.0946833434009994,-0.0660555074677967,-0.0506688533712546,-0.029085809768015,-0.0260952979308751,0.00420151962494603,0.0157872223383623,0.00420953223354558,0.0186062531242906,0.0451928574047994,0.0461990827412921,0.0441420886605151,0.0684001010101177,0.0773508381892184,0.0758992012399849,0.0900543859771834,0.103632099551915,0.0774351382052515,0.072330952598198,0.0207083580414966,-0.0152572715969777,-0.0318754281907971,-0.0208520204181662,-0.0305023301654729,-0.0947696680262893,-0.0635557995749743,-0.0156278230310669,-0.067521384924483,-0.115193703631484,-0.0390878392362905,0.00680919814815795,-0.0748861957425734,-0.0889377103258957,-0.0159300004345818,-0.0262158563033039,-0.0938484899812421,-0.114823633261487,-0.16012654938295,-0.171928954220583,-0.215957635373389,-0.261658692179039,-0.252534871318776,-0.251052299854586,-0.230096188425355,-0.191544713665325,-0.181060941012809,-0.208555394852555,-0.0945982408290223,-0.015761736451258,-0.0300014639165941,0.00267714368550912,0.0590797367117656,0.118741272330117,0.159965618383023,0.186114264088896,0.175622853242574,0.194772571588994,0.12503941442293,0.112967796641864,0.0707515876867523,0.0218913564278129,0.0241590352939537,0.0397156192068542,0.0070724138560347,-0.0142653023828378,-0.00565315070254278,-0.0156361038754512,-0.00854008377195152,-0.0072194275234825,0.0027953612462148,0.0204068944817905,0.060091423355846,0.0644898099182145,0.0596973710079325,0.0880940508949777,0.120993997167672,0.153179157815009,0.164796891347828,0.221381175232852,0.194807302748923,0.233466505475018,0.150719352248105,0.132231305351585,0.0655734666529897,0.0572314506379633,0.0900348525877758,0.0875715058254402,0.0454640593225135,0.0240925482452219,0.0223350328653494,0.00901087143551517,0.0316693939591536,0.0737077525675084,0.123850006033636,0.191836189985221,0.242719230711357,0.322979448387857,0.268941445585659,0.358268083970927,0.525731169908041,0.519610836100344,0.686041491762753,1,0.685569114955646,0.485306531158373,0.557746755827739,0.504678235351629,0.298551155475836,0.238710189944489,0.242508669521229,0.11918340725283,0.133988048778507,0.122298879325997,0.138089209803562,0.185699133653782,0.155879228662506,0.135459301337765,0.0981874272816696,0.0585523920956482,0.0228792851339169,-0.0133800201379634,0.0100698294058217,0.0593006602495689,0.0444650852041319,0.0311997477956637,0.0663199811099353,0.0950297471833849,0.0700696853814751,0.061548958456923,0.0889647593387017,0.087697161654937,0.105261127633285,0.0900733356876694,0.0915855919325504,0.0647475433366852,0.0421768911383588,0.0451355096152261,0.000997936514745098,-0.00957124471402076,-0.0460283151217412,-0.0565181145445048,-0.0663405614513378,-0.0752708244322354,-0.119050797689032,-0.117860633266816,-0.134874984793369,-0.139641691473243,-0.12926798459392,-0.110399257539185,-0.108738382808107,-0.0684147738585722,-0.0529100163728177,-0.0733303917278653,-0.0509315405723514,-0.0567535830021858,-0.0521567797452042,-0.0405630374192337,-0.0298247097855432,-0.0243935152887846,-0.0191011223192794,-0.0109036187690951,0.0116522836743812,0.0151120607803454,0.00802759824682318,0.017043689279894,0.0155937020546964,0.00856457706051013,0.00775975676151737,-0.00543673272337332,-0.00989572553540086,-0.0261809719128446,-0.0370446354899066,-0.0411040398800991,-0.029460942176902,-0.0198087307532527,-0.000799061458959299,0.0108925666270322,0.00739382666588907,0.0235678914234201,0.00778330442171807,0.0241973085840021,0.0120494956599951
"141",0.130204664626253,0.140432033971759,0.110905227904222,0.074024887440441,0.0445306723740018,0.00185353109940728,-0.0230170927964066,-0.0716493575958566,-0.0878410556728822,-0.11343598389401,-0.130093375229085,-0.11191577410204,-0.0989365066895254,-0.0929732565451101,-0.0557245247778061,-0.0669890152786122,-0.0216568114843563,-0.0285773536769097,0.0129383353623295,-0.000619524549480274,-0.0411846722527557,-0.0550643814002878,-0.0604088443371715,-0.0864883852008844,-0.089412259137068,-0.109977165393995,-0.116243460163094,-0.110367577457099,-0.113005177971669,-0.116542680772912,-0.0823583547599628,-0.0802274318547368,-0.0915219344982421,-0.0599365362659988,-0.0439964630831448,-0.0397605446866557,-0.0482037394526946,-0.0669031700022823,-0.0409109021089388,-0.023032789397765,-0.00721505490820531,-0.00446396020597198,0.0232800564586134,0.0244229511477533,0.0100071676599796,0.0283776614012068,0.0476775672592943,0.0381671222104271,0.0376615981601723,0.0615939171564739,0.0631864235486559,0.0569274752494291,0.0730885456111754,0.0854985470537165,0.0599381985848806,0.0495859406688437,-0.00293333247745258,-0.0331366806401124,-0.0497739482942146,-0.0323828747617087,-0.0291436875509833,-0.0848571466882652,-0.0522546662974098,0.00731280509618222,-0.0285028664306504,-0.0755127071844217,0.00273156303706619,0.0661066267115381,-0.00569791711843682,-0.0314223519667158,0.0417627509182817,0.042473895700129,-0.0308007808905835,-0.0537416438591733,-0.114912165982207,-0.140099965826765,-0.195130311065028,-0.243043988598743,-0.222134068904159,-0.223826304032714,-0.216634007203028,-0.181099764392173,-0.175983763966099,-0.182803138521285,-0.0695184496196777,0.0107994508007855,-0.0153359058575212,-0.000937716808870498,0.0477057766801262,0.101087652313326,0.139302161175446,0.164310804331574,0.141387839458907,0.152899095302782,0.0822854201171058,0.0620159105522321,0.0322609877566573,-0.0052104872481785,-0.002376143461309,0.0144532928942892,-0.00702685095217751,-0.0233205480168194,-0.0123507137235116,-0.0188429060154388,-0.00978447141502064,-0.00786189762496462,-0.00175989415690243,0.0129191809411974,0.0458666762172346,0.0460416293543779,0.0453704188967036,0.0680779515915398,0.0950633100359188,0.124714835060577,0.123985427206564,0.171628312840559,0.126992254685064,0.156398644454175,0.090636033206437,0.0838565900679475,0.0283989334011708,0.0208878319118635,0.0517933163144435,0.0537563241186627,0.017300989819173,-0.00581933087264269,-0.00207211876480233,-0.00891217481544048,0.00965076505048391,0.0479600386059321,0.082841966913729,0.140017822885082,0.170431828461208,0.232382178681202,0.185114714181511,0.248007612656475,0.416082284648523,0.545875685883441,0.500980624714384,0.685569114955646,1,0.711278560579951,0.465214137121998,0.571026643043381,0.477038176713976,0.305013213509373,0.263812111618119,0.141242966963663,0.136318455166433,0.111364958434081,0.130176981888928,0.172974425989845,0.133277684931879,0.104181657056315,0.0685172376715415,0.028629737282125,-0.00108569398032107,-0.0314499092995195,-0.0110750942022823,0.0282800308278119,0.0156657478466024,0.00496026028017127,0.035498664173241,0.0634550858447269,0.0439009476586704,0.0372367059886375,0.0618652910901792,0.0643892999188269,0.0806707577565778,0.0678580113530228,0.0664507449819075,0.040397292950544,0.0184022624355533,0.0215449662059066,-0.015990218647413,-0.0176792171300224,-0.0484202672529939,-0.0451442457574761,-0.0548587468256008,-0.0549905974553705,-0.0902701925413168,-0.0859157271796995,-0.100363911975843,-0.112908442461476,-0.10733490907427,-0.0976593306877967,-0.103444419664779,-0.0770747417146993,-0.0649858490609906,-0.0866948980695992,-0.0669184341429847,-0.0750640355366713,-0.0728919237056633,-0.0632111694083781,-0.0551072746483045,-0.0515002604970775,-0.044552841519979,-0.0355865010579207,-0.0142912620319175,-0.00769851736133053,-0.0101506881247162,0.00150942566132069,0.00686329788252165,0.0034949243907275,0.00992590665157304,0.00643719603229577,0.0074182359774258,-0.00360878663322,-0.0139142203012575,-0.0220562302574984,-0.0179282801834358,-0.0159109167102406,-0.00710859172984774,-0.00471781575369114,-0.0127428382762711,-0.00334820509906671,-0.020424288901168,-0.00803474681929111,-0.0177881462451054
"142",0.114268482374395,0.118514309535056,0.0747733262659597,0.0364222766833198,0.016542620667886,-0.0184544305087541,-0.0393309880717877,-0.0825490380325017,-0.0947576729557705,-0.114173090063433,-0.133279630461498,-0.112690150063241,-0.0821165002523871,-0.0722499053491678,-0.0162424084714606,-0.0306140463941299,0.0207086416738254,0.0210568497372216,0.0600606142505272,0.0460516324787074,-0.00109674097680053,-0.0232003061472822,-0.0348516846263639,-0.075868052090167,-0.0850244609632165,-0.10870589713699,-0.110439780585007,-0.111610567313424,-0.119197135450066,-0.12943770103887,-0.100613422641805,-0.100186327755032,-0.112564349384796,-0.0759748898790056,-0.0605367755283458,-0.0564133344568197,-0.0670750801441217,-0.0832169654831304,-0.0533301127058078,-0.0402681402928539,-0.0193121887055225,-0.0157301058022639,0.0107578072608322,0.0142793681127243,-0.00230514065149822,0.0112618422860439,0.0319004026709962,0.0243928436098778,0.0202103893660971,0.0404227538644728,0.0448098757914657,0.0419982599251037,0.0544136303833459,0.0643159849933588,0.0452028788786511,0.0381009941404977,-0.0205812435140787,-0.0534369607756782,-0.0669059809861991,-0.043028911177664,-0.035696977261605,-0.0876885592037821,-0.046706000271248,0.0223970703308918,-0.00736394257860595,-0.0528522672429478,0.0369926183325609,0.110754212504945,0.0385866887064042,0.00870695015889682,0.0853997047190365,0.0880087701093073,0.0090575940850834,-0.0197216602871202,-0.0937523398289867,-0.131520194876465,-0.197031480661043,-0.253499652643715,-0.237745744777417,-0.243418193432305,-0.235068976176435,-0.196404803875785,-0.182466595254643,-0.184584485217077,-0.0588040245423547,0.021537780595147,-0.0132660109641787,-0.00356918280058235,0.0461932640454831,0.0956768270840664,0.127244968138776,0.155797199506974,0.117168070630365,0.124619251663749,0.0555455950450983,0.0374287833964794,0.0130633936786018,-0.0252364848821993,-0.0235673578389941,-0.00404931925352875,-0.025171363611237,-0.0399621935855166,-0.0254146850218133,-0.0296103836089653,-0.0202155647394539,-0.0155403574764128,-0.0102980378049917,0.0023603272557431,0.0370030059662363,0.0370009594458749,0.0376837619384183,0.0602515685805066,0.0853383051596172,0.1224538792274,0.114981950395837,0.160877702791788,0.110226219699506,0.132943692528033,0.0749035474512359,0.0645725519727145,0.0171960045348578,0.0145593306624063,0.0474608384707334,0.05378751121949,0.0200824343871834,-0.00447155430914742,0.000583568718587251,-0.0037104359568717,0.0179255500348243,0.0570595380285824,0.0919895768619889,0.153823437247177,0.173149704551161,0.231763610322985,0.163726579914627,0.219181288810647,0.287925400969542,0.461673691345512,0.561465629838007,0.485306531158373,0.711278560579951,1,0.692252001120286,0.499566243308167,0.550115965959137,0.452426520011845,0.309957486231169,0.159897618662588,0.14568449513193,0.111138220160894,0.117883637987859,0.156828643185886,0.102224979781508,0.0705828183194889,0.0354939488407253,-0.00368256510077193,-0.0325779828588658,-0.0624192584851158,-0.0397663143436739,-0.00351067286321661,-0.01840844675278,-0.0276715876045136,0.00752353488643161,0.0340433206353901,0.0125500198129153,0.0115079869168076,0.0411396415461843,0.0390721152356667,0.057815599087542,0.035892139408895,0.0392752990834407,0.0161947240771614,-0.00437911359383901,0.00297454787521613,-0.0295401200878392,-0.0285385255488406,-0.0515594011072133,-0.0497146093593787,-0.0533796324017287,-0.0551645784693796,-0.0921646914525106,-0.0934142179110174,-0.111305019784611,-0.127516996936099,-0.124443754962459,-0.115208008179271,-0.118550546274204,-0.0902655246884573,-0.0752861491815449,-0.0928395939991292,-0.0723765721849036,-0.0799454316076687,-0.0772525745234449,-0.0662839411614333,-0.0601668157364886,-0.0583374185496947,-0.0504846671005204,-0.0396158936916168,-0.0164123419548796,-0.00902100637083389,-0.00911449331998176,0.00225593205055026,0.00969026031980348,0.00821038022072629,0.0114540915472581,0.00657898178754929,0.00483426923619528,-0.00892517425031653,-0.0166875269929207,-0.0231446243809169,-0.0163594426170006,-0.0162080694226707,-0.0066290082396134,-0.00984338135841303,-0.0173034558667774,-0.0124568189139014,-0.0314461821228351,-0.0191029155497657,-0.0264171552169568
"143",0.11318554074089,0.116092878125143,0.0716995963737213,0.0351617735105281,0.0126607958880766,-0.0244778748279989,-0.053850538989777,-0.0955339235140281,-0.110680104393478,-0.123415714743303,-0.140715813918562,-0.120830046085969,-0.074612144665876,-0.0569348003239625,-0.00284435187117811,-0.0105633223163224,0.0324284282310937,0.0362803054904475,0.0631848967416777,0.0538236338833102,0.0128874447613319,-0.0066988274234382,-0.0235923222611119,-0.0652525553575755,-0.0763337384992128,-0.101093715946947,-0.105457194434766,-0.11326459655824,-0.122688687164174,-0.143332045391253,-0.118813448384424,-0.12294231962197,-0.137057934246599,-0.0947923869510418,-0.0809530181178798,-0.0793973761027388,-0.0926663228149555,-0.108274554032344,-0.0773556531307621,-0.0697644103583566,-0.0430840108714406,-0.0384922204452192,-0.0142698342123971,-0.00371070780907045,-0.0170251562812833,-0.00878077268322382,0.0162410442294121,0.0188040203444214,0.0135128395312884,0.0335479695575999,0.0467942125837227,0.0496097750777666,0.0607361679037913,0.0740551732521822,0.0576919980785927,0.0592361599673416,-0.0054962064518653,-0.0371899775392343,-0.0546515505043241,-0.0323107574678113,-0.0213822936100993,-0.0763820725835577,-0.0406826097329513,0.0308078173717574,0.00651372630340247,-0.0443524974707308,0.0409367945813988,0.117515169080609,0.0491351283287123,0.0159833453528853,0.0915936678171715,0.0983034368166206,0.0193961308033983,-0.00836437665777554,-0.0855802675927504,-0.126357380143055,-0.2020079335274,-0.265943176935696,-0.251345938332757,-0.259428889883585,-0.252620052853932,-0.209827985467981,-0.189614428019233,-0.183414584072674,-0.0410521924275222,0.0474862493400866,0.00205220156588291,0.0157271796499339,0.081822888115661,0.130732237674566,0.157063445120411,0.17847772607305,0.128990527260347,0.1228560142185,0.0528391805948974,0.0300058066640343,0.0029126622308104,-0.0321402536432369,-0.0272938565896108,-0.0097883144986007,-0.0351313885189989,-0.0473823185071337,-0.0307249164808206,-0.0336220379302218,-0.0253010592685952,-0.0172712449026844,-0.00979473662572246,0.00121108156852171,0.0388364427141856,0.0466029089650684,0.0476958269519496,0.0775600359294244,0.106889002797092,0.146924326771228,0.131812976070483,0.165784681569993,0.10906602648256,0.115403660387323,0.0568305276775798,0.0448128912126055,0.00323549877149618,0.00276377384985391,0.0343384053051585,0.0429574746506613,0.012282712401456,-0.00980945126229121,-0.00204838937727629,-0.00288817880535811,0.0232802430837346,0.0655953456499902,0.107048099502137,0.162504786244258,0.164226562180446,0.209119141980746,0.130549574333452,0.182713436737641,0.238905727292064,0.308540016045509,0.496664815122242,0.557746755827739,0.465214137121998,0.692252001120286,1,0.667318575234269,0.482301449902142,0.53691283193277,0.445538026088613,0.237582161218768,0.195556695927049,0.160994912966753,0.143558968455877,0.168003391843233,0.107914848478121,0.0689558809019876,0.0349819075964664,-0.0073477451731637,-0.0394670443864598,-0.0714042820719821,-0.0512117669761609,-0.0152039920455687,-0.0287249333449344,-0.0407117741542183,-0.00683165848050784,0.0187730191159544,-0.0035390686862067,-0.00472002502131099,0.026306818872078,0.0245907096795316,0.0470488115256821,0.0304238267557836,0.040368581422278,0.0180117434153607,-0.00169025345103124,0.00306859335610187,-0.0304988859275164,-0.03734299355769,-0.0589015365802057,-0.0662877652355278,-0.0647630418433289,-0.0702215403587987,-0.108892370128239,-0.113616304242828,-0.130741953569645,-0.145090040999155,-0.139857442376915,-0.128317882229609,-0.127408556166515,-0.0944836451467616,-0.0764674161660485,-0.0887919323369003,-0.067234581725537,-0.0715830920496305,-0.06726330090168,-0.0545315855770957,-0.0485958295032366,-0.0460031831045793,-0.0391231662508575,-0.0292789793757078,-0.00666613867468568,-0.00186054613032134,-0.00497095479259395,0.0025368103298617,0.00582351059787742,0.000880939666787271,-0.00126509218602658,-0.0115015051178652,-0.014958131399075,-0.0295233281706499,-0.0354519121416217,-0.0402764722009964,-0.0319910307123834,-0.0289201405088629,-0.0132066396863663,-0.012692285143435,-0.0143740088399994,-0.00621649885830869,-0.0224857865624786,-0.00772232615737339,-0.0129215080467025
"144",0.129133954753214,0.120439369736663,0.0818546138068851,0.0422392545796454,0.0146018297112616,-0.0228664314951473,-0.0526620771368187,-0.0964619531407133,-0.107337278628147,-0.12154414814741,-0.131827967958276,-0.107308887605498,-0.0685919386105705,-0.046914512912197,-0.0068045488145771,-0.0123497886197234,0.0225206782090119,0.0192757379508537,0.0396193272248705,0.0254024290685773,-0.0092419917003004,-0.0277923532267672,-0.0497750719295085,-0.085031050655439,-0.0966585474899062,-0.11417334599275,-0.11768670628119,-0.123378582539026,-0.127048688464201,-0.135595941031775,-0.109971707174124,-0.104962276293636,-0.111958329071306,-0.0756880325733027,-0.0668644344531419,-0.0636686511929118,-0.0721002501982203,-0.0870150128321198,-0.059662445422586,-0.0462016471932806,-0.0247693289674882,-0.0203644862998365,0.00281999700713744,0.00478383088239032,-0.00744273298872813,0.0084021111752256,0.028681704282792,0.0246013178924535,0.0242582915324515,0.0502597904277307,0.058848537360068,0.0562532999143592,0.0734251719954455,0.0922473797915108,0.0693408201018213,0.0670507567939313,0.00547482857865206,-0.0210367209616367,-0.0420867367586115,-0.0142833837369621,0.00750280624803779,-0.0471450898084528,-0.0120983735337425,0.0688539148756097,0.0522649120844898,-0.000578923887391563,0.0836919892594105,0.17143627743051,0.10870018238287,0.0680400516303687,0.143413663633607,0.157780212489146,0.0735927929412437,0.0405697629407827,-0.0501238426164368,-0.104102732552805,-0.192316989521264,-0.26238557392345,-0.23281665426665,-0.245278643964667,-0.253780193084011,-0.213701803347631,-0.200680054811581,-0.173421997038728,-0.0253592620915432,0.0680053481133461,0.00923445192707219,0.0223846317371191,0.0989124521922254,0.151339591674644,0.181847977749921,0.193201973383102,0.138562817965624,0.113658445516715,0.0412312271718016,0.00663992048803722,-0.0157980472782467,-0.042005552760393,-0.0326893157533098,-0.0140091584153427,-0.0339287598591507,-0.0434343650262748,-0.0245213586549128,-0.0257845713230814,-0.014693957026556,-0.00671083740167692,0.00075474757853193,0.0120807032787548,0.0447426243843313,0.0531909053329043,0.0569805051624904,0.0878505341451369,0.117817921218714,0.152946864598316,0.124930413858383,0.143168352452739,0.0760931778308012,0.0709785987205915,0.016173538125175,0.0114490695464274,-0.0258221304726469,-0.0251121555588753,0.00548648109205692,0.0183106271599252,-0.00970984514825426,-0.033084101766307,-0.0194610141460443,-0.0142382298864898,0.010800421014199,0.0524805877806394,0.0842041527727168,0.127643840594414,0.108827224812734,0.147209551803076,0.0729467547914909,0.118965518052238,0.220455378863158,0.266946757922564,0.333014878956233,0.504678235351629,0.571026643043381,0.499566243308167,0.667318575234269,1,0.683029479884072,0.47627947968463,0.505219264159706,0.287388104290121,0.231742036463692,0.19288519665132,0.172298543626276,0.183845181121307,0.123420468756879,0.0711198808198745,0.0387852026936888,-0.0089545056295493,-0.0398530220360499,-0.0716829790171712,-0.0563333706894089,-0.0246454483210099,-0.0366820849115487,-0.051526009625887,-0.023998093249061,0.002266676914252,-0.0178448613659258,-0.0221728630309176,0.00505523965876921,0.00877116137215432,0.0328240531496338,0.0290429601522937,0.0359241292837362,0.0118406167366528,-0.00803403221068091,-0.00708740629721046,-0.0412418045172053,-0.0464842453318006,-0.0706951917036292,-0.0685339958309902,-0.0700863901004509,-0.0667433789387516,-0.0986698773635595,-0.0956802693153795,-0.107008258560111,-0.124784871758011,-0.119716040123896,-0.114964777207062,-0.122362641934991,-0.100769226075771,-0.0863232829644865,-0.102184813603235,-0.0818901399987648,-0.087688838463597,-0.0863434156422455,-0.0743325549445202,-0.0687166656993137,-0.0670180597598256,-0.0603240538907421,-0.0512571211598434,-0.0298034121712557,-0.023040650244966,-0.0256863259919858,-0.0163612738646007,-0.0100633279688344,-0.016689665017715,-0.0111509082663641,-0.0142726033068603,-0.00890859431678477,-0.0164450548415815,-0.0249464171237075,-0.0355935463694901,-0.0376132398494484,-0.0380305199361949,-0.0284448789166578,-0.0298575953300044,-0.0340556134907083,-0.026122425404676,-0.0422877604500232,-0.0292478323240409,-0.0319687551859882
"145",0.0879957807563591,0.0582848876130716,0.020110479629641,-0.0144515578153418,-0.0270970109577096,-0.0439635554957842,-0.0579667120755357,-0.0878591259416961,-0.0823400996888392,-0.089807812386306,-0.0989062332589373,-0.0705081217526228,-0.0356324564055077,-0.0175437856676742,0.0333135296273885,0.0200556032856268,0.0589857853571844,0.058363393378606,0.0778442824744135,0.0584542282546449,0.0196753939419507,-0.00801283658236912,-0.0332899439053987,-0.0784709954082442,-0.096841008172793,-0.109834657079431,-0.101316724901215,-0.109979181459464,-0.116186523258901,-0.115145318636463,-0.0999650114307427,-0.0869787216952089,-0.0858237813909955,-0.0573241701139676,-0.0552558672831515,-0.0485716934834968,-0.053101484980301,-0.0592747528672584,-0.0347295893187381,-0.0232492455160906,-0.00875699781766237,-0.0050772084407584,0.012373136897818,0.00589019304506508,-0.0109784225321358,0.00216127721176143,0.0136725201903274,0.000201022665318985,-0.00264529060192726,0.0152913078983169,0.0155774213009006,0.0103466241947833,0.0236537598287592,0.0334104538682498,0.0179052620148042,0.0104787007485244,-0.042518306113485,-0.0636973416458725,-0.0745805649109339,-0.0339984608829844,0.000127639252007189,-0.0307390233486186,0.0151509838919413,0.106614490910122,0.112366825838123,0.0750955920042065,0.165911686229134,0.268989188499272,0.221685347992702,0.172464695662191,0.240598173843486,0.262943614017198,0.17846326613436,0.138310185991967,0.0297808950755649,-0.0481408231481702,-0.145578571024418,-0.219696918166502,-0.192192659443293,-0.212643253214135,-0.230247305566698,-0.197044831975999,-0.179111365210866,-0.132793434722652,0.00551971950119211,0.077681021738404,0.0102420773923942,-0.00541770361965178,0.0473568071928413,0.0866021329426894,0.109093430831078,0.128022094836099,0.0720570066958758,0.0491193411667745,-0.00771066005103622,-0.0396730383480488,-0.0479929087300494,-0.0631069165147986,-0.0567559643043285,-0.0386924692754339,-0.0467624908418022,-0.0505012185219564,-0.0322805302366335,-0.0298241814823755,-0.0200877798039167,-0.0120846456134221,-0.0101491644597371,-0.00500994280914051,0.0185394171268552,0.020072568541619,0.0254261153076849,0.0421513015719714,0.0600316562260372,0.0964207442418832,0.0672222272672386,0.0820422843694031,0.018531771958266,0.0115279288894179,-0.024538207504287,-0.0228064105562701,-0.0481280343875574,-0.0468171299135415,-0.0207484382489538,-0.00729048296574553,-0.0270055019730609,-0.0485930299964988,-0.0345726424244473,-0.0256305637705804,-0.00705585517058955,0.0266129800707894,0.0451048594921147,0.0802676801232187,0.0547168164926185,0.086512007223592,0.0173163756198707,0.0518206200856803,0.125558512366162,0.203239360020497,0.24188423024413,0.298551155475836,0.477038176713976,0.550115965959137,0.482301449902142,0.683029479884072,1,0.713433660543329,0.462408918031799,0.260835440490972,0.181283907203594,0.132162653743392,0.115004450959103,0.120779746854618,0.0579080051125201,0.010036847892882,-0.0104786826626206,-0.047949705467392,-0.0689621943159839,-0.0945245907794213,-0.0831706558992684,-0.0657387370520089,-0.0775399326713833,-0.0878247903037615,-0.0663340534520283,-0.0478487587392103,-0.0634376561767858,-0.0614386222578147,-0.0394910410993601,-0.0393675693363351,-0.0196674345012153,-0.0265685203552964,-0.0213815193461154,-0.0363457715780636,-0.0499524448117729,-0.0441830819436951,-0.0635940781160548,-0.0561875640790208,-0.0659437408293732,-0.0503357035665524,-0.0465931996255822,-0.0365568810953304,-0.058531076476626,-0.0575915485149992,-0.0689546693451832,-0.0947663452025054,-0.0974562856779358,-0.10273610658812,-0.115045974659751,-0.106886409735551,-0.0964475657847401,-0.110210573176405,-0.095314062141189,-0.103640090071501,-0.103703869482884,-0.0950886019484768,-0.0956701407494515,-0.0972468938342743,-0.0870336360520671,-0.0753347832228742,-0.0555142854040921,-0.0439665020368116,-0.0391965469877658,-0.0277403745918071,-0.0137052295080736,-0.01350649433933,-0.0037860559193851,0.00318794846424631,0.00986661536468496,0.00630457196022415,0.00226895861511432,-0.0103152554235458,-0.016687197708804,-0.027201144324804,-0.0292386845595683,-0.0443637357828479,-0.0533477256232157,-0.0577858647287676,-0.0772823340932844,-0.0716357977724217,-0.0715885097293135
"146",0.0460160728978326,0.0255260874270691,-0.0113085524361029,-0.0379232397603936,-0.0463613784220908,-0.0558243314874252,-0.0705237364831786,-0.087573433931558,-0.0803266509095406,-0.0756115757719029,-0.0859188875313597,-0.0613141945134827,-0.0102965575852072,0.0101244323297598,0.0694832663533833,0.0577567791328514,0.0930598838287745,0.101021884936524,0.110568090768717,0.0962494868781182,0.0602204775758107,0.0314349409884955,0.0047944879688644,-0.0443022526348943,-0.065761407123269,-0.0792286606444711,-0.0689813998107894,-0.0869122923673136,-0.0989868009128603,-0.112695958295804,-0.10996323218079,-0.106872139834073,-0.108879512691389,-0.078408416259533,-0.0801073843798093,-0.0763957701636869,-0.0815392128905631,-0.0816840260607286,-0.0569986835630695,-0.0575213638940619,-0.0366733525523712,-0.0309321084831637,-0.0196305882858271,-0.0170104881179432,-0.0308014390795354,-0.0296817635902291,-0.0157833793271448,-0.0168934148543262,-0.0240164992610892,-0.0141925534850563,-0.00468834421378007,-0.00094533237773829,0.0053794567964281,0.0131886912026479,0.00701653356646056,0.00920319206407296,-0.0590509127392296,-0.0719992506608431,-0.0909813132357775,-0.0650384277174103,-0.0243518538891358,-0.0509092039288964,-0.0268123690385569,0.0591045512842883,0.0877692348580858,0.0446336495373282,0.112712357132792,0.217883075072676,0.194185863784277,0.138526486787854,0.19594084347622,0.232001868938541,0.160864172564473,0.139042386951878,0.0402508363800794,-0.0262746723407121,-0.124698631971474,-0.192972091223145,-0.172939779281502,-0.190183786577837,-0.205677736864338,-0.168984041761529,-0.143799818463151,-0.091756846469217,0.0455453697789296,0.12839837072507,0.0546835752819971,0.0311952575316693,0.0764443206943693,0.0991099869231071,0.100418220171756,0.10807962924339,0.0441901300725606,0.0177667571137716,-0.0329457213249176,-0.0646298849208861,-0.0754755852887657,-0.0862167512690695,-0.0796195424844198,-0.0666753421873887,-0.0764168509447889,-0.075056301226219,-0.0551774860920639,-0.0506687254344417,-0.0445561592421287,-0.0314286985028052,-0.0300337608579687,-0.0300736540287981,-0.00381591552125246,0.00453717858050452,0.0145508036027088,0.0373851107909406,0.0538266385026867,0.0917023227141087,0.0498030109035089,0.0548574505993584,-0.00800910709211326,-0.0190381905803405,-0.0514849501744458,-0.0506400869984963,-0.070095214886654,-0.0687773404734624,-0.0459549632477429,-0.032503011825338,-0.0469317030691412,-0.0655648549902241,-0.0510073194886295,-0.0383932640243453,-0.0194190720932594,0.0155920120074693,0.0347769315060696,0.0631283547674325,0.0267504560429219,0.0505879263829836,-0.0163615368419011,0.0308691685255213,0.0891355679588142,0.134024149896823,0.206476172919815,0.238710189944489,0.305013213509373,0.452426520011845,0.53691283193277,0.47627947968463,0.713433660543329,1,0.63779313159286,0.323165117176858,0.202449974683492,0.144125298949081,0.0924287820590477,0.0794339933851753,0.0215661697461337,-0.0182693731556365,-0.0366602402427499,-0.0680437744191287,-0.0872773220606243,-0.104230215875786,-0.0949859240296253,-0.082651778651406,-0.0886878997442594,-0.0938543776304999,-0.074887684216822,-0.0590820118302545,-0.0702578211268206,-0.064923731121225,-0.0443760320593872,-0.0451380829701988,-0.0302591663601334,-0.0403688612504721,-0.0298015344832833,-0.0409204806152974,-0.0522430275269964,-0.0475740018744327,-0.0604608065680769,-0.0583672536776565,-0.0571337316219131,-0.0522139089050378,-0.0394517803638759,-0.0359681200326834,-0.0566658354397917,-0.0658213094305167,-0.0784767308752634,-0.102700846485549,-0.106432778187833,-0.108980112710662,-0.111354286266631,-0.0981551186994304,-0.0830090615827898,-0.0869940354199257,-0.0733551739576838,-0.0767713456367441,-0.0733804909951635,-0.0652299126329344,-0.0687394738823342,-0.0701096866583002,-0.0610882479085373,-0.0513683159312356,-0.0351493968887816,-0.0278351075827529,-0.0244738777769118,-0.0186641002354934,-0.0086029526479681,-0.00780683625470886,-0.00707954630489573,-0.00602427503093874,-0.00592968243858572,-0.0128011600725539,-0.0109644489707483,-0.0177660791915436,-0.0179760422647115,-0.0268035446627794,-0.024007227327338,-0.0386795303718404,-0.0407847578130414,-0.0451270072753991,-0.059690438767715,-0.0535061957354089,-0.0513384804665602
"147",0.0542433572430019,0.0421347139598686,0.0120749285847499,-0.0154984270556498,-0.034548333184147,-0.0517616572788797,-0.0781976113590221,-0.0971650324280782,-0.0970226566283632,-0.0889727424621942,-0.0936859168942669,-0.070212258493439,-0.00990310182926181,0.0183296883547427,0.0667040345680088,0.0627866928372508,0.0869475497745888,0.0937475685696609,0.0916698830619847,0.0803129976481444,0.0533257772834791,0.0300017845226685,-0.000567978033165095,-0.0424442470834533,-0.0626634250356094,-0.0729000012004211,-0.0695916338312496,-0.0913252624269823,-0.0992442157644953,-0.119941213536605,-0.11686573296138,-0.11776781106057,-0.12136973704999,-0.0879694508800415,-0.090323903531807,-0.0912110444868524,-0.0982482076163789,-0.10024909927408,-0.0778488900000347,-0.080567894120674,-0.0558943031037735,-0.0509027561772391,-0.0409945963863358,-0.0341302056698473,-0.0421860932611737,-0.0405775270902223,-0.0230068350896486,-0.0153379133164481,-0.0189205292143475,-0.00264654705263148,0.0152780525559687,0.0224279517768529,0.033661595280631,0.0541588461297058,0.0447140194221282,0.0668711798431882,-0.00278601839399677,0.0011422770500152,-0.0333632881486295,-0.0250783771640856,0.0224905051637211,-0.0103620923372714,-0.0187211970918291,0.0491665795246892,0.0843645175532316,0.0204697534699032,0.0477785397766575,0.130314040526419,0.109459070091001,0.0492130729180021,0.0932501203134959,0.125932139421219,0.0638569765710139,0.0642064952797698,-0.00318545784299286,-0.0362407494286162,-0.132807392230935,-0.19094935565951,-0.171646594274053,-0.178865539075462,-0.191369240732879,-0.145057860447025,-0.116916711678994,-0.0621539656648199,0.0919734273444756,0.196478101739822,0.117446312676724,0.0927568769810741,0.157737229275453,0.173844848476623,0.166247206801583,0.150957231252484,0.0769692457702706,0.033311259028378,-0.0232769096242081,-0.0601482571506434,-0.0770867126400828,-0.0875083897726026,-0.0777543926859631,-0.0663131508009999,-0.0803216789064841,-0.0788572657801991,-0.0566085539557369,-0.0518640306832746,-0.0438835416652182,-0.0288555347243678,-0.0240932125130845,-0.0214593341013697,0.00809156017247786,0.0251816855485697,0.0359501329261855,0.073223537678415,0.0989654946723032,0.134094169991442,0.0807985209274795,0.062658035700788,-0.00408203906179063,-0.0230910085172658,-0.0586772875920555,-0.0581990845032044,-0.0784122000883622,-0.0772816055076271,-0.0554321036277288,-0.0412891003146897,-0.0560854221830132,-0.0725997260652474,-0.0555008789204533,-0.0413345954345831,-0.0189746277203211,0.0194168124216103,0.0440388969101201,0.0606061037071665,0.0185492657118549,0.0335536797855972,-0.0239764754732291,0.0251987227682444,0.084002334968189,0.114909022300342,0.165149573595729,0.242508669521229,0.263812111618119,0.309957486231169,0.445538026088613,0.505219264159706,0.462408918031799,0.63779313159286,1,0.513571663384888,0.288644555081085,0.231521164412345,0.142895916752857,0.105596726810422,0.0497706937649713,0.00273155085826511,-0.0209834939140672,-0.0557098202575304,-0.0779966345367818,-0.0945273741959938,-0.0854591342811399,-0.0700973617153235,-0.0741401258749705,-0.0811089776826171,-0.0623268764704708,-0.043866499595309,-0.054921821657644,-0.052944549652211,-0.0313527172535406,-0.0281563659366409,-0.0116621073633069,-0.0159870355584387,-0.00637264914756136,-0.0225125327332878,-0.035963362898147,-0.0394186534204049,-0.0568305040811898,-0.065752578834216,-0.0690093347638025,-0.0728128573049805,-0.0594263352336048,-0.056802658726415,-0.0777016980994003,-0.0850149856882627,-0.0927232577899622,-0.112322717990579,-0.110141526013317,-0.108946354233396,-0.108649803306661,-0.0924097849076358,-0.0737785022945531,-0.0756048990160495,-0.0614699143033203,-0.0607484137035702,-0.0576923223493323,-0.04752884452009,-0.0488931803331053,-0.0505593690052524,-0.0454184341200985,-0.0409362535644436,-0.0274456850450448,-0.0249910530736697,-0.0265072038565186,-0.0251470741844786,-0.0193922666542723,-0.025406264088417,-0.0278325131740776,-0.0325875884869766,-0.0305112143199473,-0.0353154997773367,-0.0343552821314672,-0.040772869710455,-0.0432121272473283,-0.0468798976185612,-0.0374910010827038,-0.0450443573234802,-0.0404682371703291,-0.0375250047362056,-0.0451108549693014,-0.0347955352906345,-0.0292569168117984
"148",0.0527296819801214,0.0298657146839018,-0.0010152563618766,-0.0275519503420948,-0.0527662734612451,-0.063467869750582,-0.0956702698332371,-0.108246112764912,-0.102434595273465,-0.0881836315645627,-0.0802652124745835,-0.0505014784522649,0.0134710706219759,0.0502892786372448,0.0923874495993757,0.0903196484755502,0.105864648890184,0.108767812242206,0.0931966821652066,0.0761781841392286,0.0547292881465011,0.0281497998449793,-0.0145649506575835,-0.057882237978184,-0.0834851241160945,-0.0824282002944991,-0.0770422655146177,-0.103831680294034,-0.101235097280882,-0.11267954393611,-0.111212014658693,-0.102637013509294,-0.0970335404766037,-0.0674151102479199,-0.0745629459066293,-0.0801388069663632,-0.0876356519849388,-0.0874897700083318,-0.0714171262044176,-0.0703199759652253,-0.0488047409399662,-0.0470821763442778,-0.043725045355391,-0.0466069005333415,-0.0486724781488978,-0.0410147507488217,-0.0306318899652079,-0.0248615215082705,-0.0201887247963945,0.000952263658847814,0.0179416744293605,0.0262551536324023,0.0446182653955003,0.074240936957896,0.0641933067473582,0.0954497634620575,0.0459242578839658,0.0746079973629517,0.0341047659098532,0.048446687659917,0.126215349449591,0.107224059795583,0.0836453080628707,0.138743906718491,0.188556438123637,0.13020551628226,0.116055506256763,0.148197623904034,0.130740501801507,0.0874858143530182,0.0899588873797483,0.0904413701379067,0.058722966254985,0.0584396021058313,0.0318737878785309,0.000841742253939148,-0.120552576422415,-0.18817118810974,-0.16136412837998,-0.171878854672081,-0.198202898749391,-0.145397884554006,-0.111664925218067,-0.0256298472724803,0.174528433603574,0.354209790647226,0.185391885413233,0.15162401126857,0.245293688099847,0.23395143605144,0.231680625111366,0.157983730176205,0.0740097585540103,0.0127581773577158,-0.0343474373307295,-0.0709237625075296,-0.0834422713210874,-0.0899628234473018,-0.0788520068008814,-0.0679922874113675,-0.0770121240481204,-0.0740191603076979,-0.0506735337758422,-0.0448885042774578,-0.0379408945098358,-0.0216386008415829,-0.015563672065615,-0.0148343021428149,0.00397215255988799,0.022601082049339,0.0397952707498607,0.0832323624134377,0.112010091916201,0.131445950746101,0.0638335004131403,0.0280010802311203,-0.0275987032579363,-0.0466276606551556,-0.0699437176828951,-0.0693071427574577,-0.0809959317012214,-0.0834080510830733,-0.0716506685183606,-0.062826624014046,-0.0700426840978275,-0.0781987719737747,-0.0639410920339714,-0.0492257726084763,-0.0326125753593119,-0.00241069040741641,0.0159731583050273,0.0170604693214779,-0.0208238745125304,-0.0110451375672923,-0.0435703941182471,-0.00966676869788268,0.0303235190117452,0.0481932414920709,0.0735602734915124,0.11918340725283,0.141242966963663,0.159897618662588,0.237582161218768,0.287388104290121,0.260835440490972,0.323165117176858,0.513571663384888,1,0.434531169041902,0.320275454894377,0.199772299564394,0.107927514591602,0.0445123572165969,-0.00779202346740404,-0.0288108426662581,-0.0596071574177721,-0.0766082606732815,-0.0913161548904696,-0.0856253160839786,-0.0777674667863606,-0.0836312722364141,-0.091393764896845,-0.0788757485386544,-0.0622908893580779,-0.072394087375552,-0.0716439976687489,-0.053657570871207,-0.0477056958797412,-0.0306763063296345,-0.0283256156853808,-0.0312093058147547,-0.0496368200470226,-0.0607287633647567,-0.07100358731804,-0.084523846342841,-0.0957140806239816,-0.0961743365363379,-0.0922291185426539,-0.0776473402765793,-0.062592833070231,-0.0718766849252032,-0.0711532972675227,-0.0683807555228501,-0.0892376608888694,-0.0834952404666211,-0.0894668120773805,-0.0975841635420577,-0.0956509494727972,-0.0790410044478324,-0.0848350991369163,-0.075431488042141,-0.0747250330649368,-0.0775431583894185,-0.0665763534888759,-0.0695499877700584,-0.0768589396648021,-0.0753289120548848,-0.0747603564809917,-0.0645248635166738,-0.0613203395154557,-0.0613764528160748,-0.0608281505454927,-0.0498450106991401,-0.061349862568438,-0.0580571295510092,-0.057971411157669,-0.0432361412329863,-0.0375774699927608,-0.0396486189897227,-0.0519818574054968,-0.0690710437229812,-0.0756817895813446,-0.0705275126113228,-0.0831921294540445,-0.0774883624943915,-0.0764000501269095,-0.0802974990900867,-0.0715121302333951,-0.0560942232119264
"149",0.179619009931725,0.180514148632742,0.137763776897264,0.09340804391488,0.0391605071160484,-0.0152315631279408,-0.0784128985458647,-0.12598025498503,-0.152570331599193,-0.161357802584991,-0.150409210227837,-0.121836995988724,-0.0491918238556002,0.00260622771836619,0.0202342905249113,0.0331174346224671,0.0389217906244506,0.0307379886773081,0.0134158552890942,-0.00126559310471494,-0.0149914331524299,-0.0285705762632304,-0.0753018365467181,-0.102740598226348,-0.116480803621217,-0.120439426279212,-0.137678948374856,-0.153357683700487,-0.138178776378398,-0.151092341240583,-0.11687921937748,-0.111078735952667,-0.117786258094976,-0.0763652278906942,-0.0666841970379602,-0.075444458961098,-0.0883794885331626,-0.114311655283842,-0.0952135396536071,-0.0791456004298219,-0.0468942866116898,-0.0437825285748438,-0.02624868602321,-0.0267287805036262,-0.0205739336414089,0.00712433601895311,0.0275853030971048,0.0392025740274189,0.0588415867036948,0.104282100432183,0.126848242085268,0.140046878253553,0.184680380407336,0.238839402384098,0.200833253385576,0.270698507687979,0.194261644098497,0.178459241886773,0.128845078880296,0.157899039601332,0.198572140272517,0.0975642526355025,0.103686246559036,0.164220230912161,0.110219459958303,0.0227820115062994,0.0717609007501918,0.0905485321607388,-0.0104904630526225,-0.0274748651934025,0.0210392618040844,-0.0187462405879851,-0.0814072657485598,-0.105327143926593,-0.129944376481939,-0.140996554761556,-0.243271757283712,-0.317017455559313,-0.282335859766906,-0.286416442889875,-0.294120945203158,-0.236051296801712,-0.219598865591453,-0.184468674578232,0.01242806973086,0.155024959480638,0.0808048992199536,0.182752265588062,0.432356010625359,0.489559163969758,0.508813059212521,0.378968656880125,0.248205251544465,0.154747128486089,0.0757897455614168,0.029747321210702,0.000435712997857243,-0.0297082103854838,-0.00438210899539344,0.0161633576556611,-0.0149169102059742,-0.0257324140081502,0.00521065397415229,0.00204068881478629,0.0151155107562276,0.0315185495636296,0.0553958508272078,0.0703962485403146,0.0934553191567276,0.122264456781536,0.137977561468553,0.219970394221621,0.289861408525336,0.308440564078425,0.209686788470771,0.15561229900123,0.0865495190831898,0.0456183160525029,0.00207699675184327,-0.0182151397767924,-0.0334425901792595,-0.0294034356016889,-0.014352546854148,0.000656784376685092,-0.0178914621119289,-0.0257127271742752,-0.00713091633179368,0.00337631893174065,0.0358419640391959,0.074976122453665,0.107325605568487,0.108361731114712,0.0697811768854891,0.0590533530524924,0.0235315630755345,0.0264515436046263,0.0467777976336727,0.0662188017257276,0.103422041956909,0.133988048778507,0.136318455166433,0.14568449513193,0.195556695927049,0.231742036463692,0.181283907203594,0.202449974683492,0.288644555081085,0.434531169041902,1,0.641465071441928,0.412064755001632,0.305417389766681,0.211031904374946,0.13274967176153,0.0879733760474443,0.0280652402138349,-0.00711645128127419,-0.0457036649976301,-0.035560481123796,0.00021318761402454,-0.0121691749345341,-0.0386933878163477,-0.0165753901943638,0.0182584514310152,-0.00379032933278526,-0.0196950960339682,0.0097755255380818,0.0266714415830287,0.0604643257024619,0.0778628625861396,0.0744185756960867,0.0339387321242762,0.0112720743357504,-0.005186174884361,-0.0526814628625622,-0.0837029926944169,-0.120416535682004,-0.130269504661283,-0.136216594779185,-0.123366192622802,-0.14893443473969,-0.131875965601751,-0.124923408738746,-0.133057994033651,-0.111476004615235,-0.101991989916285,-0.113138031994786,-0.0946707370142618,-0.0778690087669408,-0.0970289048240644,-0.0754272693644232,-0.074546511314261,-0.0807897660887347,-0.0614987711275209,-0.049262087677635,-0.0517383964655171,-0.0595705482166783,-0.0619242418767216,-0.0443788243043164,-0.0460826532294081,-0.0596699195303271,-0.0567825010356245,-0.0562752930780619,-0.0833519449663652,-0.0770833103984142,-0.0890996143044746,-0.0634137019690781,-0.0604448017575702,-0.0794569873660232,-0.0956313814210155,-0.116334888634488,-0.104768037280855,-0.0830803870972198,-0.0708637822401257,-0.0633026109194162,-0.038299125084508,-0.0406986535744329,-0.017844058318961,-0.00435333723051306
"150",0.26289587814398,0.258502232288935,0.201321122176246,0.147359572862903,0.0762073513199796,0.00646645934931381,-0.0704094926787021,-0.129810025453278,-0.168998159365631,-0.187015395491628,-0.164736972430619,-0.135288027958409,-0.0707638735822873,-0.0123186620521075,-0.0194943862912685,0.000734253873807,-0.00464103239801746,-0.0243912530596512,-0.0462252982636803,-0.0638080118647187,-0.0680270815986226,-0.0737426603487597,-0.123820667878552,-0.136013063842104,-0.143620913495171,-0.13874751854511,-0.16748797800124,-0.176682159534734,-0.144616693687817,-0.148493865386012,-0.0992522717489763,-0.0875871088388731,-0.0931087258675749,-0.0538267726265569,-0.0386691735268976,-0.0524756018206645,-0.0670143522132007,-0.103767472441216,-0.0898749555535239,-0.0612589871326787,-0.0307845891684401,-0.034282342012024,-0.0152082500701505,-0.0228808217434721,-0.00611099241253921,0.0347142709998761,0.0546787075831223,0.0691040272042489,0.0983925305099893,0.154999906621248,0.19355632288707,0.208880852358269,0.247415762564191,0.312856926793273,0.311390149062459,0.458613707422007,0.339424732902413,0.26870500447311,0.224823392782243,0.284706731408564,0.299285354699569,0.162167999491254,0.184039106305185,0.242346893535794,0.135548044440109,0.0368504269936583,0.107752952541473,0.10662093547315,-0.0368040258115413,-0.0392041100765998,0.0177713150397613,-0.0517574976747129,-0.12401085096346,-0.162471190612699,-0.181903315053121,-0.190070846786117,-0.284898467466759,-0.362110744327082,-0.321067157102782,-0.324813252686239,-0.329102868254563,-0.272994840270874,-0.265784002026998,-0.248722389353815,-0.0532165763326462,0.0570313232915909,0.0190217391885211,0.147269074721663,0.396278450251148,0.461603280729799,0.557610028058638,0.376013409358556,0.25885184917923,0.184911360729759,0.111370664334534,0.0724249847943087,0.0419522121362237,0.00741781024105815,0.0324711856598606,0.0539431889934599,0.0226052060382284,0.00407331083581517,0.0292162829058954,0.0190217521172162,0.0340746926762555,0.043829461401548,0.0698446442503134,0.0930386742749375,0.108569722275182,0.135619100747209,0.145161616385416,0.224839837091664,0.294533433023206,0.287852287677437,0.210146160935936,0.173890423684291,0.119003756854472,0.0730137053344659,0.0314541208637503,0.00642591888020512,-0.00656091644080235,0.00140801303817997,0.0160177620586345,0.0307783741221718,0.0114952401974645,0.0044645947737142,0.0207506386674897,0.0269814489602718,0.0570583577107987,0.0874881321895813,0.119385986145393,0.125010375342704,0.095736237926733,0.0768093942982194,0.0449724933504002,0.0283663488579498,0.0408789499341573,0.0529757205238407,0.0953178289130611,0.122298879325997,0.111364958434081,0.111138220160894,0.160994912966753,0.19288519665132,0.132162653743392,0.144125298949081,0.231521164412345,0.320275454894377,0.641465071441928,1,0.603059532718209,0.420407914373187,0.275342385263785,0.187173838577866,0.127723350294261,0.0650601299465142,0.0300898742014181,-0.0122034600444766,0.00249872648622978,0.0452260950274426,0.0282055253919877,-0.000567288067339351,0.0283779745093171,0.0675135237540871,0.0406487746067148,0.0205123493564972,0.0545576594883966,0.0754417398494833,0.113835137573213,0.133735898478624,0.115811220673499,0.060468345645534,0.0353569276759985,0.00868567135318555,-0.0490754543498855,-0.0890697026121941,-0.143782633698715,-0.153670002434511,-0.171086211089452,-0.150515260557341,-0.173519039353274,-0.140155241777645,-0.122523432497728,-0.122829374730504,-0.0903106851419092,-0.0782627622919901,-0.0969026228046827,-0.0834567842340337,-0.0680679636182573,-0.0974795449465735,-0.0764494153947864,-0.0752436386226791,-0.0894466848625133,-0.0657167671941318,-0.0452332815363961,-0.0511376998225268,-0.0670961010311527,-0.0766059734008298,-0.0610262068074282,-0.0656618874716801,-0.0821237464646416,-0.0797842958223147,-0.0795402601434254,-0.117592606981769,-0.105689935310673,-0.119778863403804,-0.0807530684099213,-0.0688941352923239,-0.0987942017466467,-0.120533406092029,-0.153165503849508,-0.134446228020127,-0.108825002541284,-0.0878506588979136,-0.0789330070562285,-0.0459125114452265,-0.0411792048367562,-0.0135001381492521,0.00568150150048025
"151",0.360940248225352,0.332317793938445,0.275713408490663,0.212980678864097,0.139239623834151,0.051720651103712,-0.016808522405894,-0.0920372743259303,-0.138944154479593,-0.171129954076883,-0.161317943764074,-0.142719273636551,-0.104737844460323,-0.0624563612687514,-0.0806271722870813,-0.0613888561882021,-0.0628023286239483,-0.0853397040964049,-0.0894919896604117,-0.101333651065918,-0.105293244138529,-0.100441578608063,-0.130406230064611,-0.126923742216599,-0.121701426307814,-0.125071778928575,-0.157006312599141,-0.149275607453432,-0.12443709703856,-0.127420953449471,-0.0732283002011762,-0.0689717079001066,-0.0821257412255728,-0.0480749771242243,-0.0272073208104942,-0.0356796646120606,-0.0458734115208689,-0.0858657362496448,-0.0708464779035442,-0.0412092849652887,-0.0145708022128423,-0.0125167242798772,0.0158288758615643,0.0154427874931665,0.0286423858336177,0.0688158079059307,0.0926450362629704,0.104808375606141,0.131993850662785,0.183304568018685,0.20853818358474,0.225305104878119,0.267217735343243,0.298648874490366,0.270773618677062,0.343067067318992,0.236924266576619,0.160422536369214,0.135464381665556,0.189347576031277,0.183733781640018,0.0661666355120104,0.1041061619372,0.156345863945804,0.0489609769164348,-0.0257001362981457,0.0550303684427776,0.0585117695856079,-0.0749803520414115,-0.0673003122144967,-0.00290980492692726,-0.063554475569754,-0.131158698264746,-0.171036716200974,-0.195610861195328,-0.200448118184807,-0.268388979755611,-0.332472945233611,-0.291836784240146,-0.294770417478138,-0.295449013305813,-0.253498118415792,-0.258538283798146,-0.261320871021262,-0.110799908155199,-0.0245257461228182,-0.0416566513742019,0.0570656168786675,0.218515081875411,0.346453322849974,0.526495084632795,0.406284097287953,0.302013907182974,0.230561483798895,0.150717982971808,0.11373228773922,0.0771206337422073,0.0433772090124365,0.0679327552572753,0.0829478900161299,0.0483219288888302,0.0279012953580525,0.0433261555553137,0.0274546527423189,0.0381221115939446,0.0431821916115851,0.0686242483234114,0.0915507765307147,0.111306992478878,0.136006810342826,0.131802904809638,0.192713271017417,0.264629454851442,0.277917591871396,0.221467945373063,0.202665041197322,0.149476153061413,0.103588195064291,0.0563371864911595,0.0256327596974041,0.0113229406941891,0.019088787838845,0.0312234349977785,0.0453977253238279,0.0232219753590689,0.0156629215305102,0.0314230360628256,0.0357052069144932,0.065783643856866,0.0954961983027258,0.129016504215951,0.138937668464958,0.114600352055426,0.0940354637411748,0.0659967974360835,0.0520830982744045,0.0653523784887133,0.0785229238672099,0.114840575879446,0.138089209803562,0.130176981888928,0.117883637987859,0.143558968455877,0.172298543626276,0.115004450959103,0.0924287820590477,0.142895916752857,0.199772299564394,0.412064755001632,0.603059532718209,1,0.597757859614368,0.348113432386139,0.247805132914539,0.182412115440341,0.109995860459813,0.0664584740593385,0.0179289588179021,0.0296566318201502,0.0829744396646513,0.0719614433390079,0.0371877418425311,0.0650054928000519,0.109487547472358,0.0848006529868797,0.0563532128085515,0.0885877554153739,0.114300247900898,0.152537915559296,0.179809873575629,0.177991130512133,0.120289451329103,0.0940355148927314,0.0731692408470259,0.00602592269608051,-0.0317576003983098,-0.0974525619775512,-0.11232642064966,-0.138505836114598,-0.130451769424218,-0.161634602844714,-0.132411210990308,-0.122635078296993,-0.117165577200868,-0.0879445353375244,-0.0696426763691688,-0.0819918524133561,-0.0588102639567058,-0.0502005735441536,-0.0809875340948286,-0.0568505707157774,-0.0595422942606516,-0.0688788092361011,-0.0476806721118438,-0.0217107844315415,-0.0169871522488829,-0.0306337622332701,-0.0345385963886732,-0.0160941849367958,-0.0209471819399614,-0.0405616105341111,-0.0358764504457333,-0.0446177578615016,-0.0751846482906446,-0.0647651780102492,-0.0797845391046774,-0.0515528466518549,-0.0496893128052475,-0.0787801718813228,-0.0948835359520007,-0.113367650549861,-0.0905800388039606,-0.0641146928568505,-0.0315954924208969,-0.0266551945939252,0.0125742554936254,0.0122970816104267,0.0410194473706078,0.0449195577433861
"152",0.360235630823264,0.505843256853933,0.417177999456088,0.336438535438851,0.2418361107787,0.114291232125697,0.0443159710924442,-0.0590813704117649,-0.120502384853499,-0.164680478758429,-0.169085433341625,-0.162172350645808,-0.136086149141421,-0.105743296945949,-0.124378856640484,-0.106353340359264,-0.100107081511681,-0.122282864723496,-0.111119945104033,-0.117219480855124,-0.124964965315396,-0.112515339928365,-0.126874067745403,-0.113493206316142,-0.0961781980883044,-0.109332527739205,-0.146758224759855,-0.123198964688185,-0.106121019897703,-0.11615201771438,-0.0554928297350941,-0.0684826507348529,-0.0939348333566075,-0.0604778662947511,-0.0331914937970894,-0.0414227334526284,-0.0508498141711405,-0.0941796013233075,-0.0799430838739182,-0.0546125263174979,-0.028277245495678,-0.0233312901245018,0.0130184723395309,0.0289107644267342,0.0433213972928968,0.0781301086200152,0.111085859617498,0.132509728233102,0.158855672055877,0.204977336033352,0.223924049633816,0.245841325104374,0.29092023858298,0.303076090811053,0.245835236287072,0.279531501645832,0.164568874864129,0.0851987254840042,0.0579963676180029,0.10223144151203,0.0828985486403225,-0.0378280379425574,0.0143032948739966,0.0719480003381789,-0.048331972332161,-0.120844276852726,-0.0207272311770758,-0.00443470783459896,-0.149121933436317,-0.138529876989558,-0.051677302667173,-0.107102904149446,-0.185672164714852,-0.225692964010938,-0.258763475466969,-0.254790206911683,-0.315227496109096,-0.382002453068168,-0.337972486344696,-0.339477551330011,-0.332963010487715,-0.290319924358235,-0.301765849738826,-0.324321362412522,-0.173767271964534,-0.0836135917468998,-0.0765810968136831,0.012337857761764,0.160897030385619,0.31701880089003,0.474501082085833,0.546389734972721,0.427179122934167,0.348647878844704,0.226655856656164,0.174721317171238,0.114447628835817,0.0713744377069197,0.10473430948977,0.113870535854751,0.063057180805686,0.0396353807688906,0.0522914640431679,0.0305018514083054,0.0381086064199087,0.0441851121573518,0.0764464791191948,0.102263846685586,0.138652341881807,0.171178348583624,0.157863212829752,0.214981161920791,0.302877117330788,0.36210916730194,0.300896387053556,0.287077934941337,0.214915853166999,0.162213642417992,0.0890288948611648,0.0424019668772092,0.0185252280232469,0.0262173694156019,0.0398733000348302,0.0567477796477373,0.0252138939337144,0.0150367180634401,0.0343459912881565,0.0390528477620381,0.0796929312037652,0.123919447166847,0.173157809542516,0.190680697159542,0.162423651300377,0.139159576935349,0.108556081648691,0.0970430439002269,0.113045466874372,0.130966164536504,0.16708550141946,0.185699133653782,0.172974425989845,0.156828643185886,0.168003391843233,0.183845181121307,0.120779746854618,0.0794339933851753,0.105596726810422,0.107927514591602,0.305417389766681,0.420407914373187,0.597757859614368,1,0.631335064497129,0.392561623377914,0.299490820810753,0.183850342690351,0.119040105451385,0.0616152451067192,0.0708610175528856,0.142916854714172,0.139552123324387,0.0924919708719233,0.119539032568268,0.17803435926963,0.153576046578165,0.108042842857179,0.142288988098946,0.181283873966923,0.228440744407748,0.2796004023225,0.286047132257941,0.215423528790586,0.186104233329142,0.166648025892825,0.0775562459478183,0.0284012499522581,-0.0515605906488679,-0.0842823049707125,-0.116981586062931,-0.126451468832377,-0.168779893336312,-0.148020029907203,-0.144229952168033,-0.12875753658907,-0.0983579775311682,-0.0681660329325057,-0.0684764734857461,-0.0286132356911818,-0.0256945115566343,-0.0582468673656946,-0.0275095991131826,-0.033900359132853,-0.0373085951375107,-0.0170492283538802,0.0174821517345425,0.036305908195339,0.0190260240463586,0.021176268777436,0.045358682074214,0.037302208801673,0.00760141652777539,0.0114746620182305,-0.0115244372206309,-0.0382012314292468,-0.0378813396483807,-0.0639088092207088,-0.0511543905640047,-0.0631144102771484,-0.0900998880135336,-0.0949878764953991,-0.0926005430474459,-0.0588343367783166,-0.0213618797445738,0.0292515341296765,0.0377993370663826,0.0937269256220144,0.0884188151270625,0.121984579167704,0.111799428317138
"153",0.269729802364612,0.444057148002106,0.510047577391491,0.471103994451756,0.348866960755199,0.180203332908849,0.103125216133345,-0.0163435001249409,-0.0920736322396253,-0.146672786366215,-0.156804644197849,-0.164494640316447,-0.162713401167437,-0.143230544900809,-0.188022019120956,-0.162633048942575,-0.166914778424316,-0.193352467540805,-0.178607809119949,-0.174838833950131,-0.169862683653706,-0.139229194527067,-0.135868136925989,-0.0968380003903398,-0.0647029170174948,-0.0795434480490325,-0.124943059675914,-0.0866873024196511,-0.0701058474849183,-0.0823053867940184,-0.0158858142740687,-0.0430698517857215,-0.0776445778522095,-0.0514067108962826,-0.0194437602998503,-0.0280613762773436,-0.0339311590410017,-0.0809353297742056,-0.0712178366725927,-0.0465841052887955,-0.0231932006352584,-0.0116260160217986,0.0273858467832635,0.0538532098470615,0.0750353593680907,0.106530138745897,0.141169763635674,0.171950778206137,0.199572016480834,0.239432007123976,0.253043163868609,0.27396837898803,0.319925022818307,0.313198825396608,0.235911171580481,0.202806378916621,0.10195530749272,0.0319805442829489,0.00559449536300449,0.0308619396955304,0.00386236461003248,-0.0983944027771241,-0.0546658781149427,-0.0114540784538092,-0.119095275343563,-0.175852059907319,-0.0869348873883587,-0.07259467328861,-0.19711528366795,-0.182529772557315,-0.0990331895559313,-0.142248931187459,-0.209839965778921,-0.23992594326526,-0.265897695232492,-0.248554085906399,-0.291659929919935,-0.345402846177517,-0.301563770539188,-0.299829782837044,-0.293094446165702,-0.257961632403871,-0.277032211273948,-0.305309666846226,-0.186131163744323,-0.10286757894127,-0.0832840614028507,0.00211487667379317,0.11396342112275,0.252639716274778,0.38348043771716,0.440200381894016,0.496418679430075,0.406309813181473,0.28570268043165,0.235892469477099,0.153637180116127,0.117302902177559,0.154296771492619,0.144810197412152,0.0862880724307671,0.0654145889062612,0.0653798427208237,0.0357356055045795,0.0346906770054208,0.0362348051341194,0.0706413463825283,0.0956472810386198,0.133452250074242,0.169329970507625,0.150761029199552,0.198330552146946,0.274044219695958,0.305519460815559,0.298675812852613,0.298745375935677,0.237473767419218,0.185907080154493,0.105805586724704,0.0516677072327533,0.0260617560943998,0.0267497537533231,0.0303615468449298,0.0406136668236469,0.00805158919739267,0.000890262807018414,0.0189608632368144,0.0214435089778369,0.0602319613254474,0.10343376844816,0.156178812723413,0.176501913617038,0.155195474125572,0.130538691213768,0.107030843829169,0.0984009008522321,0.115364035285656,0.113656128267134,0.131910640000998,0.155879228662506,0.133277684931879,0.102224979781508,0.107914848478121,0.123420468756879,0.0579080051125201,0.0215661697461337,0.0497706937649713,0.0445123572165969,0.211031904374946,0.275342385263785,0.348113432386139,0.631335064497129,1,0.623125247971497,0.41527445665324,0.273084221636646,0.206824051324769,0.136898390201465,0.139850247508978,0.220824860117391,0.222272615343853,0.163357562946043,0.175272405547558,0.231148401819049,0.203880246657587,0.148066661244771,0.176566347734971,0.214435899669944,0.266398189202963,0.33282045849493,0.339116540260751,0.290890176750409,0.274795885524328,0.252889602168372,0.147913914038346,0.0876220728482014,-0.00806176652124627,-0.0544810608428115,-0.0962532952445024,-0.118564479069827,-0.164300420435863,-0.146038100524014,-0.14335183395702,-0.114771547759271,-0.0814127837314953,-0.0409995179634901,-0.0308054340443627,0.0201170147489042,0.0140025911273234,-0.0219452387697957,0.00894281592496056,0.00241409056205588,0.00448953033722748,0.0218360344509384,0.0611516826378227,0.0908327799787677,0.0726052236505476,0.0759812682187748,0.0957515935284587,0.0839204914643566,0.0465868735820253,0.0472782002240857,0.00883648730271119,-0.0154517436065971,-0.0203426926478656,-0.0500726468006543,-0.0435807684323581,-0.0602796209032875,-0.0870860767814029,-0.0866544292944175,-0.0746523411948669,-0.0317283112118806,0.0110468650040478,0.0832007464131369,0.0940564355528188,0.162953878641897,0.159844474996245,0.191844775669903,0.166058449647402
"154",0.216662228779513,0.376061161654521,0.437010375163834,0.521487872216038,0.375234643362044,0.207302428855632,0.134532518001133,0.0213969067776188,-0.0530859740941084,-0.109395600425661,-0.122563129831625,-0.141004551544935,-0.17481362789215,-0.179694909736962,-0.227596749717013,-0.209161943099978,-0.205726067220108,-0.232230782848015,-0.198393655309751,-0.189497490412933,-0.187008851741911,-0.149808006341558,-0.125774565045329,-0.0785720667843613,-0.0390545008433469,-0.0532928989318455,-0.0969310821692437,-0.0485049291152595,-0.0289311096019434,-0.0347664862412317,0.0335181678917322,-0.00189329709874223,-0.0381913695172678,-0.0232300111717535,0.00961083883121222,-0.000478852613062173,-0.00375140195282355,-0.0477368136680252,-0.0496047268167394,-0.026572559902901,-0.0182570710585272,-0.0107804231285288,0.0209644369623959,0.0478912345183775,0.0728350610111508,0.0943596215940748,0.116785871598765,0.149971082038376,0.177441841215624,0.193800308147115,0.196877195201394,0.219107545829552,0.252194347329345,0.239441904600047,0.174328571097132,0.144802647415373,0.0687232674609152,0.00886262583934305,-0.00893644981025981,0.0068209407868159,-0.0237019937940785,-0.111347839367209,-0.073690410540152,-0.0443738306680171,-0.14319240099024,-0.190573679912896,-0.114697959916881,-0.107661997318899,-0.217882735720919,-0.201881242285484,-0.128271525998768,-0.167289185709722,-0.223768398876796,-0.2452946206815,-0.260056916680459,-0.23632260837207,-0.257671497786066,-0.295595176434579,-0.270075378823931,-0.263810542954866,-0.244107494215425,-0.213685355072127,-0.22711314303177,-0.273701293253509,-0.182291778799565,-0.114299059169247,-0.0837011094288825,-0.0136357420488154,0.0687471679073819,0.181042086214731,0.282283576807632,0.341640217084111,0.421728404563355,0.482174319401103,0.369287222146293,0.303194310830891,0.193972914634592,0.16060645879245,0.205151825610933,0.177722428029133,0.115697502685277,0.0971993340707488,0.0785377956491786,0.0404902955838441,0.0270645541516495,0.0215431692609976,0.0534676643085313,0.0743772620570032,0.110439111187866,0.140740850706857,0.117306874087283,0.151475122464059,0.213188395991367,0.242272885332311,0.263677681742225,0.30608595201595,0.26931090812224,0.224658350513323,0.131602022787949,0.0671248495196538,0.03656628829709,0.0303965731520855,0.0255208841834764,0.0286142390074277,-0.00525483220328644,-0.00953234270244418,0.00484388310678351,0.00409212231071855,0.038850883628846,0.0807569830417616,0.135466615459833,0.170526580095735,0.16266987148882,0.142276502497954,0.128179053244666,0.116229040495337,0.126412888917113,0.114368252506473,0.12227105049815,0.135459301337765,0.104181657056315,0.0705828183194889,0.0689558809019876,0.0711198808198745,0.010036847892882,-0.0182693731556365,0.00273155085826511,-0.00779202346740404,0.13274967176153,0.187173838577866,0.247805132914539,0.392561623377914,0.623125247971497,1,0.665057482221914,0.38033877534021,0.286147464296483,0.210728874048934,0.21262793001319,0.302402778465554,0.302482545486353,0.241389506116266,0.246707746704139,0.282150232777063,0.251188633555006,0.20483652407794,0.218090497636398,0.238235032394028,0.273595671703056,0.325456417737669,0.316515920212443,0.281894605605169,0.290749943920591,0.27001662062915,0.170137948668681,0.110889909520818,0.0205788982397217,-0.027370300272224,-0.0685102573726543,-0.0936441483251897,-0.131863442499925,-0.117062713930733,-0.11379422019165,-0.0761011202381162,-0.0442841406476844,0.00105308150478003,0.0160133154349892,0.0674830829933169,0.0528260946175318,0.0120198926810203,0.0314649206458227,0.0219459466965933,0.0230265780108015,0.0346173454909793,0.0714767417650819,0.100145564673846,0.0836345766912838,0.0887566837006476,0.103027743743533,0.095112062346213,0.0582464629202145,0.0587336996902174,0.0179645628528459,-0.00206779026551034,-0.0128303955702908,-0.0428881920303036,-0.042697153163297,-0.0580428897127818,-0.0808445713994591,-0.0760866206589463,-0.0577315731407351,-0.0150067733106906,0.027957000074684,0.101821032188075,0.111280010357082,0.176805626797158,0.171762635850406,0.192477674001164,0.16059988680716
"155",0.163736046420593,0.286061195239613,0.337036484362625,0.406948047363346,0.378163158027558,0.25096805768187,0.16057210598891,0.0532457029186986,-0.0164221956353572,-0.0729105127622372,-0.0852116441643275,-0.110899341074105,-0.160220271173035,-0.17085452336553,-0.235075627124794,-0.210723741375932,-0.222037792200092,-0.2472718809682,-0.222834238155406,-0.205635841018043,-0.189302065991268,-0.143568735665626,-0.11483400856747,-0.0617148239011858,-0.0210137855956661,-0.0334193077437352,-0.0709942486838007,-0.018358734770226,0.000109154437117654,0.00607537186664277,0.0741778542787789,0.036775906798129,0.000961504564298649,0.00516764205436587,0.0368041809700748,0.0307714960654127,0.0287162078418329,-0.0124120920237475,-0.0215026767407015,-0.00077017033212992,-0.000982024745826787,0.00801291249959313,0.0347518642396379,0.0595026305112251,0.0798827556465871,0.0959122259046859,0.113753098772231,0.141079354531873,0.161714744124806,0.171065092182216,0.167092891277811,0.179654089885214,0.202524635320951,0.18734059194199,0.135690984674993,0.102189960825149,0.0453966001679016,-0.00785757240301186,-0.0168405127616128,0.00164311112851067,-0.0282382805804003,-0.0952110925008226,-0.0555438621924007,-0.0327943088344435,-0.118312082470599,-0.147395348878407,-0.0808578491977432,-0.080088786543923,-0.170340323250813,-0.148373866842725,-0.089003054411151,-0.125055384307517,-0.16765464646777,-0.192692688898814,-0.205963293358387,-0.190683902747322,-0.206247659408878,-0.243353978076808,-0.228487173065277,-0.229129295550423,-0.211400847965716,-0.190491567478105,-0.196511116062557,-0.236223179527831,-0.163010831299075,-0.118525332608331,-0.0938495546655466,-0.0339093652304641,0.031870500166904,0.125692197600449,0.209781835632978,0.27463903334856,0.360092701932889,0.391942310704556,0.417290915141962,0.335499820903558,0.207859822430582,0.190147338625809,0.246595176471801,0.195637581250059,0.128278042634489,0.120064011350062,0.0935147708299911,0.0519860215426744,0.0313293938208328,0.0233351355426996,0.0539671667370447,0.0694548318663235,0.0937338812530077,0.116402478567515,0.0968585012559912,0.121017020318086,0.163420480052781,0.191963772246793,0.215995448298592,0.250518894386551,0.250713894041551,0.21251076420565,0.124588907468329,0.0617216721530924,0.0339012871538518,0.0209209850181817,0.00541354406071507,0.000908706923341106,-0.0274699087941368,-0.0242198609766773,-0.0112524322640243,-0.0117053790135608,0.0176413358210495,0.0532363197752565,0.10226873713033,0.124150714858127,0.130759169747597,0.113417401278266,0.101038218469586,0.0921440797936571,0.101710004400177,0.0788962389063165,0.0819495880765807,0.0981874272816696,0.0685172376715415,0.0354939488407253,0.0349819075964664,0.0387852026936888,-0.0104786826626206,-0.0366602402427499,-0.0209834939140672,-0.0288108426662581,0.0879733760474443,0.127723350294261,0.182412115440341,0.299490820810753,0.41527445665324,0.665057482221914,0.999999999999999,0.538214166618649,0.413553215014585,0.299482123673839,0.258020104633246,0.331861900639145,0.314382970113804,0.238619669902856,0.222512098568867,0.236886232675327,0.201772650471966,0.157288574163011,0.15790182401067,0.164088670759648,0.197795486719972,0.248736536965686,0.242171869809151,0.226549036581819,0.245611708661737,0.259191632969241,0.183799263924662,0.129904107570436,0.0456830620079236,0.00221623778515737,-0.0400418360860098,-0.066011533867078,-0.0955948985798398,-0.0827436813831475,-0.0790878262912176,-0.0372160070297347,-0.00865103477261943,0.0372988557641521,0.052394945758698,0.0953992329506891,0.0632195423141083,0.0190668647485675,0.0285774761214258,0.0143030535098675,0.0135705810758144,0.0193189369603003,0.0486342155860165,0.0730716232351081,0.062981178865216,0.0725045228757117,0.0853010492381433,0.0865807966598831,0.0583374797260792,0.0618557954113548,0.0218538424935631,0.00910344609021415,-0.00117840574089069,-0.0228886522101054,-0.0234334169971894,-0.0362899067111144,-0.0549664192448696,-0.0502398262290214,-0.0334105097329503,0.00565187460226922,0.0412500491783931,0.111613434404354,0.112301017998695,0.160460983705377,0.143926105190233,0.151845509385915,0.119631919900554
"156",0.10820889405172,0.19361085166853,0.238730683347488,0.295430394293097,0.25590856525269,0.201403094593062,0.130031121882233,0.0800452733006397,0.0236940057844818,-0.0210968422605245,-0.024237703621708,-0.0582351500760764,-0.146366023193374,-0.18409900600679,-0.247723636162564,-0.234468043339973,-0.238365581920882,-0.262569242434176,-0.222319268966177,-0.202881460935291,-0.18905534874445,-0.141321362276784,-0.0948181120715133,-0.0379139559250104,0.00384841750636766,0.00176399692441874,-0.0299873635340144,0.023664400920751,0.0556271245497566,0.0719506850006792,0.136378492127836,0.096818515813363,0.0662512501471398,0.0491438412170936,0.0790262735063009,0.0680235096465303,0.0706383670229051,0.037103949660731,0.0100011395046338,0.0280897625531762,0.00886078725295464,0.00542899722403596,0.0144078177989961,0.0291493834737218,0.0534332207437961,0.0606011369125143,0.0634265626054354,0.0872229006876603,0.106363595684663,0.103124541725104,0.0982235589121213,0.111002897945191,0.123536981229336,0.107271407810065,0.0769373030148781,0.0587867558436962,0.0306474590756485,-0.00631587217039988,-0.00636101774663763,0.00265863828769701,-0.0254109490317348,-0.0718639224335447,-0.0441821776055221,-0.0387631806511212,-0.106655169644706,-0.125426871619159,-0.0814575055217238,-0.0915608645128577,-0.15936367793805,-0.138876334597815,-0.0994020393734218,-0.130755570122519,-0.15702465140809,-0.17166984279814,-0.17046838089856,-0.152679014409934,-0.147049943009932,-0.16495279610436,-0.172482869813471,-0.168539161247389,-0.139023208403957,-0.12365562227769,-0.120324252196058,-0.172409210122267,-0.130998361503623,-0.106939011082759,-0.0769336525759352,-0.0361858161869039,0.00177469116069326,0.0596527213241641,0.118218033477774,0.16618595393421,0.230520695263172,0.305785836688463,0.432932118271659,0.418900890511839,0.264295251777681,0.265981704459335,0.320910430337937,0.239347985703071,0.174109793242641,0.1698506690512,0.112477852743121,0.0620881091667683,0.0283224504498479,0.00813453451049923,0.0331294971825078,0.0448314270569741,0.0556286920109294,0.0685543757523003,0.0474771885839539,0.0565720378598861,0.0873436264741078,0.107608435639266,0.142951196809144,0.185528524769949,0.242164333714445,0.225727171279117,0.14197531652525,0.071467456931595,0.0468885268514726,0.0267709821388948,-0.00295581820693592,-0.0209002433757731,-0.0425455172828079,-0.0297824920799165,-0.0256071871709648,-0.0322911779151584,-0.0131588176328081,0.0120225756403542,0.055065233383393,0.0751508699265722,0.107916776990717,0.10023394136362,0.103623623975564,0.0870397132093084,0.0885323384069389,0.0567133606281974,0.0507293460595725,0.0585523920956482,0.028629737282125,-0.00368256510077193,-0.0073477451731637,-0.0089545056295493,-0.047949705467392,-0.0680437744191287,-0.0557098202575304,-0.0596071574177721,0.0280652402138349,0.0650601299465142,0.109995860459813,0.183850342690351,0.273084221636646,0.38033877534021,0.538214166618649,1,0.555839542095571,0.398913310872935,0.339850677908033,0.456880228931374,0.439532443068681,0.331768763397383,0.303672900320174,0.281353422234397,0.243337206210499,0.213508109163651,0.190496249166138,0.170324002079268,0.174868846277362,0.191312395532729,0.173941000084525,0.160519123484454,0.176434947594927,0.179240910926386,0.133220054603775,0.0957914691571451,0.0429925046457347,0.0124785736822662,-0.022213245608289,-0.0369045128495133,-0.0454522440737535,-0.0318498337437549,-0.0196966878905037,0.0314535600237481,0.0591657595620896,0.10198551839247,0.119997530591278,0.157264051305225,0.109508087267482,0.0602148069744202,0.0499041058806451,0.034573054489546,0.0274395674508281,0.0272779816278729,0.0489184065917301,0.0605474547176855,0.0471335540849464,0.0461669122561164,0.0526850888663952,0.0503483288912586,0.0327486694525711,0.0327388846968374,0.00580113636554951,-0.00500020511138629,-0.014503984510965,-0.0319159331058751,-0.0306398163121461,-0.0343496524679377,-0.0484947267209218,-0.0429016038444615,-0.0323677569253629,-0.00126930239932505,0.0220740473044121,0.0710258423195859,0.0728177070757907,0.106053842773154,0.0991194179138651,0.104247230330666,0.0868878612877906
"157",0.0728603259475409,0.13594859792154,0.177011187005996,0.233804743242453,0.202750630831692,0.174915507902857,0.119539411288302,0.11078043251035,0.0646578431447087,0.0285042075936499,0.0352892700989003,-0.00770930720004622,-0.126055809158129,-0.183960322493201,-0.249465248174343,-0.24402086641647,-0.245850593564504,-0.269341908587129,-0.221281250217918,-0.199991151271291,-0.18526019850417,-0.13599550011339,-0.0776156905185365,-0.0191250206281044,0.0228067511265494,0.031445853169229,0.00681543481013391,0.0646620318957394,0.110638972200525,0.139007966480656,0.202607339374714,0.159197854284149,0.130792716085641,0.0900875712059789,0.118378242755404,0.10275112649842,0.109646607556356,0.0837580805165959,0.04023281346653,0.0546025556434616,0.0204300206858061,0.00819656914796771,0.0047620259722296,0.0105190147578464,0.0369702812226732,0.0410748824251249,0.0342165424150647,0.0544203167928867,0.074076624587877,0.0652603038234041,0.0596987412725718,0.072396741148525,0.0801835676148166,0.0631122391139024,0.0459972008256879,0.0343916038248987,0.0276039364899826,0.00056564980379802,0.00809974999394979,0.0145214334268562,-0.0118028235029255,-0.0430816996571956,-0.020965493863179,-0.027052408944227,-0.083295009547517,-0.0927511686127792,-0.0639392011998545,-0.0838700695424597,-0.136015238756501,-0.114705314494366,-0.0914948594416329,-0.122023044847589,-0.135549701526273,-0.145981138013157,-0.135134537861969,-0.119206855162206,-0.100025919218618,-0.106578428549145,-0.132267194856272,-0.127072004994712,-0.0893612760152264,-0.0785739213827178,-0.0658226401006516,-0.1248723625601,-0.104384529555327,-0.0984648779837853,-0.0670704240005704,-0.039431917574456,-0.0168559149754141,0.017569165671791,0.0621903244283969,0.0977898348371722,0.156503989743756,0.228490891577024,0.344325245781069,0.424315049514322,0.274409495671237,0.298399032553564,0.335769704703457,0.237582178804193,0.183499048049105,0.180808669923491,0.109279897985165,0.0568176488289833,0.0184325327608947,-0.00239132155919426,0.0203084755161282,0.02786612662764,0.0276106705270902,0.0338460723146945,0.0145112079630875,0.0163791026204707,0.0361468116620777,0.0497700894069343,0.0812815767477429,0.122346849494178,0.185531827424833,0.197998815417961,0.12854501217112,0.0591961923166693,0.0398106827958855,0.0163494881542879,-0.0221600492441214,-0.0479911208597622,-0.0614191898463006,-0.0428277340174417,-0.0431093731891294,-0.0500272853313179,-0.0383581482407608,-0.01987256942436,0.0116424000939969,0.0231183558880725,0.0618146728083938,0.0680867687960298,0.0840695725121681,0.0652689448172516,0.0656242822384043,0.0322335449279877,0.0186446990464816,0.0228792851339169,-0.00108569398032107,-0.0325779828588658,-0.0394670443864598,-0.0398530220360499,-0.0689621943159839,-0.0872773220606243,-0.0779966345367818,-0.0766082606732815,-0.00711645128127419,0.0300898742014181,0.0664584740593385,0.119040105451385,0.206824051324769,0.286147464296483,0.413553215014585,0.555839542095571,1,0.571463576383959,0.439565420957304,0.479633861215024,0.424717694131115,0.332547453116951,0.299832990702224,0.261144479529677,0.231141596216315,0.204063691321099,0.172008400741752,0.150081703842329,0.146090433134204,0.152698677500283,0.117361360373437,0.109107622798736,0.132152122938915,0.129878096309375,0.103920022302712,0.0756547605749125,0.0429492266553176,0.0250813928971353,-0.00648964947613702,-0.010343433321545,5.36469255259974e-06,0.0161596641493151,0.0384160820207819,0.0993202485289109,0.129908053163324,0.175781563484886,0.194004810302388,0.222812113976228,0.144011529052241,0.0917874880032735,0.062364511195202,0.0418820267813181,0.0291497775001572,0.0216442785572175,0.0372602340217427,0.0425260863089366,0.0262290776436797,0.0199206593977167,0.0211156853113512,0.0187843694678569,0.00897211391075958,0.0064120488321289,-0.011889106556029,-0.0210624530196195,-0.027724789938301,-0.0399503325277856,-0.0340855160047613,-0.0290190881199452,-0.0398803921226467,-0.0336867966106976,-0.0314980453604049,-0.00665805313446317,0.00460247312694258,0.0401205606242966,0.0431496076808795,0.0645772142722025,0.0628376139688125,0.0618637313456978,0.0539123482491356
"158",0.0413892769111093,0.0953759824301157,0.13309517262768,0.193070316361239,0.16044651085431,0.157036594681534,0.123292980257079,0.160788652215491,0.118841820552482,0.0938560277447512,0.104001676511227,0.0455681817079747,-0.104724505930282,-0.187564312446075,-0.257896789984334,-0.264161160639837,-0.261039858287842,-0.286497890786651,-0.225624681167874,-0.205620372988427,-0.190369191907254,-0.136984790784763,-0.0533156209902565,0.0248071469787902,0.072378123932218,0.0987628769285752,0.0804319689456928,0.144502632667032,0.197923567400907,0.216985089900718,0.263756268161822,0.197162695672055,0.166766505085817,0.099349624644901,0.112318303089183,0.0934495240154781,0.113686800523943,0.101404846609219,0.0458772609241964,0.0471956813143156,0.0143873345607019,0.00462922743343002,-0.0100403097082838,-0.00689525178100671,0.0236809554162359,0.0207460891123232,0.00591832271608037,0.0265506453836484,0.0462294249303711,0.0302174844705486,0.0246024819297757,0.0385925702486999,0.0418630069859175,0.0245026888378076,0.0174606080650008,0.00894700913087773,0.0102116258758018,-0.00582315700025918,0.000112855302523648,-0.0071497616236082,-0.0309891403283019,-0.0523739521478344,-0.0469814999876872,-0.0637256025856056,-0.103472071146652,-0.112613536625301,-0.103697570036262,-0.123773759279067,-0.157007041547002,-0.144142818072757,-0.130785100423798,-0.149192034381535,-0.154208525817353,-0.14807183063696,-0.127046755171548,-0.100379429803633,-0.0654270334139515,-0.0516200727846052,-0.0783203573977666,-0.0647175604238481,-0.0260443823750825,-0.0192713798846468,-0.0135003908009254,-0.0766635842814333,-0.0846907131309632,-0.0801442524187933,-0.0421222350092698,-0.0277594084927886,-0.0302840628403603,-0.0150131387592371,0.0104258386858556,0.0365156825987065,0.0854798478742905,0.14012475213108,0.236056074299725,0.292138224800735,0.184548112985576,0.198770420604456,0.224912509060591,0.147489258545701,0.116137609048204,0.113761956393402,0.0595299543519374,0.0279538722232814,-0.00300781654626799,-0.0161523692540329,-0.00563500453600973,-0.00525145739034238,-0.00711123180395648,0.000302526246972963,-0.0098832179389462,-0.0128597835394377,-0.00309675322630834,0.000101377434974373,0.0236923821270054,0.0539956780374009,0.103415028188441,0.117009294793636,0.0656262329872713,0.0091087950470179,-0.00152586735115481,-0.0208535334515485,-0.0548165505144244,-0.0736470089994086,-0.0801778876454811,-0.0668112435491693,-0.066189145113987,-0.0651357832226117,-0.0597898881733031,-0.0430002284400536,-0.0283352356827749,-0.0227381611148184,0.00125681161931231,0.0104376328239788,0.0323639186694822,0.0326137340359277,0.0406440623006893,0.0105590536534318,-0.0178972180574259,-0.0133800201379634,-0.0314499092995195,-0.0624192584851158,-0.0714042820719821,-0.0716829790171712,-0.0945245907794213,-0.104230215875786,-0.0945273741959938,-0.0913161548904696,-0.0457036649976301,-0.0122034600444766,0.0179289588179021,0.0616152451067192,0.136898390201465,0.210728874048934,0.299482123673839,0.398913310872935,0.571463576383959,1,0.651042477624986,0.468373470073199,0.532584187803321,0.48275995909346,0.37454192599131,0.30500302742024,0.298364467969845,0.268708269052997,0.217751856230533,0.190822968162533,0.174485604467424,0.159434440549286,0.114017754355917,0.0920305901645339,0.116193075287393,0.102220463863243,0.100002584103374,0.0780065392644062,0.0692034723752034,0.0533524579051586,0.0224140996443649,0.0206752715361006,0.0449716088501806,0.0521716585999629,0.0864524079452104,0.158088274672306,0.20349726614248,0.265271433497516,0.306231641430306,0.356310795476589,0.24074902061456,0.172455451420677,0.12162260300377,0.0942477110637875,0.0799370231611518,0.0621424912728457,0.0705354150401372,0.0729591814030505,0.049342920558713,0.0307395111959034,0.0189806183871356,0.0110712610343182,0.00394415686661389,-0.00288807111453294,-0.0180996167787098,-0.0231009905958659,-0.0307574284786601,-0.041414515214239,-0.0363911019849251,-0.0275068939557415,-0.0300539427102437,-0.0179056506753813,-0.0177413704761149,0.00501340786736603,0.00534663034392025,0.0334597401802439,0.0387657666359941,0.0524551107970349,0.0641488440169481,0.0620257887801168,0.0653489955695948
"159",0.0533192250450536,0.110055545096729,0.140040109395194,0.192368089992359,0.145947931346517,0.130484412187132,0.0900607338201492,0.107896167240604,0.0639240222228175,0.0405162278863364,0.0507233928637573,0.00511295692522888,-0.1137244684237,-0.184168986443912,-0.228036205376198,-0.237873837121552,-0.220313710752378,-0.2409961669879,-0.176151418881547,-0.161282259232565,-0.161703897884012,-0.121541168853252,-0.0540893928954407,0.000796149289564502,0.0410916401255095,0.063112109013943,0.0365007793655642,0.0887284720632439,0.147876831870843,0.151658072375503,0.197565631879922,0.139609600338792,0.111125887382336,0.0639975587573198,0.0826580978826627,0.0609578308086683,0.0754654351759221,0.0582703769735004,0.0168103353569843,0.0240564389547474,0.00254097120496054,-0.00623349313814238,-0.0154176469816953,-0.0123257388665923,0.0179409819281878,0.0206970756365455,0.00859645078845725,0.0286378719014954,0.049819112525343,0.0383185799309436,0.033326285535158,0.0467910046886776,0.0515502361116421,0.0387434586113352,0.0298887074813143,0.0233741013521191,0.0274064662754292,0.0093245767238012,0.0156343985412439,0.00958351833162387,-0.0155617468348989,-0.0434999644489179,-0.0358196974779789,-0.0522212779449338,-0.0993714992495326,-0.113850370852978,-0.100444912945408,-0.122752614909701,-0.166399463752774,-0.153635990475103,-0.137385767387209,-0.162033330071484,-0.171428136247404,-0.166423820988012,-0.143661766808659,-0.116344296604532,-0.0820695332883776,-0.0689505368799956,-0.102243745983587,-0.0861727785332651,-0.0393865027351998,-0.0269290216608113,-0.0154968421520822,-0.088163634854961,-0.0862890109436643,-0.0787327698148069,-0.0375570228382454,-0.0198180069939964,-0.016202238023981,0.000630178369135131,0.0264225869384698,0.0479772665408205,0.0955716775152032,0.152128319558684,0.243568481370028,0.303167074500358,0.193782422492507,0.184995495043859,0.196660193141509,0.138828130557492,0.112238395697077,0.102824069083304,0.05621927109604,0.0290200367416885,0.000795170994809722,-0.0103042993600676,0.000425901226138085,0.000733789569359931,0.00542615994086904,0.0134159998674132,0.00203224435101368,0.000502820704726237,0.0121876516945901,0.0160238196759659,0.0411500698378,0.0776740958327395,0.128823401549345,0.144131412391388,0.0908894798668422,0.0303002856683517,0.0167372727827934,-0.00010581539386482,-0.0303817861496783,-0.0482734437975314,-0.0572762594400016,-0.0446589467646568,-0.0467084058085227,-0.0487235361526415,-0.0414518929158636,-0.0235873531054311,-0.0073649197392933,0.00466637340120383,0.0333651388604023,0.0415204088694486,0.066366683738764,0.0586166641091215,0.0607866628945907,0.0371885639948765,0.0150317888264814,0.0100698294058217,-0.0110750942022823,-0.0397663143436739,-0.0512117669761609,-0.0563333706894089,-0.0831706558992684,-0.0949859240296253,-0.0854591342811399,-0.0856253160839786,-0.035560481123796,0.00249872648622978,0.0296566318201502,0.0708610175528856,0.139850247508978,0.21262793001319,0.258020104633246,0.339850677908033,0.439565420957304,0.651042477624986,1,0.676359541975331,0.47002127188288,0.546422410498514,0.467149799140606,0.352475594363017,0.333415597008975,0.320284328188013,0.253103363354808,0.219688817295985,0.199820327892499,0.183575566100971,0.135917826061088,0.0977538271333236,0.110760953006326,0.0832527380966571,0.0732223398353915,0.0455502238998992,0.0262828454179502,0.0109422491944882,-0.0151817274645385,-0.0140578244061021,-0.00139404998354539,0.00870192142644602,0.0364566797517911,0.0993119926660392,0.13886330920309,0.195395064736514,0.226005978299366,0.273483509785788,0.199391562296877,0.151694040954381,0.105594449551756,0.0843109355125125,0.0641637413245941,0.0529024949394508,0.0700762816489411,0.066522507143118,0.0376539921945906,0.0147103323457651,0.00635583915790652,-0.00468887757615761,-0.0133016527939936,-0.0197036189011697,-0.029558704764174,-0.0428002916551391,-0.0476356981156259,-0.0640555399360905,-0.0513374020520066,-0.0418282350921316,-0.0518036179037185,-0.0443831446917867,-0.0490038933710375,-0.0254067135490023,-0.0198588234351804,0.00609478375754937,0.014792196288581,0.0359792995636409,0.0521138569414583,0.0582649130195713,0.0670242157153536
"160",0.101183751477285,0.184137305089665,0.219329692160005,0.262654611026823,0.20494373462797,0.151796143169205,0.0922538187534337,0.0682760747118648,0.00695479330644032,-0.0288357775382017,-0.0208304938528532,-0.0567158716145975,-0.146311189510439,-0.196190719275464,-0.235399380521671,-0.237716723274963,-0.218610324210698,-0.240979026649804,-0.180107183681172,-0.16753834649365,-0.17213678535663,-0.133964432989869,-0.0812159057835333,-0.0322634921966855,0.00872929351169167,0.0204587033401905,-0.0200613817006712,0.025636349427985,0.0820996556311523,0.0829552169602717,0.14603809503739,0.0992274874970135,0.0660535177500281,0.0390404221067023,0.0678733601485441,0.0463301893457491,0.0512225675310963,0.0205984286274261,-0.0108461914049978,0.00576323003202865,-0.00839244982168134,-0.0155618105890856,-0.0121599705885309,-0.00142481804667034,0.0288299384073697,0.0380055230886138,0.0360252861051719,0.0599780503040109,0.0824732922584252,0.0797224796046277,0.0765596229400316,0.0897233664371101,0.100113547999532,0.0901047809781701,0.0664639637662646,0.0574711042239363,0.039303362249326,0.00779201040666347,0.00821857247625347,0.0060484374743292,-0.0250862761057298,-0.0738018645707321,-0.0555896082778826,-0.0606430942006967,-0.129686234461974,-0.15556917408517,-0.12002482176677,-0.135681748839252,-0.206084250004287,-0.190391408335,-0.153197659614615,-0.185587724180796,-0.211386833913235,-0.214266205554781,-0.200532737322428,-0.170764793630527,-0.150553378896877,-0.152437983355974,-0.171889016406671,-0.156746173864031,-0.111764739713533,-0.0911104739742475,-0.0852942606472906,-0.159810983155288,-0.127985653125092,-0.101042696698119,-0.0570948353977847,-0.0214900039738652,0.00365697605379493,0.047796682170041,0.0917648629384199,0.118917510511309,0.173666469241016,0.240593667641208,0.330563819222714,0.388655618065045,0.252620625919078,0.224425339649509,0.243142063859778,0.18474811796433,0.140285316298099,0.125050505795435,0.0777986776984805,0.0449254588123212,0.0182580212367368,0.0043538232046865,0.0211879181248185,0.0285109473330484,0.040251998417455,0.0519106652485454,0.0356938702550386,0.0429256242487249,0.0662260689803012,0.0762681700428458,0.103789601145149,0.149652853223873,0.202544940715857,0.214760465339018,0.142694259755854,0.0711337432545611,0.0495850997651658,0.0321183542803576,0.00314502890124296,-0.0159346604321393,-0.0329231387148757,-0.0198540206305241,-0.0220106261978608,-0.0293647464415565,-0.0148943022768758,0.00701258684696275,0.0370605144565337,0.0581811777549274,0.0942140932198241,0.0977648381082425,0.118740519751355,0.105380469992002,0.105754721555144,0.0808803623419046,0.0668747607168919,0.0593006602495689,0.0282800308278119,-0.00351067286321661,-0.0152039920455687,-0.0246454483210099,-0.0657387370520089,-0.082651778651406,-0.0700973617153235,-0.0777674667863606,0.00021318761402454,0.0452260950274426,0.0829744396646513,0.142916854714172,0.220824860117391,0.302402778465554,0.331861900639145,0.456880228931374,0.479633861215024,0.468373470073199,0.676359541975331,1,0.675166086136863,0.507158766071972,0.513996699736333,0.452872751912725,0.372965507087111,0.336123236595609,0.301502358007342,0.258749739769097,0.263636790690292,0.241741252353607,0.209766515351703,0.161486347221003,0.159296390288085,0.136220700332735,0.0945807912235683,0.0531414474778332,0.0066815525985705,-0.0215440658800608,-0.0540648036472121,-0.0588181999761449,-0.0639794379065869,-0.0468750880669726,-0.0223364408996507,0.03819770182895,0.0835816499987933,0.135839071912253,0.160068653960124,0.207581796196402,0.168666214913931,0.119740019623177,0.0894614714319593,0.0753642301399433,0.0567348281659296,0.0559363807639454,0.0835009318598375,0.0826114481476776,0.0534959741536649,0.0344614022032533,0.0350822423828314,0.0227440067638974,0.00425509667666781,-0.00264684353310139,-0.0202604375187265,-0.0414030865283844,-0.0493359713547866,-0.0745437378698984,-0.0626376199168144,-0.0590580549376841,-0.0778452178360307,-0.0729662766788228,-0.0724247359532016,-0.0396794294269083,-0.0167600117576605,0.0249998114055289,0.0375710622321652,0.0760578025389456,0.0866548337021058,0.103602589145203,0.10434938189934
"161",0.104860435285593,0.19922848723578,0.243005391956943,0.287309353696934,0.223933113792673,0.168771919217688,0.113266346833529,0.0985955312862759,0.0401139167439155,0.00534235699726859,0.00837180993140665,-0.0333718037710959,-0.144610472503093,-0.203116000015187,-0.260903430089223,-0.263022271149203,-0.250361668001228,-0.278062032772515,-0.215815477467565,-0.203109318037898,-0.19935149045514,-0.152283168791872,-0.0840964564669082,-0.0103207115233778,0.0381254504690151,0.0539962827210769,0.0159305381345878,0.0648427665531231,0.111806447840231,0.112877298687472,0.164741475341635,0.111600362574618,0.0776366631806794,0.0407519728463873,0.0611511623499485,0.0426659994952109,0.0569680372457651,0.0336875470562841,-0.000457236579995014,0.0088574053106084,-0.00680976911056289,-0.00930882877869475,-0.00725144789978743,0.00712932892606219,0.0362166830480735,0.0395222926270149,0.0379076660336304,0.0630601873102653,0.0826447852801665,0.0758292659435009,0.0730450060680183,0.0868105594130625,0.0949934001666924,0.0808218474773354,0.0566994722179333,0.0448729794038446,0.0143466144742746,-0.0150962557324803,-0.0209989738020357,-0.0313654052278756,-0.0612436613647812,-0.109016250793693,-0.0993688523928776,-0.10301699842461,-0.163628988205217,-0.192051498094708,-0.162014686533302,-0.168228358834135,-0.229157741696039,-0.220011052807086,-0.179497935370716,-0.1991654536259,-0.225386433011848,-0.219268366884679,-0.207515922346377,-0.169872312594629,-0.147677875230604,-0.142661146543062,-0.143474971792553,-0.12515766689332,-0.0922639237554737,-0.0758609774295451,-0.0872089205704692,-0.152252484823957,-0.133867234797067,-0.0978432784755636,-0.0524886221360039,-0.0208701981685,-0.00785410913515258,0.0380655358170025,0.079736865916794,0.107045231128582,0.15768549289284,0.213380321780892,0.276526019667019,0.320488995117924,0.205327331791112,0.18863609415531,0.206627017494175,0.146141894184636,0.105772622341666,0.0958975180060568,0.0518225272355967,0.0253178398602137,0.00276191632926337,-0.00845472356424716,0.00399826327397153,0.0102240053443251,0.0215250993666289,0.0379366866590773,0.0263440578130041,0.0337174542988511,0.055707206456353,0.0604909214470242,0.0822989070264672,0.117049026331621,0.160018583038217,0.173442147011912,0.109806224947766,0.0486993828244385,0.0314696168560697,0.0154707299385949,-0.0127862216857279,-0.0298779626653609,-0.0438631150929104,-0.0326483521261655,-0.0339409239417642,-0.0385027423382759,-0.0272981997821042,-0.00856054252164991,0.0160155621545291,0.0319631874992178,0.0576811441084743,0.0648651209514623,0.0871758882590824,0.0911304235678738,0.0966024826219469,0.0700995376447159,0.0458465670247441,0.0444650852041319,0.0156657478466024,-0.01840844675278,-0.0287249333449344,-0.0366820849115487,-0.0775399326713833,-0.0886878997442594,-0.0741401258749705,-0.0836312722364141,-0.0121691749345341,0.0282055253919877,0.0719614433390079,0.139552123324387,0.222272615343853,0.302482545486353,0.314382970113804,0.439532443068681,0.424717694131115,0.532584187803321,0.47002127188288,0.675166086136863,1,0.679802249005152,0.510227136467085,0.506167604344448,0.469349873263555,0.385086643033844,0.326514343513138,0.305803840273719,0.296788072002086,0.27971085043084,0.248725195329727,0.19404608412489,0.188818558424038,0.169577670716514,0.126161233108658,0.0844674322475436,0.0436848563545019,0.011252140420605,-0.022498653466341,-0.0330169736173277,-0.033526175476627,-0.0234854661078541,0.000369009458914873,0.0594518399930417,0.103158369155922,0.153890266993076,0.194587970013706,0.247883880735906,0.228569955903628,0.154661346264012,0.12302383036302,0.106402501577789,0.0951454460796937,0.0895706660181931,0.11303528517715,0.119738435881386,0.0917352779761143,0.0729045492272317,0.0686531139778693,0.0543569128115652,0.0311562150193518,0.0225908169262443,-0.00147751909753798,-0.0161055716011663,-0.027133389268175,-0.0497172826882913,-0.0476876397984987,-0.0481313839478777,-0.0600276441207664,-0.0505625600321895,-0.042086322640255,-0.0097964042319034,0.0127032404911743,0.0595083251622744,0.0723631190688138,0.113118729550278,0.125031489861167,0.142000144655126,0.137132112422104
"162",0.0830697874268329,0.167126075837085,0.198078301531271,0.241944411691499,0.174002021481549,0.138367397186004,0.0937909012310741,0.098290531465738,0.0468897052659577,0.0202023367134556,0.0232695247072272,-0.0183049923118535,-0.139033543597606,-0.208488759335044,-0.258138124214049,-0.268203865431952,-0.246312290208327,-0.27168876072942,-0.198622526482405,-0.186780943952912,-0.189119512934617,-0.143922455394854,-0.064843381143945,0.0124251890257861,0.0600472115975532,0.0835434311502528,0.0445207652564173,0.0817910273857477,0.131103018870928,0.119741580480258,0.161917958497507,0.106521235697041,0.0767032746740773,0.0394914209138412,0.0552406546739813,0.037252195766549,0.0529345021521412,0.0346845113387058,0.00108025254370497,0.00774575357108725,-0.00674260737350239,-0.0105958015814773,-0.0136606205231996,-0.00303052629747578,0.0258134311252492,0.0265305220947641,0.0205243598475128,0.0434963272362128,0.0621044150141223,0.0507937039757452,0.0477597597915,0.0622822086222382,0.066269304614929,0.051681120562988,0.036012263672605,0.026961793190081,0.0072268136474278,-0.0134422870586367,-0.0183690458718295,-0.0357569763073275,-0.0624969041700724,-0.101605841819981,-0.102386715559973,-0.113566419275924,-0.161577182893989,-0.188866161580188,-0.173485322096558,-0.181362625599995,-0.228350078256036,-0.225166471624321,-0.194495413409747,-0.207356085627925,-0.226511442110948,-0.210069609319698,-0.190809335093664,-0.148862823210922,-0.113938479471702,-0.093626142604405,-0.101479394731664,-0.0775802984153629,-0.0407331260908072,-0.0271830503974136,-0.0387139382245415,-0.109086758177137,-0.111968478493881,-0.0818065223612225,-0.0333268663626803,-0.0135097130510323,-0.018033802713572,0.0119649942181102,0.0405176519602395,0.0598413601461182,0.105546149048741,0.156960645453936,0.215315692370377,0.256554513542995,0.162319633568422,0.151585445823672,0.16678702558201,0.116879619987651,0.0863454629186376,0.0794637540910529,0.0387220362583518,0.0177864460125235,-0.00437393189584684,-0.0135087859286585,-0.00566846545910533,-0.00445563554496941,0.00320683747494713,0.0183744309680023,0.00843681341952768,0.0104475006451309,0.0251582369638815,0.0223593102905508,0.042562535298852,0.0714575246347263,0.111992047383195,0.129243084003604,0.0773871518585096,0.0234539649894373,0.0109388641413669,-0.00280085687651746,-0.0297510660407431,-0.0437284079936033,-0.0534556857755831,-0.0432978785021848,-0.0437198877508763,-0.044616378769117,-0.0370091531846191,-0.0222504696606675,-0.0105226071506244,0.00126117175361493,0.0213137260021266,0.0358540715777594,0.0676011603478409,0.085046813586858,0.0928371099396,0.0702748273517855,0.037007643976666,0.0311997477956637,0.00496026028017127,-0.0276715876045136,-0.0407117741542183,-0.051526009625887,-0.0878247903037615,-0.0938543776304999,-0.0811089776826171,-0.091393764896845,-0.0386933878163477,-0.000567288067339351,0.0371877418425311,0.0924919708719233,0.163357562946043,0.241389506116266,0.238619669902856,0.331768763397383,0.332547453116951,0.48275995909346,0.546422410498514,0.507158766071972,0.679802249005152,1,0.704004398193462,0.507937979273426,0.556361533884951,0.525414233273599,0.397436189907728,0.358035626574822,0.303806512510002,0.277456038161337,0.239151607203935,0.166476231574421,0.160518976652655,0.126215868745969,0.100764699993963,0.0639118829793444,0.036567410698477,0.0107449245754723,-0.0169332304979072,-0.024097008387308,-0.0200745979312561,-0.0135455472690089,0.00754689349143363,0.0644630303408762,0.102527011659847,0.152259331285397,0.195018180611673,0.253313927614967,0.281570397968523,0.207170637625547,0.157710368277853,0.141638960912455,0.12409580579273,0.112256466509871,0.132084111763915,0.130310608111866,0.0915253655707614,0.0607765809125063,0.0470925690694442,0.0299017808849502,0.0118044044337522,0.00538961468612467,-0.00961161648941053,-0.0237140352749357,-0.0316685033049802,-0.0529552833010591,-0.0485288825742369,-0.0457363063704243,-0.0551978006714061,-0.0456347903042174,-0.0414804566202884,-0.0137998991067045,0.000813191272388046,0.0369144931068589,0.047245622185261,0.0826636776060679,0.106134125333863,0.123004894690406,0.131822102811433
"163",0.110951719599385,0.204639988865291,0.22443897864733,0.241334882522139,0.162791743723128,0.113902648853416,0.0630817457608249,0.0533555794191411,-0.00351410171995089,-0.0296726843813203,-0.022361472671417,-0.0527704487097982,-0.142949329405314,-0.198282615121469,-0.225525514923536,-0.237489352141236,-0.205168170094981,-0.227242211535824,-0.154729293323947,-0.148660265480515,-0.16359686824368,-0.13146946424947,-0.0720922547501175,-0.0186511772206698,0.0233523889131631,0.0443650452340325,-0.00369781122147231,0.0293969347686644,0.0857081351811421,0.0664297637041529,0.11338850010667,0.0680018408965825,0.0411897544134799,0.0181486646476168,0.0360268924037875,0.0173049296964574,0.0266300922048101,0.00282305128874519,-0.0230224587993858,-0.0121160238540669,-0.0190401189986605,-0.0244444709198689,-0.0230626315536078,-0.0124563524851659,0.0169586354412327,0.0233929958538975,0.0212958509211496,0.0442232714198474,0.0647080569896346,0.0609565610631988,0.0605931031963126,0.0742345884269743,0.0813322955916496,0.0744121887358338,0.0557820376899567,0.0515514276046619,0.0282683527544035,0.00241913304032978,-0.0033469541255375,-0.0176535799559832,-0.0469182412121104,-0.0968653747284435,-0.0919404210364101,-0.0994335821608491,-0.159826351577127,-0.194301077802086,-0.168411349444654,-0.17670729712424,-0.240241597363624,-0.23580006393462,-0.197275027328178,-0.218428767677138,-0.245872229684093,-0.234117356795789,-0.21671675659872,-0.175522836397586,-0.147862153610057,-0.134806126515448,-0.144788500232699,-0.120286423232676,-0.0776021570328552,-0.0564197403812331,-0.0630304506112107,-0.139847560478404,-0.12232764146443,-0.084317382392414,-0.0343030911743791,-0.00645730230299477,0.00259589714063878,0.0402048808293187,0.0723187727929304,0.085924146023039,0.124071045505093,0.17502876404756,0.218403098399412,0.252951909817297,0.163850890759148,0.14595191024032,0.162233206650627,0.124406865469219,0.0917670478933861,0.0801307058816254,0.045841979582803,0.0256166025395724,0.00592745727831242,-0.00153753108421618,0.00901872454426962,0.0109752189920593,0.0219482798954421,0.0374799251816216,0.0266942756705557,0.0333712933100656,0.0505702850706874,0.0489259053007336,0.0663662944731148,0.0994804894056869,0.132178718470958,0.14252039739172,0.089673683651412,0.0354927433367357,0.0207057757258713,0.0103781644945844,-0.0100790201250466,-0.0204442507727585,-0.0331401814286807,-0.0253145052829996,-0.0252135582680108,-0.0273163603538272,-0.0154287933040582,0.00100911142748017,0.0152954807166574,0.0317937593594017,0.0564106022929203,0.0673357449060196,0.0970816914192571,0.108544716776303,0.117810195261994,0.102353469219486,0.0811520821097973,0.0663199811099353,0.035498664173241,0.00752353488643161,-0.00683165848050784,-0.023998093249061,-0.0663340534520283,-0.074887684216822,-0.0623268764704708,-0.0788757485386544,-0.0165753901943638,0.0283779745093171,0.0650054928000519,0.119539032568268,0.175272405547558,0.246707746704139,0.222512098568867,0.303672900320174,0.299832990702224,0.37454192599131,0.467149799140606,0.513996699736333,0.510227136467085,0.704004398193462,1,0.71041531932387,0.541805569405718,0.60704928277713,0.53837458032833,0.404437476655263,0.392673134946946,0.317775522687781,0.293984946324688,0.19619475824417,0.159507965663094,0.114570228578878,0.0773804060062163,0.0342148306155124,-0.00211046779044891,-0.0310174548309702,-0.0554926444881168,-0.059919186343751,-0.064245422768156,-0.050438165347606,-0.0295562068637561,0.0239212328866687,0.0631254510226188,0.108352636747823,0.141566010506934,0.190385248335651,0.241126759182383,0.172076539024725,0.137505365374003,0.132712183935724,0.101553986680957,0.106938582250824,0.144395218620942,0.128489760091932,0.0773396775015707,0.0407079148525993,0.0312802585611265,0.0120291929878631,-0.00619246830159795,-0.0125580338317964,-0.0217092583256489,-0.0440120608362663,-0.0516415875336949,-0.0802551970431736,-0.0691320223872233,-0.0659142216447869,-0.0832768550042317,-0.0774890106612811,-0.0763796411591856,-0.04529102575342,-0.0225739071715799,0.011605344108752,0.0246952405316826,0.0689183624469612,0.0950836556716931,0.127649121187817,0.148219020876601
"164",0.153721728058127,0.279149358410525,0.301678897502678,0.289630536070642,0.200435334896159,0.120506058468776,0.0622686093508794,0.0308150038251882,-0.0317024649978176,-0.0636184363419949,-0.0595544989265053,-0.082498191249986,-0.151688859607941,-0.189783265431574,-0.218244531092762,-0.224143150477537,-0.195778610927574,-0.220398506630868,-0.15711371921377,-0.155015009426883,-0.169159662698757,-0.139497170086473,-0.093766598925358,-0.0423443643034207,-0.000439952744253241,0.011062412138914,-0.0402830396130806,-0.00503313680809435,0.0412234522894276,0.0250853903589064,0.0750263042151506,0.0377654670181284,0.0106017692071408,-0.000829961629582509,0.0170110351199182,0.00159210609233839,0.00795369367542452,-0.0198640860371086,-0.0376735780825653,-0.0242546543442501,-0.0271074765890897,-0.0316735342796588,-0.0227634934333928,-0.0067257724410217,0.0211956337988267,0.0304350173340436,0.0363192389005269,0.0617952262404301,0.0822789213452725,0.0855730968770996,0.0892506177744987,0.103596066253815,0.11492896241452,0.111117674792042,0.0832923623368959,0.0805469224869149,0.0352987854910556,0.00135117531933493,-0.0118273220289447,-0.0246387793054164,-0.0554982136144644,-0.119515486624099,-0.110069788680693,-0.107118061510885,-0.178272958330874,-0.221719313113133,-0.181997696234764,-0.181383572630568,-0.259657540125966,-0.255994159664807,-0.202621189858169,-0.224900751369141,-0.264164099616267,-0.256640257117017,-0.248240345148308,-0.205639170175853,-0.192409849749562,-0.190614570494505,-0.1812630449628,-0.15812337934356,-0.125050328069799,-0.0995649866935763,-0.116211768708364,-0.183892980537644,-0.145759695956392,-0.0904250347689087,-0.041870860411554,-0.00175771443683942,0.0236189852705775,0.0814040644728527,0.124844438138296,0.137766589037064,0.167875563163861,0.204951067778913,0.213387577712212,0.231276497597882,0.148854954884574,0.128289830282449,0.14713751695108,0.117117086664781,0.0810847193667217,0.0689292556207736,0.0442178807858854,0.0240714528082367,0.0108808862701529,0.0055008714746691,0.0187976455917555,0.0251432929489607,0.0400589366628984,0.0593917114882983,0.0489763624508025,0.064461192572297,0.0906395812570735,0.091507526565312,0.10081482744984,0.128529960478796,0.142811468393403,0.147412071287561,0.0912717048756369,0.0401091907186792,0.0227439070716686,0.0156450661348168,0.00153289846369332,-0.00435070926679243,-0.020694992654821,-0.0161192900012822,-0.0130522386433648,-0.0145818213933204,0.00155084772888352,0.0197732691021507,0.0390464185704791,0.0567849127045014,0.0750813927385783,0.0843749722451986,0.110113543851648,0.126523097940248,0.139635995472112,0.126680435410545,0.10812371564918,0.0950297471833849,0.0634550858447269,0.0340433206353901,0.0187730191159544,0.002266676914252,-0.0478487587392103,-0.0590820118302545,-0.043866499595309,-0.0622908893580779,0.0182584514310152,0.0675135237540871,0.109487547472358,0.17803435926963,0.231148401819049,0.282150232777063,0.236886232675327,0.281353422234397,0.261144479529677,0.30500302742024,0.352475594363017,0.452872751912725,0.506167604344448,0.507937979273426,0.71041531932387,1,0.686610539742759,0.527159199785782,0.581372581288975,0.497715159575051,0.548707511860891,0.423842160706088,0.375418760029046,0.262699170484402,0.201607091566221,0.157334458245673,0.0967274964134234,0.0456994613145088,-0.00496516872146647,-0.0419004473709487,-0.0693247084141747,-0.0782727886195873,-0.0924390274470122,-0.0763299655905067,-0.057848657636133,-0.0110329373614576,0.029261448337956,0.0723951339219623,0.0983030021747306,0.141075232257405,0.177343268257989,0.121006961467329,0.126211403773697,0.131700944703205,0.10630359958164,0.122880213295194,0.1684934614524,0.157607281111534,0.106311481203146,0.0707123663824652,0.0653443146199094,0.0402843935412257,0.0144880362065194,0.00481836442095931,-0.010251761355147,-0.0343457403640773,-0.0447573194793553,-0.0774423841574276,-0.0719703877355338,-0.0740242435031683,-0.0939607581276691,-0.0884707174600779,-0.0801500810822714,-0.0446008742477681,-0.0117354557689749,0.0315927564988198,0.0506724622828231,0.107843280713429,0.136297975446527,0.180238282257658,0.196190835773112
"165",0.141961708360897,0.271830982543079,0.297834498670087,0.285242340219664,0.191053777867957,0.121064171667744,0.0728594684493324,0.052325989209856,-0.00341009412496748,-0.0352802707751629,-0.0378176532013768,-0.0644763213021583,-0.154749899368238,-0.202058905144745,-0.244604796519541,-0.25122936147341,-0.226222927114852,-0.254455213859443,-0.1865805759858,-0.183387569851049,-0.191834311384135,-0.154047738710765,-0.0918010226106993,-0.0187335262942391,0.0279047236520213,0.038164500583254,-0.00876543470349114,0.024299966786376,0.058510906417884,0.044517552222838,0.0863347837185546,0.0478794733272823,0.021378148512673,0.00507116394209046,0.0198350432092417,0.00762575964714748,0.0188004925040161,-0.00438437846691288,-0.0227829646269765,-0.0127412860435826,-0.0189199635128772,-0.0218292522853164,-0.0147524003145586,0.00165819267427304,0.0267890441036178,0.0303900668102869,0.0343072204098279,0.0588940383494906,0.075853799296596,0.0717006885611764,0.0745674249061704,0.091042794480811,0.097940439564986,0.0871635857457205,0.0628990423146682,0.059204142726386,0.0112856616290049,-0.0170182053412956,-0.0329417181240123,-0.0528740942168219,-0.0806103452434401,-0.13744917393245,-0.137487027291617,-0.136708638215216,-0.194711746621771,-0.236550527761185,-0.207693414495871,-0.201746485260231,-0.264497684346889,-0.26686245727493,-0.217422777732261,-0.227535201521423,-0.26206845256616,-0.245201667188623,-0.235601284914899,-0.187818578805976,-0.167133325938232,-0.154057361697119,-0.13470969819283,-0.108406450304207,-0.0838302890292242,-0.0647390068771301,-0.0936021309950517,-0.154519060283962,-0.138481890364538,-0.08308074472678,-0.0337946982812175,-0.00267148704510902,0.00595897320753953,0.0579570138768903,0.096179452405771,0.108249504924718,0.136647030566937,0.171127554221545,0.177810285567712,0.199139887164086,0.128744910659153,0.114531554773508,0.130406282453972,0.0990627319676467,0.0686825407515705,0.0604065806649246,0.034124197754509,0.0142866039987369,0.000975833181173992,-0.00498158884092121,0.00522960382554201,0.0102190629079003,0.0218962635142243,0.0413103583526994,0.0319301595299194,0.0432058685545222,0.066873256373711,0.0624589624128613,0.0712927120598905,0.0927544513477745,0.10899923189185,0.120845177302145,0.0722619871331513,0.0268116534561935,0.0132359867541654,0.00608321253074374,-0.0108759445403031,-0.0172081047321002,-0.0304148068417769,-0.0254186746086722,-0.0225847429774749,-0.0229190203406288,-0.0112746922818135,0.00170759393241868,0.0135332848303145,0.0272244591191792,0.0388543233312569,0.0547933846936018,0.0863741691717287,0.110739002893265,0.119339703490185,0.107928984698714,0.0798566617175743,0.0700696853814751,0.0439009476586704,0.0125500198129153,-0.0035390686862067,-0.0178448613659258,-0.0634376561767858,-0.0702578211268206,-0.054921821657644,-0.072394087375552,-0.00379032933278526,0.0406487746067148,0.0848006529868797,0.153576046578165,0.203880246657587,0.251188633555006,0.201772650471966,0.243337206210499,0.231141596216315,0.298364467969845,0.333415597008975,0.372965507087111,0.469349873263555,0.556361533884951,0.541805569405718,0.686610539742759,1,0.730898523406159,0.535702655813952,0.638517386710296,0.484175738522873,0.445043723354686,0.381170809114647,0.265770880015641,0.213849601805216,0.167995859406828,0.113582748796754,0.0656899373076453,0.0221818342417138,-0.0124140892673938,-0.0403533851545075,-0.0523013976420547,-0.0638971590723731,-0.0540044270735557,-0.0395963510937203,0.00313422063595249,0.0376691947057123,0.0788515509018613,0.107814711463488,0.153668282364,0.189220093214165,0.148139051875051,0.15825656076548,0.168549997085897,0.159225736764221,0.16292198005092,0.192936452136717,0.191798477926467,0.145195854565743,0.108261220853714,0.093740294011195,0.0653502048336173,0.0359615072595274,0.0259383269817007,0.00662520608703212,-0.0122230224374989,-0.0220974412812196,-0.0498730121051316,-0.052556863565363,-0.0566740291246292,-0.0705922228418891,-0.0625234537795175,-0.0491881491366497,-0.0170100652516224,0.0109549582473464,0.0563445260537809,0.075134959027495,0.132647760966749,0.167829115049682,0.203842818893185,0.210489166136271
"166",0.107320633219956,0.210140403645449,0.22771800136753,0.22231935319291,0.140138931507225,0.0901147339634371,0.0493152304912512,0.0408012672023289,-0.00788718793841287,-0.0322872293719504,-0.0304484107215057,-0.0534608012304273,-0.137661948091676,-0.186893586962202,-0.21401502128941,-0.226471785658134,-0.194417031937364,-0.217542607469939,-0.147521477384862,-0.145999995370929,-0.161249570005402,-0.131647629812688,-0.0729830972463521,-0.0132120380209307,0.0271953547477327,0.0403871530701579,-0.00386953235943349,0.0210556147333929,0.0594327543692626,0.0428106608314178,0.0800858510398627,0.0456804694308184,0.0235502457105617,0.0068570019695907,0.0194751602997154,0.00643782828144224,0.0172958743216331,-0.00290183104974847,-0.0213788074318108,-0.0119666796973932,-0.0176562809397001,-0.0217511561421346,-0.0186696071207569,-0.00677079656735612,0.0174464507751589,0.0206054856129968,0.0206642471563394,0.0416453574420325,0.0575080208972091,0.051917442297613,0.053652359776506,0.0680453089160979,0.0721977430099591,0.064050756249843,0.0469506741708715,0.0451039988682296,0.0116299706519567,-0.00953683584479797,-0.0218001699896788,-0.0429916159122661,-0.0675041704831429,-0.115101211016662,-0.119604028055486,-0.124447350186209,-0.172813745585114,-0.210298558844333,-0.191205616645712,-0.189338682095015,-0.241589303938833,-0.245703262662472,-0.206574097645416,-0.215090375917689,-0.242733490751917,-0.222793773897245,-0.208439159604541,-0.163227505405855,-0.136375178958504,-0.116569917286282,-0.109355212181003,-0.082087875216527,-0.0522372552360975,-0.0345768285261,-0.0558594692600038,-0.119787431290356,-0.113910113500761,-0.0684157686023581,-0.0206343349728938,0.00125700338608618,0.000733210637988674,0.0378708023409998,0.0649151653333304,0.0715298613373591,0.0974610878576389,0.138010186523786,0.151843176138351,0.173837604447284,0.112352419490699,0.101112324640525,0.11661902546879,0.0890044353388509,0.0636410454787001,0.0571459107202207,0.0310301655070811,0.0133647745732819,-0.00131155925790175,-0.00682779621525622,0.00138587178820687,0.0028825596643039,0.0121420437475538,0.0291510949009348,0.0204663351165609,0.0273866902104796,0.0440255061660059,0.0361482535093342,0.0463720053939003,0.0680761983732071,0.0881008952983931,0.10181352980272,0.0594850497447504,0.0173512531130359,0.0066706377047267,0.000331637911850177,-0.016208488981541,-0.0217973962621509,-0.0324595232785249,-0.027269913049474,-0.0248142179906823,-0.0243292887773949,-0.0146781604395845,-0.00433432844599764,0.00081543569237248,0.013406157734556,0.0261377809502536,0.0446898600714834,0.0766771970044994,0.0999784117448468,0.109193573721172,0.101948236344193,0.0755969442711093,0.061548958456923,0.0372367059886375,0.0115079869168076,-0.00472002502131099,-0.0221728630309176,-0.0614386222578147,-0.064923731121225,-0.052944549652211,-0.0716439976687489,-0.0196950960339682,0.0205123493564972,0.0563532128085515,0.108042842857179,0.148066661244771,0.20483652407794,0.157288574163011,0.213508109163651,0.204063691321099,0.268708269052997,0.320284328188013,0.336123236595609,0.385086643033844,0.525414233273599,0.60704928277713,0.527159199785782,0.730898523406159,1,0.737191558755852,0.627120038107553,0.411579321940001,0.31773267443862,0.299552371313916,0.206087077087884,0.159559028517468,0.114260504315401,0.0763616095879458,0.0369366688837161,0.00433245794289367,-0.0229106966960315,-0.0444939460550251,-0.050646205864344,-0.057563970415181,-0.0473451068332454,-0.0323864243714222,0.00803994166023223,0.0401096056541784,0.0773183532461702,0.1029473044222,0.141264664560803,0.187082909025792,0.147227098495633,0.150359386792157,0.166666016113141,0.148209397590202,0.156624587213971,0.183520183647329,0.16393576321936,0.111462290545364,0.0691941828033374,0.0518833448120395,0.027074787145351,0.0078003302837461,0.00127214172466798,-0.00578277168804198,-0.0241347964199346,-0.0314023783054565,-0.057138012224981,-0.0545147744819316,-0.0549994948160219,-0.0689923694336683,-0.0631398681375742,-0.0563083635794337,-0.0292027982373383,-0.00657801176530237,0.024813632888033,0.0370482059540083,0.0822409265739993,0.117903162948843,0.151543999249605,0.171770449073487
"167",0.131908974445125,0.249285022658412,0.268402391831924,0.236044086235007,0.152866009803556,0.0821754076806019,0.0352356999552949,0.0123773647677748,-0.0418995805143712,-0.0662806159109483,-0.0633698427673527,-0.0790718574660066,-0.134478421624694,-0.168601703182452,-0.180767413157189,-0.192378893431827,-0.15643458538625,-0.176958871971555,-0.113234111094403,-0.116310720648586,-0.138260847097345,-0.11861352796337,-0.0780049027084394,-0.0358705376177113,-0.000383978548073642,0.00989134781664153,-0.037677107884347,-0.0130850158711708,0.0263052408827763,0.00457419922426077,0.0453887604372242,0.015364942329904,-0.00766620502505191,-0.0136635999117846,-5.93085026087683e-05,-0.0126614560725946,-0.00551036267575878,-0.0298132817867303,-0.0418328860305788,-0.0303104368475408,-0.0297093432015441,-0.0338090714865025,-0.0268626157987185,-0.0117979131593356,0.0137783340239255,0.0204826583511801,0.0252870346882331,0.0485419811186547,0.0659112573120395,0.067614825653669,0.0725199240232593,0.0862754409424281,0.0941318882924757,0.0928245589351383,0.0708733633215804,0.0722091479505816,0.0297253768439185,0.00315389282228949,-0.0122142927658053,-0.0305645917186287,-0.0564733536204598,-0.114903553120939,-0.114639421715157,-0.113635867512664,-0.172197264983405,-0.216695249193567,-0.187017815660692,-0.182687247211724,-0.249248228006961,-0.252805554432096,-0.204931840985404,-0.219111626599287,-0.255271096428518,-0.24017285701566,-0.230120606850357,-0.186031831645134,-0.17015045287856,-0.159934908793731,-0.148499774139706,-0.122171018569383,-0.0922219982259059,-0.0681435872299447,-0.0880725468592074,-0.151158335303521,-0.123820661858491,-0.0683098051665857,-0.0214726528570262,0.00971619119905259,0.0249622304991152,0.0726057895054486,0.104881330928059,0.106200751729666,0.123000836685738,0.155274793746245,0.146511008143753,0.156103806264286,0.101425507761698,0.0863763157820661,0.103517581342332,0.0851113675590948,0.057377464562527,0.049173881266504,0.0314349422466815,0.0158934943102546,0.00619680180615307,0.00324731376131784,0.0137579011962058,0.017308926483411,0.0301068503267867,0.0490692702392745,0.0399902359049572,0.0536694025965745,0.0751759624197572,0.069319381262503,0.0734236343871763,0.0941291012911787,0.100635992411196,0.106502797571332,0.0639045110500946,0.023888123970685,0.0126155186692095,0.00974724516106971,-0.000369493018053951,-0.0020730089254571,-0.0151587289794412,-0.0122468141554461,-0.00832673248324142,-0.00839155870464764,0.00537860404041561,0.0175161566757751,0.0263613666306835,0.0411423248675674,0.0545198248281388,0.0677915608531955,0.0927134298763378,0.108995754974999,0.122272873627482,0.119781138088549,0.106240577910327,0.0889647593387017,0.0618652910901792,0.0411396415461843,0.026306818872078,0.00505523965876921,-0.0394910410993601,-0.0443760320593872,-0.0313527172535406,-0.053657570871207,0.0097755255380818,0.0545576594883966,0.0885877554153739,0.142288988098946,0.176566347734971,0.218090497636398,0.15790182401067,0.190496249166138,0.172008400741752,0.217751856230533,0.253103363354808,0.301502358007342,0.326514343513138,0.397436189907728,0.53837458032833,0.581372581288975,0.535702655813952,0.737191558755852,1,0.738292151026525,0.571993416707275,0.361076424884255,0.331669508026778,0.242272840186816,0.167575547987387,0.120942991599549,0.0700124142414967,0.0260323292662151,-0.0154723059377155,-0.0487318232281881,-0.0687981249807934,-0.0760486581997015,-0.0897650742448412,-0.0766765539196571,-0.0624962183228686,-0.0253389063948549,0.00886103182407677,0.0458698542323703,0.0675449978404704,0.103119059073069,0.149344578100368,0.107118581795207,0.122305112557528,0.146498728605921,0.118841286753359,0.14884627819129,0.193863947426468,0.164173771141703,0.104299145248612,0.0598627134291252,0.0488162372464251,0.0212105185234015,0.00177058858369277,-0.00609456539553749,-0.010928140907984,-0.0330734536402804,-0.0423809316821385,-0.0745027841252582,-0.0699382663769183,-0.0721021890137071,-0.0909814915442702,-0.0864375881002674,-0.0782802070199789,-0.0472643274002825,-0.0163641407972264,0.015324168478106,0.0304958605487927,0.0812258842259854,0.117286030657097,0.166546781671359,0.197651310709009
"168",0.165581377683177,0.317585635409929,0.335157710493926,0.282232492479682,0.186332693086576,0.0975772293965488,0.0497179320755418,0.0165852438284863,-0.0389968166883188,-0.0688242761369454,-0.0720103524494461,-0.0869455892798035,-0.144524995884795,-0.174277044875371,-0.197883067713865,-0.205745960652403,-0.174909384465966,-0.200185420518137,-0.138985642206499,-0.143584387734676,-0.160897558354609,-0.136667881542618,-0.0940717356140615,-0.0393259844641604,-0.000396501611955161,0.00457943352861894,-0.0421781722067137,-0.0143895825967502,0.0142618706793943,-0.00383092554742294,0.0367012548139399,0.00874695743001175,-0.0156763847683351,-0.0186434031115255,-0.00521118709573538,-0.014294583187076,-0.0061348779538217,-0.0316351011079416,-0.0405815208270045,-0.0286503787024365,-0.0284577188999176,-0.0319631172119996,-0.0211886958050251,-0.0024210564983645,0.0221619586739391,0.0281915940119641,0.0367400890774476,0.062432811583408,0.0795237807513486,0.0812729884279512,0.0885729369107116,0.105794130398309,0.115053260528684,0.110709286045889,0.084176461300211,0.0873058996194588,0.0284368426019689,-0.00146318129757016,-0.0232410174262873,-0.0436240182423909,-0.0693022143679936,-0.134667060043644,-0.136035174251562,-0.129794789983366,-0.19056016867122,-0.240813651719695,-0.207593949861365,-0.196353160883516,-0.266349941527319,-0.272867742996511,-0.217675003980076,-0.228043908115621,-0.269445892614979,-0.252587372628921,-0.246661491817182,-0.198517207695389,-0.187781679619776,-0.179032328477932,-0.150502820778142,-0.123172659168994,-0.103078571767558,-0.0791631283778554,-0.111559899616964,-0.166272891601926,-0.136202571482141,-0.0693722326079976,-0.0221992473157219,0.0141746360530729,0.0345273048120986,0.0940753266757667,0.13399083488094,0.133931033308973,0.145514611672615,0.166391969258688,0.138390445535397,0.141332725535433,0.092292232036585,0.0779376853779581,0.095567336066796,0.0790431418100153,0.0505845975052488,0.0437903846089933,0.0294719751271435,0.0128934827544681,0.0061793000401689,0.00416533194728614,0.016036270507722,0.0220474845848865,0.0355305542598273,0.0571159674779235,0.0475251893651929,0.0658320077492015,0.0941712657000212,0.0879393655578436,0.0858976541500851,0.100256535488667,0.0970378339957246,0.10128535068783,0.0580568536558808,0.0204155732517125,0.00954407979968837,0.00817529696016405,-0.00101123936630101,-0.000822260089066687,-0.014698307825934,-0.0127946155034356,-0.0070568336371534,-0.00644606016565936,0.00812587816530243,0.0200154338724837,0.0295975182779877,0.042583412554437,0.0472430585886468,0.0602095434906193,0.0837888679237446,0.104282395695094,0.115381098906543,0.113314457633067,0.0966714358552,0.087697161654937,0.0643892999188269,0.0390721152356667,0.0245907096795316,0.00877116137215432,-0.0393675693363351,-0.0451380829701988,-0.0281563659366409,-0.0477056958797412,0.0266714415830287,0.0754417398494833,0.114300247900898,0.181283873966923,0.214435899669944,0.238235032394028,0.164088670759648,0.170324002079268,0.150081703842329,0.190822968162533,0.219688817295985,0.258749739769097,0.305803840273719,0.358035626574822,0.404437476655263,0.497715159575051,0.638517386710296,0.627120038107553,0.738292151026525,1,0.704464403380521,0.490420071077891,0.398969240440888,0.292521164620064,0.21108544836203,0.16236154170258,0.0993099978363755,0.0508242545330805,0.00134499538258271,-0.0359203928808082,-0.060237986618353,-0.0721922371742489,-0.0902703007457192,-0.0791539367426366,-0.0682394925949333,-0.0356372473225861,-0.00333300610286542,0.0334023272498792,0.0535687283383301,0.0901795032157028,0.126028551838675,0.0946751307867294,0.122702374279465,0.154044408604077,0.145915787998622,0.17438046398061,0.21408903656141,0.199518274242252,0.146773121582364,0.104021110193348,0.0918518364091267,0.0570550534494301,0.0293050455289213,0.018031890035488,0.00498310115610804,-0.0154085900242379,-0.0261493103819527,-0.0584621781167371,-0.0617859695854294,-0.0682761860032834,-0.0857164330908045,-0.0792907334363146,-0.0635803186008294,-0.0305970511478882,0.00389877730513145,0.0447142452878668,0.0653991108267736,0.125457585903739,0.167730981031885,0.218606274613317,0.237968916975107
"169",0.197213404002753,0.374744302182697,0.394628877499786,0.323157193051505,0.225881792303825,0.110784394562355,0.0550347212771664,0.00267875259407077,-0.0601857259899584,-0.0936548767025641,-0.0982361079993855,-0.11032667199142,-0.144166627167243,-0.159472948733117,-0.177982725284757,-0.180641558573066,-0.152967831434751,-0.176755315664666,-0.125801624828126,-0.131274736575561,-0.148776522529609,-0.128933231223336,-0.10201270720165,-0.060103478394525,-0.0239715609449954,-0.0218924542868838,-0.0698776235370819,-0.0371490026230704,-0.00887703371087013,-0.0297650798009177,0.0164411010742518,-0.0125704566296379,-0.0404860952523607,-0.0347131687941472,-0.0181758128049283,-0.0268363756250085,-0.0225408655350364,-0.0527012388747645,-0.0564691510781075,-0.0429427954758991,-0.0373519681278735,-0.039830978724919,-0.0237310904525333,-0.000910360423701018,0.0240993650465735,0.0338020154599887,0.0481288617103681,0.0764061243688406,0.0950498123726043,0.103848522101441,0.113544219525389,0.130568453014349,0.144302388732617,0.143503629346264,0.110678654120615,0.114297697878716,0.0474367415092298,0.00949830109122318,-0.0129664534845589,-0.0256720213831647,-0.0537053516984264,-0.128870533275932,-0.120102963885713,-0.106790012647421,-0.18063665361034,-0.234124247332327,-0.186924107326354,-0.175543221818639,-0.261427162687765,-0.26322268149137,-0.199808935618721,-0.219228585358954,-0.268156801483832,-0.261319695063355,-0.261288294619985,-0.218220339805841,-0.220662105483183,-0.226481764989752,-0.195176447987434,-0.172387355198134,-0.153050983181826,-0.124086144649168,-0.152525456611428,-0.20416456359285,-0.149550472734376,-0.0769394964279591,-0.0331413861014431,0.0148040036001658,0.0552613583495092,0.12766453039705,0.177981441941464,0.178838403896732,0.186838415377979,0.19687193635573,0.154776676475257,0.148661761474365,0.0983916741149775,0.0781457494160667,0.0966056097864223,0.0852675231307014,0.0519519530883072,0.0415964234782919,0.0332601955344283,0.0178669581900607,0.0153522294398353,0.0152088003779521,0.0300387150243969,0.0394525192928842,0.0565988612611004,0.0787270540580929,0.0677828955483646,0.0921987278936277,0.127308911009322,0.127312957890109,0.121742279214921,0.136327202572547,0.122560975318991,0.114890812832729,0.0698291975116757,0.032253737924646,0.02056162948739,0.0208002600988715,0.0159340810608591,0.0179210914036225,0.00142758937491605,0.00212539344494743,0.00860852435439904,0.0078470152092929,0.026408534680146,0.0421674241170139,0.0604145062820692,0.0751572703904883,0.0809031007123733,0.0820418326647856,0.09447876411949,0.101331289126889,0.114928038560279,0.114194065236071,0.111725349751573,0.105261127633285,0.0806707577565778,0.057815599087542,0.0470488115256821,0.0328240531496338,-0.0196674345012153,-0.0302591663601334,-0.0116621073633069,-0.0306763063296345,0.0604643257024619,0.113835137573213,0.152537915559296,0.228440744407748,0.266398189202963,0.273595671703056,0.197795486719972,0.174868846277362,0.146090433134204,0.174485604467424,0.199820327892499,0.263636790690292,0.296788072002086,0.303806512510002,0.392673134946946,0.548707511860891,0.484175738522873,0.411579321940001,0.571993416707275,0.704464403380521,1,0.618850533557136,0.461953728806511,0.34504025580607,0.238624584812429,0.194298244322139,0.111581652627333,0.0576269300963733,-0.00381574667778521,-0.0481815989215596,-0.0743160469341042,-0.090542827338176,-0.116575309508908,-0.104090288375544,-0.0947032681274011,-0.0628140835032944,-0.0287894668126091,0.010361964343252,0.0299841546585438,0.0713861443701861,0.0993398682268282,0.0616516397218874,0.0898970482966359,0.10957235046394,0.0933692589783679,0.128832776621694,0.187229826040894,0.184112800368227,0.135277269456742,0.101594731077435,0.103069611597036,0.0691804366949966,0.037861870291679,0.0248414333012543,0.00605242888103904,-0.0162186304967177,-0.0297692526875788,-0.0669175036883752,-0.0703751725938353,-0.0798708111415965,-0.100433472804231,-0.0938416658584655,-0.0746617815488142,-0.0369887664945521,0.00493870688326123,0.0524217517747666,0.0775700332918381,0.145106892769258,0.178457282646161,0.239881618675118,0.254681554662498
"170",0.237750605690628,0.457243138094775,0.501647288365738,0.418302453817612,0.289834006679319,0.152659176204045,0.0913629583968485,0.0199539800098139,-0.0438002148602625,-0.0851003102760123,-0.0972415392511785,-0.112436679212896,-0.156967428602883,-0.170938741345519,-0.210314927113205,-0.206040934554376,-0.189310436653036,-0.218727560356909,-0.172133157632946,-0.175163016787735,-0.182246165804176,-0.152277464177432,-0.119096579587915,-0.0595130895432138,-0.0177920163524527,-0.0200659182638751,-0.0665602310977161,-0.027300333278514,-0.0101035476166774,-0.025331863203753,0.0208121076972913,-0.00874238611661981,-0.0386811500815723,-0.0318762623227317,-0.0135241274219018,-0.0180817087661136,-0.0129136777224935,-0.0448711252117316,-0.0476344750183575,-0.034433299803036,-0.0305124972053737,-0.0310716970646096,-0.00973501065509932,0.0154963271694891,0.0386814054808138,0.0498200311628992,0.0679210118289128,0.0977631529760893,0.118137195773923,0.126298593138507,0.13622462029912,0.157626643499129,0.17429351899357,0.166190850442847,0.126995536860443,0.124386090174349,0.0450543352039429,0.00110730013687147,-0.024754701456291,-0.0342325926696138,-0.0629558161912536,-0.143079547746314,-0.130616670318912,-0.111477297613985,-0.18948438649204,-0.244163944702417,-0.19172545638554,-0.17665843010399,-0.265734282591959,-0.266475154556525,-0.197841556172331,-0.216346812693545,-0.268178362773155,-0.263719471643016,-0.268292865232343,-0.224568130186521,-0.230838989754848,-0.240188666864705,-0.195183075874736,-0.17419262080101,-0.164321039552145,-0.137982290308412,-0.176239441690332,-0.219479123912643,-0.163930687432522,-0.0860158073752795,-0.0434186870135292,0.0108171572424158,0.0577914565312045,0.143940440046966,0.206284428218008,0.216146703103381,0.231096680914344,0.226768507097583,0.175476896484246,0.157715796243285,0.104468246202533,0.0853704930564486,0.107563476834677,0.0945079848468939,0.0580023352466421,0.0477723579820445,0.0400152551049936,0.0221002152137268,0.0203572923988843,0.0203137513983956,0.0376501075480136,0.0497628574098517,0.0680922925632293,0.0915495671916328,0.0787144188313775,0.106023826221572,0.148118132468596,0.15236125589159,0.145313399764542,0.155586137666722,0.13340003029733,0.115266268166901,0.0647054584071471,0.0255032918317212,0.0143846096122777,0.0164017806637244,0.0114254971415906,0.0158461051276341,-0.00119959265541869,-0.00160607484016719,0.00755562482163529,0.0085053342073803,0.0292687173340911,0.0483738670183464,0.0692725848594731,0.0807807079009281,0.073845422802583,0.068205963345358,0.0733377696949607,0.0830922292006512,0.0954889985673298,0.0884956916773929,0.0811564232770616,0.0900733356876694,0.0678580113530228,0.035892139408895,0.0304238267557836,0.0290429601522937,-0.0265685203552964,-0.0403688612504721,-0.0159870355584387,-0.0283256156853808,0.0778628625861396,0.133735898478624,0.179809873575629,0.2796004023225,0.33282045849493,0.325456417737669,0.248736536965686,0.191312395532729,0.152698677500283,0.159434440549286,0.183575566100971,0.241741252353607,0.27971085043084,0.277456038161337,0.317775522687781,0.423842160706088,0.445043723354686,0.31773267443862,0.361076424884255,0.490420071077891,0.618850533557136,1,0.656556788916283,0.432185569427062,0.319006994466828,0.255089156208944,0.15992552406873,0.0973583222284368,0.0232181596545832,-0.0242994571957267,-0.0566221435264583,-0.0785015772699553,-0.107801422760042,-0.0978201422103103,-0.0930820840827676,-0.0640168150925572,-0.0350328949025805,0.00474040063297817,0.0240986344355366,0.0676788924820365,0.0859828016241806,0.0639603295202364,0.0908124691050044,0.104115308438306,0.110654359929798,0.128577304546669,0.179374776724533,0.213349914227923,0.174933276930238,0.149526740230581,0.154051747327901,0.114211071181667,0.0691348165766975,0.0549940741966277,0.021988405942371,0.00180072818662229,-0.0120379969839441,-0.0475034056586739,-0.0572067353269237,-0.0704167135654197,-0.0890502476495671,-0.0801244097495642,-0.0545081446169178,-0.0147533790505291,0.0285156886604234,0.0908977538238621,0.12237460092599,0.205628980859813,0.243111330284377,0.306242781100866,0.299757777635715
"171",0.27204130323645,0.449278578457831,0.501276533217104,0.399597742295804,0.296476653557367,0.168856261876326,0.109430717795978,0.0241668179736855,-0.0492582718911676,-0.0963862983226206,-0.117007889675762,-0.13328185615244,-0.160235893301667,-0.161813098623064,-0.206776826524019,-0.196364116815542,-0.186247010066507,-0.216977739666649,-0.17972847586873,-0.183938353398855,-0.186260069306431,-0.153935832528753,-0.124801292800787,-0.0542569167343108,-0.00640850303889697,-0.0123721851543194,-0.0667782816069781,-0.0226593828075808,-0.0186671259738665,-0.0467123493444277,-0.000945067076933421,-0.0349640782478439,-0.0723731118484909,-0.0575965676361192,-0.0347629611901459,-0.036561941659083,-0.032765595142173,-0.0673173234741033,-0.0616156102059351,-0.0519333800500577,-0.0391905024429473,-0.0314319289790967,-0.0054861217392815,0.0315578447753223,0.0526160661904304,0.0573731377912316,0.0820414875394649,0.117134295470115,0.131499383318866,0.138138547925368,0.148517661470069,0.168313042041592,0.182687992489404,0.17304915731637,0.124685558453756,0.109965792803282,0.00924124719951258,-0.0393821847977862,-0.0728166963321277,-0.0862835637960638,-0.116285053224068,-0.201984561348066,-0.188568872931807,-0.15902976333251,-0.237308869135591,-0.295622945301604,-0.23368184031747,-0.203169308217232,-0.294397559953577,-0.298409948312926,-0.214658454106839,-0.223663668167576,-0.284279187723154,-0.278828650112761,-0.294497476691045,-0.246321302002584,-0.26241545262986,-0.278055651417927,-0.207619293026578,-0.187526909102709,-0.192365645725458,-0.166598635420513,-0.222364671809042,-0.25323724812276,-0.191642081984699,-0.0978178280898915,-0.0553971869721793,0.00221728575241036,0.0442383555597622,0.145298049258135,0.210015248373255,0.226430249709866,0.240294719996229,0.226142415931261,0.165084734020474,0.140606400214933,0.0979471946046672,0.0762276139272852,0.0963352243462344,0.0885376852419964,0.049809153177817,0.039128452441938,0.0365799386149865,0.0229340631536007,0.026890702336292,0.026699211926114,0.0430552857058805,0.0585037991977548,0.08016803029083,0.105951077023815,0.0923070928936757,0.119502742348479,0.163792719545454,0.169603580280288,0.162658715873142,0.165575738360774,0.137340780678827,0.115020966559498,0.069712240333645,0.0369731713990165,0.0282474773202092,0.0331588299302778,0.031943153958977,0.0374889112964869,0.0207502175427519,0.0199434796323629,0.0279244803073912,0.025647975554935,0.0469283160157218,0.0629322542396837,0.0872448230155082,0.0966270328684369,0.0859674821961812,0.0732497113929243,0.07282661185735,0.0786013982703966,0.0864868170712352,0.0791998951984864,0.0784489401897777,0.0915855919325504,0.0664507449819075,0.0392752990834407,0.040368581422278,0.0359241292837362,-0.0213815193461154,-0.0298015344832833,-0.00637264914756136,-0.0312093058147547,0.0744185756960867,0.115811220673499,0.177991130512133,0.286047132257941,0.339116540260751,0.316515920212443,0.242171869809151,0.173941000084525,0.117361360373437,0.114017754355917,0.135917826061088,0.209766515351703,0.248725195329727,0.239151607203935,0.293984946324688,0.375418760029046,0.381170809114647,0.299552371313916,0.331669508026778,0.398969240440888,0.461953728806511,0.656556788916283,1,0.626619909446705,0.423873494879781,0.32286934325832,0.215859653341871,0.142116948125749,0.0520592291627849,-0.00797896180577679,-0.0442616265060141,-0.081268549979029,-0.126201217215478,-0.120295566986326,-0.12309646302382,-0.0966985420719147,-0.070560689356303,-0.0293902883618304,-0.00365057431244008,0.0544916985014936,0.0727364867597639,0.0703652656162557,0.110143067099013,0.131287404466212,0.151492630322031,0.167053030672015,0.231315471881868,0.295208687549598,0.261111324661892,0.234937761991699,0.241924729326176,0.186224382576151,0.121623441484058,0.101329794062626,0.0496427672305155,0.0305705913578285,0.0139353986995139,-0.0254368910789369,-0.0462547821979856,-0.0672644967726338,-0.083373014466039,-0.0696918853031781,-0.0310608649229484,0.0138881746642309,0.0625570712980912,0.144776307645139,0.187891726851575,0.301478386490053,0.35769988440311,0.446495243550933,0.429395217681246
"172",0.184793429938652,0.333099986400388,0.452852006694508,0.395008508276436,0.322394323797099,0.18439005888952,0.142038722914507,0.0548604979706242,-0.0132261509395962,-0.0614646763185438,-0.0886853509874184,-0.112015586315792,-0.151568849773657,-0.157719196310354,-0.220510998356469,-0.204342246613585,-0.207762687063956,-0.238511961037615,-0.208843121766531,-0.206182124331191,-0.195230774251001,-0.152553347824429,-0.113489092982801,-0.0256786315705449,0.0269668726323555,0.0182088873665495,-0.0344681166623838,0.0127947851320364,0.00514027569038924,-0.0203725744853927,0.014860155225662,-0.023183522444939,-0.0591921069429548,-0.0496981973405801,-0.0299130853733069,-0.027751834665947,-0.0216713906891082,-0.0500804249602446,-0.0450585315303761,-0.0426715489048882,-0.0312814867761577,-0.0178954487752011,0.00679635564050337,0.0459121480126852,0.0629953842504038,0.0594324037615158,0.0828829154746904,0.118651285348495,0.125919829084102,0.123171368918988,0.131052972866732,0.149821562772613,0.154783091540531,0.13702138800864,0.0930083131159762,0.0649996529059057,-0.0271758524235257,-0.0710505612480107,-0.0998437831600672,-0.114156675566819,-0.143506217220733,-0.214193733463324,-0.202017897682956,-0.175125127936652,-0.24015570168358,-0.285982491301316,-0.230863860689545,-0.198504277611956,-0.271377330771949,-0.273739827253279,-0.19660016938214,-0.196739341122615,-0.248611232037106,-0.242608663619405,-0.26023967323423,-0.215225615101411,-0.227557390152467,-0.241279362570191,-0.168581742322269,-0.15289733150882,-0.165593878088082,-0.148728693032542,-0.207533685963355,-0.228301538309272,-0.184420983963584,-0.102087895856792,-0.064711148199716,-0.0179912417645256,0.00557810422528586,0.0940469283995109,0.149544718757193,0.171782620431303,0.198830989391444,0.191227162555789,0.144313162769248,0.122088803167004,0.0844551475140322,0.06834369280356,0.0844570351368936,0.0742995656573563,0.0418007141833764,0.0330400994961949,0.0285302888860739,0.0168212697132689,0.018567917648752,0.0163461561447029,0.0279871595738701,0.0407544008509678,0.059381675198681,0.083511402793318,0.0729558609740012,0.0905285305781022,0.124856125225527,0.127172153183402,0.130841336980906,0.13522382288753,0.115507319216221,0.0958350519644749,0.0593154663302535,0.033639893344836,0.0264683080603033,0.0293463349498672,0.0268787063950535,0.0301868540064302,0.0169624415072132,0.0155940498011367,0.0211156065698273,0.0189151216938833,0.0349903928961692,0.0465841218095284,0.0677244126969839,0.0756065203126329,0.0660902453261957,0.0548494110227232,0.0550256012935595,0.0608817000779696,0.0657331700144137,0.0553784971712543,0.0521648273935154,0.0647475433366852,0.040397292950544,0.0161947240771614,0.0180117434153607,0.0118406167366528,-0.0363457715780636,-0.0409204806152974,-0.0225125327332878,-0.0496368200470226,0.0339387321242762,0.060468345645534,0.120289451329103,0.215423528790586,0.290890176750409,0.281894605605169,0.226549036581819,0.160519123484454,0.109107622798736,0.0920305901645339,0.0977538271333236,0.161486347221003,0.19404608412489,0.166476231574421,0.19619475824417,0.262699170484402,0.265770880015641,0.206087077087884,0.242272840186816,0.292521164620064,0.34504025580607,0.432185569427062,0.626619909446705,1,0.633504214483921,0.400667326209615,0.268806311718222,0.181535136303374,0.0936587305326922,0.0310471734265493,-0.00663537131771456,-0.0509984656786624,-0.0956160908963388,-0.095332624213193,-0.103213104277435,-0.0776609337149091,-0.0611639508318117,-0.0243343662778929,0.0045868645408235,0.0608361312989186,0.0728920575596635,0.0928709475704194,0.136578903339765,0.148179243048626,0.190462949039196,0.190786561878992,0.245574372543292,0.333169538140341,0.3193495653936,0.306436462223501,0.308451637226848,0.243925801529958,0.165940658846267,0.142086548838172,0.071404790065192,0.0555309768830647,0.0381052268244843,0.00376493206899341,-0.0234373482234277,-0.047117452672875,-0.0572923958898706,-0.0397737168838912,0.00449122725772685,0.0489997205381659,0.0934330924956361,0.194779493761449,0.24544603696015,0.398083955766693,0.468343784153967,0.544403438575176,0.406639565594856
"173",0.134094989703658,0.257670639061874,0.368468486830834,0.451978066388042,0.396127743826097,0.239570524968676,0.198735371128394,0.106900604138121,0.037831401806162,-0.016134255376745,-0.0522698264285545,-0.0889385969696092,-0.156126208698389,-0.176003694422044,-0.257516179099789,-0.238809705558586,-0.250429501849826,-0.283196020842439,-0.251014897439344,-0.240665213011409,-0.219199969800833,-0.16370741405697,-0.107202273034309,-0.00149318483179913,0.0572209854554459,0.0508568728751456,0.00365484767482932,0.0608472784728284,0.0504943258444493,0.0316131427292444,0.0604698169988966,0.00915684678308906,-0.0307668789584765,-0.0332670145135115,-0.0155085797349001,-0.0102974870596177,0.00323503491838227,-0.0217918421822124,-0.0224858261833425,-0.0247591083099147,-0.0179901125405879,0.00189775189870688,0.0251607164188727,0.0701807182043443,0.0894780632349007,0.0777679096471759,0.0998479623472865,0.141496246540283,0.145156407104124,0.132358453735658,0.13873783560347,0.159056211904976,0.151992444155132,0.125584935337871,0.0866351645271207,0.0456347266534567,-0.0384756682872425,-0.0789537938148867,-0.103760994181429,-0.118034961854831,-0.146674196700704,-0.206972866771932,-0.196423674913274,-0.174656164609793,-0.231529332663848,-0.268787051658305,-0.221413552677259,-0.192820983342051,-0.253475758579465,-0.253890059642328,-0.185443195889532,-0.18267611894718,-0.226244043038159,-0.219402407958397,-0.234238220329987,-0.19156564422127,-0.197165136573619,-0.207281475156588,-0.142067826021582,-0.128582252815976,-0.140509380513142,-0.129146368076647,-0.18429428009172,-0.204304444318165,-0.17420276309304,-0.103666416962242,-0.0684860301274461,-0.0271142383580683,-0.0132318107667065,0.0648643586970167,0.11889806976892,0.145339117431424,0.181648780188652,0.182794808442984,0.146109074693617,0.123933851556972,0.0806071574097415,0.070321327362284,0.0876036807070359,0.0703377573756972,0.0391934622292304,0.0334917000527299,0.0245289978641374,0.00904886128243617,0.00553544431596322,0.00299524680679326,0.0144808407543963,0.024329536984419,0.0407694300834213,0.0666211931241444,0.057426048648616,0.0697356841885202,0.0991339634157113,0.0976151849259579,0.109178623917577,0.118811671603581,0.104396989582839,0.0836825692556263,0.0483849752566663,0.0226174328954361,0.0160613426548057,0.0159228559066665,0.00959454547357933,0.0110718724902389,-0.000926119707331636,-0.00259126430878395,0.00298680733004619,0.00283112064050657,0.0163523059412808,0.0283317233098198,0.0496013628547921,0.0579070605359416,0.0493925272759086,0.0380138411264595,0.0381339934794137,0.0430865056628937,0.0486085806153899,0.0353134406072175,0.0295028153251753,0.0421768911383588,0.0184022624355533,-0.00437911359383901,-0.00169025345103124,-0.00803403221068091,-0.0499524448117729,-0.0522430275269964,-0.035963362898147,-0.0607287633647567,0.0112720743357504,0.0353569276759985,0.0940355148927314,0.186104233329142,0.274795885524328,0.290749943920591,0.245611708661737,0.176434947594927,0.132152122938915,0.116193075287393,0.110760953006326,0.159296390288085,0.188818558424038,0.160518976652655,0.159507965663094,0.201607091566221,0.213849601805216,0.159559028517468,0.167575547987387,0.21108544836203,0.238624584812429,0.319006994466828,0.423873494879781,0.633504214483921,1,0.641793804247508,0.3853491407381,0.252817527754634,0.145601377815919,0.0785391624036261,0.0332318531725013,-0.0189613857264387,-0.0606864920358187,-0.065875053625765,-0.0763359090954936,-0.044980247515277,-0.0338502277956588,0.00786539076914087,0.0458750516330441,0.0990823501923958,0.0968092460542821,0.115166021945774,0.150444435938749,0.152946343359529,0.190608048128315,0.183224706383842,0.224287602299093,0.308055226430739,0.307823036308286,0.328059655462844,0.288141200682183,0.254941986366167,0.191900047786579,0.168988045058947,0.0887378822904571,0.0843142576900911,0.0615593939722018,0.0301265212016236,-0.00250719956069783,-0.0287439141424634,-0.0352317336464497,-0.0129729941523934,0.0388115825089875,0.0880195312495936,0.126937407229684,0.250114728442475,0.302594784198936,0.446696398185566,0.513780896784564,0.449233397393679,0.33509410655176
"174",0.110313952413953,0.224584287369779,0.313921550642101,0.385388593845653,0.519559624792551,0.313050015869095,0.280864348688924,0.173972110558208,0.103924788437607,0.0354319324152462,-0.0210964156990901,-0.0696881356192587,-0.142821106671255,-0.161435130439625,-0.260629821213989,-0.233797048034664,-0.261667826264107,-0.294193107486262,-0.27546407739645,-0.258882660903397,-0.222913688696672,-0.158407291571115,-0.0993724250170579,0.0151925427908911,0.0811353270536939,0.0647767753232355,0.0366599457217469,0.119717430210496,0.0885937690347733,0.0725335734271563,0.0944801849032987,0.0263727109958429,-0.0218993300748941,-0.033115223301532,-0.0158320395064457,-0.000251988671414832,0.0213096887995801,0.000581533859537448,0.00261591623985767,-0.00931061597827239,-0.00068838101237219,0.0309161692707791,0.0599221130970727,0.117170582318628,0.130433321737094,0.110395697755568,0.138901536538212,0.180719088170677,0.172454928979245,0.155407637316812,0.159257412641828,0.171457929133379,0.155730539434936,0.122545838055433,0.0802071046882084,0.0253772762696731,-0.0655214428804412,-0.111293649938497,-0.135018801744881,-0.144661733252233,-0.176468608407986,-0.233286763274131,-0.213961807515311,-0.185475953930138,-0.242888632057422,-0.27157135631187,-0.214934802391141,-0.18025419337583,-0.238554839015764,-0.233398025162218,-0.159084625443503,-0.15317916782338,-0.197615228074639,-0.199107725707198,-0.224398164915349,-0.188043859600498,-0.202241815055355,-0.224321448472919,-0.148113310749809,-0.142927620424644,-0.16606480074755,-0.159643142195756,-0.219539121335185,-0.226250627305707,-0.192130928411017,-0.124085482872685,-0.0961886105312061,-0.0552823074680685,-0.0440745493526443,0.0402350356889105,0.0964379871875447,0.129227418953899,0.168953045423761,0.172612809679488,0.142970530488203,0.120215806327992,0.0738509567756851,0.0646504234438,0.0796067447837326,0.0582547791379136,0.0264291911761085,0.0231570461460257,0.014499724761571,-0.00412180883669521,-0.00943743512788939,-0.012914043675039,-0.00217682024026689,0.00862052469526344,0.026890850482353,0.054386721887495,0.0522818619394609,0.0630843994628027,0.0856647051988255,0.0843871599598319,0.0963991566123641,0.110356501262717,0.101459011599193,0.0885860358526193,0.0562628590542385,0.0374993936809915,0.0252867838193274,0.0196787934740401,0.0138111873858224,0.0108752325584795,-0.00186010052233908,-0.00512501789044607,-0.00307958739113307,-0.00479921027215676,0.00587574181584099,0.0169529583001922,0.0417882677400123,0.0539678591228606,0.0505412787222822,0.0450331703805955,0.0459685811752385,0.0527427401607247,0.0546764481827189,0.0423895471484581,0.0375902822805353,0.0451355096152261,0.0215449662059066,0.00297454787521613,0.00306859335610187,-0.00708740629721046,-0.0441830819436951,-0.0475740018744327,-0.0394186534204049,-0.07100358731804,-0.005186174884361,0.00868567135318555,0.0731692408470259,0.166648025892825,0.252889602168372,0.27001662062915,0.259191632969241,0.179240910926386,0.129878096309375,0.102220463863243,0.0832527380966571,0.136220700332735,0.169577670716514,0.126215868745969,0.114570228578878,0.157334458245673,0.167995859406828,0.114260504315401,0.120942991599549,0.16236154170258,0.194298244322139,0.255089156208944,0.32286934325832,0.400667326209615,0.641793804247508,1,0.639320700315732,0.372916740971236,0.247776823681628,0.157214657703026,0.100679122963658,0.0282288143083882,-0.0197643427839558,-0.0391410493064246,-0.0617450026035397,-0.0309194104744428,-0.0355738204326606,0.00655215991377727,0.0536129275714506,0.114248275337922,0.0765841844942665,0.0747092011185728,0.113224616107687,0.0913942647997278,0.130483232634015,0.12133795518653,0.156534920268773,0.232420075661475,0.25194776710939,0.298206279928704,0.291627203027289,0.311663376447523,0.262802473058709,0.251035878754008,0.140776256485035,0.151667047823874,0.121601171600415,0.0942952953437944,0.0447196772154509,0.00419016986228749,0.00546585903590248,0.0395873002903288,0.110643989097911,0.166277732362693,0.209080305041135,0.381657730470313,0.416455635784916,0.516383053181685,0.415595313420602,0.36305768605106,0.259213414184156
"175",0.047743723067912,0.124942092866599,0.192126007634248,0.250493976315786,0.364402791325326,0.38212993854042,0.392590673120984,0.272659944204441,0.202582256011429,0.125381923299913,0.0536315477159784,-0.0135357067381925,-0.128003458701935,-0.171030904465988,-0.283172472132719,-0.260787548212401,-0.292757494921679,-0.3246291067833,-0.298352050416886,-0.274748752963815,-0.229977982816583,-0.154832392968593,-0.0706839303382199,0.0623574211129821,0.133035566947944,0.128451784844771,0.113126544875795,0.209356395958514,0.169233253642834,0.163201705865907,0.163181787315585,0.0826966479473633,0.0314735232574188,-0.00294691181563816,0.00720881811661235,0.0305769217149147,0.067205598499676,0.0578501255588184,0.0505878156863795,0.0280177022566946,0.0281670779155258,0.0783547097599101,0.0950820745293081,0.156575479975003,0.169195836994484,0.128300039435349,0.137252205927581,0.17307823147957,0.153610505093054,0.11636557552177,0.108742756994571,0.117719853021318,0.09302330006912,0.053913796222695,0.0265339033399996,-0.0219382486996833,-0.08891142067484,-0.119861471044744,-0.136765159911734,-0.15173344167381,-0.177911029964394,-0.210650926341974,-0.202531392624979,-0.186680016471115,-0.219572684698441,-0.234260493415025,-0.201121071252169,-0.172524129142423,-0.200407297065188,-0.197761071455245,-0.144938158355152,-0.128997064552116,-0.155506438313643,-0.148489929831718,-0.165038424741498,-0.131041362142546,-0.129773232760039,-0.13658640583061,-0.0751297611304309,-0.0696536627721002,-0.0910032575175945,-0.0940831027931383,-0.148181714319467,-0.152980578248449,-0.151906857815111,-0.10459916435907,-0.0795835725832789,-0.0579778278637529,-0.0732365811114339,-0.0188891362279501,0.015859588912701,0.0454903028916733,0.0842025111033692,0.0920423256820919,0.0840047444713501,0.0687926116455945,0.0325678018476867,0.0364912788900877,0.0473864135169075,0.0211139693025804,0.00253584085041131,0.00856220359157461,-0.00419597310369093,-0.0200825939659136,-0.0304465403447027,-0.0326629669129232,-0.0277016386058871,-0.0255400120879819,-0.0134842927707303,0.0104467631868197,0.0131690012598041,0.0132445786140964,0.0211514209348852,0.0136988608665463,0.0284886858469994,0.0384184766004198,0.0396028353689856,0.0357642043124962,0.0158566313823231,0.00528976210054827,-0.00159804606484139,-0.00895358970173586,-0.0187543991913085,-0.0237127072126155,-0.0293369382413464,-0.0320523813913452,-0.0313476691306102,-0.0295373649369973,-0.0269281862289367,-0.0200951623592249,-0.00594781981558904,-0.00113814543063658,-0.00118988847249932,0.00042944817944074,0.00623547909312231,0.017261932309257,0.0195447896264731,0.00722348823459347,-0.00391524313986878,0.000997936514745098,-0.015990218647413,-0.0295401200878392,-0.0304988859275164,-0.0412418045172053,-0.0635940781160548,-0.0604608065680769,-0.0568305040811898,-0.084523846342841,-0.0526814628625622,-0.0490754543498855,0.00602592269608051,0.0775562459478183,0.147913914038346,0.170137948668681,0.183799263924662,0.133220054603775,0.103920022302712,0.100002584103374,0.0732223398353915,0.0945807912235683,0.126161233108658,0.100764699993963,0.0773804060062163,0.0967274964134234,0.113582748796754,0.0763616095879458,0.0700124142414967,0.0993099978363755,0.111581652627333,0.15992552406873,0.215859653341871,0.268806311718222,0.3853491407381,0.639320700315732,1,0.607709733436936,0.358391154118899,0.25701790314232,0.181722565994509,0.0980495946189813,0.0577652410013632,0.0275586227327951,-0.00108768448430508,0.0330536057926681,0.0157575964722404,0.056799394386121,0.116305060287705,0.157016170598128,0.106777198393411,0.106067088181258,0.114689580719802,0.101223629758615,0.129129082995921,0.118446323290329,0.138585931247115,0.194001966300776,0.220710317370736,0.267457875716325,0.240734045152156,0.262873664987032,0.264095766871342,0.249008921932421,0.15396349960982,0.195828550237044,0.159034824736938,0.14133318973673,0.0854746149734326,0.0451649897472215,0.0560254807953286,0.0970105870573371,0.177167955283081,0.233738132435895,0.266806665790127,0.43715466362008,0.458723946604763,0.408096582258553,0.340912579002814,0.282712026697906,0.197881767378933
"176",0.0147335754697313,0.072541261392999,0.125479890907039,0.17902348785776,0.286391357698834,0.317720785651614,0.561132664878755,0.383331672345351,0.320163411817544,0.221769971842873,0.115393442909866,0.0331872536879607,-0.108824056346273,-0.162062288915403,-0.291155825851753,-0.265409627931541,-0.310361349564114,-0.340657815897869,-0.320421697758314,-0.288904679124429,-0.230603939929802,-0.147127175813857,-0.0515350965215666,0.0817736129911776,0.157610026861034,0.149722151450217,0.176917644485998,0.306727417977452,0.227310206875351,0.23264388079761,0.215020606311999,0.122487991132975,0.0649203595760185,0.0150830828668298,0.0206195978880733,0.0570657799224777,0.110694994397835,0.112468984494976,0.110397224942889,0.0817505430520716,0.0794976004911208,0.154624086304765,0.176582611470883,0.238694818534838,0.236295439820919,0.189377759134021,0.186337324429681,0.196200937398453,0.157707859990641,0.11488046623452,0.0908658772619031,0.0803721851212197,0.0529971444438862,0.00733755992540152,-0.0167282504132262,-0.0617223668781074,-0.117337612518186,-0.147406077626397,-0.155770595368775,-0.163206505894902,-0.189425268942902,-0.205922236048805,-0.189782769118323,-0.173463636625571,-0.197440150933468,-0.194636129879413,-0.161751551983375,-0.134265132711829,-0.147674044319468,-0.138103165140318,-0.0927076371199742,-0.0741795810768247,-0.0919262508638047,-0.0936393763311702,-0.116124789134241,-0.0950444157284256,-0.0957632741890465,-0.108888279188634,-0.0490512033705753,-0.0530557009957,-0.0820094404611395,-0.0941417943041325,-0.145180313292857,-0.137285370633931,-0.145450295914151,-0.115349048779505,-0.101433877434357,-0.0898653025478839,-0.116221293204937,-0.0713564983864041,-0.0398207383443144,-0.00884677808187211,0.0281167489607939,0.0400595851497068,0.0420442842047621,0.0327395804255913,-0.000604868114067851,0.0105321709086292,0.0161739830657736,-0.0135835389139524,-0.0216572938637284,-0.0101043616782082,-0.0244699643957434,-0.0414441202609468,-0.0550410187238726,-0.059196406030728,-0.059799488265705,-0.0602798889218694,-0.0482296350024741,-0.0302977138332134,-0.0184140778757396,-0.0285435943494991,-0.0307680799605828,-0.0377616277461967,-0.0238458447258954,-0.00899994700462402,-0.00103155292783267,0.00919357373502645,-0.00117489873170396,-0.000497099394733438,-0.0109082430003097,-0.0246120965808429,-0.0349565423486413,-0.0447117072135104,-0.0475868564870281,-0.0524422347537227,-0.0553759317804189,-0.0520714672297287,-0.0569803087798135,-0.0523329733672526,-0.0421960983144142,-0.0365323835085258,-0.0300422021981661,-0.0162077922839616,-0.00501197273682291,0.0122845149232265,0.0154694455597766,0.00645130073519868,-0.00960705865220545,-0.00957124471402076,-0.0176792171300224,-0.0285385255488406,-0.03734299355769,-0.0464842453318006,-0.0561875640790208,-0.0583672536776565,-0.065752578834216,-0.0957140806239816,-0.0837029926944169,-0.0890697026121941,-0.0317576003983098,0.0284012499522581,0.0876220728482014,0.110889909520818,0.129904107570436,0.0957914691571451,0.0756547605749125,0.0780065392644062,0.0455502238998992,0.0531414474778332,0.0844674322475436,0.0639118829793444,0.0342148306155124,0.0456994613145088,0.0656899373076453,0.0369366688837161,0.0260323292662151,0.0508242545330805,0.0576269300963733,0.0973583222284368,0.142116948125749,0.181535136303374,0.252817527754634,0.372916740971236,0.607709733436936,1,0.643333922062614,0.425300583815649,0.315501799725144,0.188483823490864,0.150565107867612,0.0941946812015106,0.0469933437811365,0.0742958046759226,0.0329825797076183,0.0693006449227172,0.131488614280053,0.159323492670763,0.0841585410640866,0.0736840243139772,0.072502948850306,0.0497910056485808,0.0737625849105744,0.0603581722817277,0.072370865927991,0.116348958430913,0.153095670685833,0.197895770649547,0.181760031543238,0.211657932587192,0.241599596527351,0.290364588161066,0.210625052773335,0.291779756289873,0.254034668709587,0.252721193168764,0.178535961811619,0.120429126378507,0.141864396821811,0.196736296751618,0.3041065544141,0.377758648853319,0.393812210421951,0.539130402071613,0.38428519177453,0.298354297821956,0.235523488755838,0.192996357565452,0.118074446982868
"177",-0.0405027498262556,-0.0103440086858917,0.0305727219455384,0.0753856675654626,0.170334518460487,0.214586404144787,0.434905138005958,0.495292079774546,0.46868170073007,0.36254614445799,0.226689431499052,0.122368852108565,-0.0696407512086341,-0.155347815993522,-0.29374955734132,-0.277637046793868,-0.32472316656277,-0.351470977343033,-0.322859007274493,-0.285430239805857,-0.219384408944952,-0.129039303307628,-0.00741043975125441,0.139945716544156,0.220369590342368,0.226341442427397,0.275878296364354,0.434230206923567,0.321614371487735,0.332826692758188,0.267176117516045,0.164603621656358,0.108077880011315,0.035067769739432,0.0309482541853988,0.0734726718254483,0.13903827924429,0.17265287561764,0.167036203905588,0.104279819927045,0.0782326581980738,0.149072204504188,0.140843002229369,0.19317676266741,0.18104036866067,0.115828397720598,0.104216409695903,0.11275425260754,0.0669041601928326,0.0201058712043924,0.00437579563936705,-0.00231339571997729,-0.0321782181740723,-0.0723722192839148,-0.0785622196040373,-0.112023418849478,-0.150002004538842,-0.160982282830735,-0.166378783474737,-0.183122007652801,-0.19917006230003,-0.190975813319389,-0.191649754960014,-0.185849641333643,-0.178511920387767,-0.165007453886402,-0.159046783298709,-0.131698529424888,-0.109850202781538,-0.108300251171032,-0.0836653389806597,-0.0487628274186185,-0.0497185192526216,-0.0385014524997351,-0.0541230088838063,-0.0338551949637495,-0.0216348723462904,-0.0175527241702071,0.0347884718031981,0.0325174324697669,0.000118387619860462,-0.0214876657036781,-0.0720094682846679,-0.0558103677292813,-0.0981549473964274,-0.082036105287879,-0.0736249859577459,-0.0833428239761674,-0.138018487965908,-0.122593211963341,-0.11535036124734,-0.0825833301814846,-0.0504999792001476,-0.036081184711966,-0.020805736314187,-0.0236209526272385,-0.0478071080029934,-0.0233458772570657,-0.0223575254227992,-0.0592707429270204,-0.0556089970698229,-0.0320690153098623,-0.0503613229475524,-0.0625780157039534,-0.0781515416850014,-0.0813223515136179,-0.0892842747298349,-0.0962258152611743,-0.0892687273402614,-0.0751648425500631,-0.0603601705622334,-0.078246777695969,-0.0897743483549382,-0.096372445795612,-0.0828749289268279,-0.0746962456196391,-0.0621422814311578,-0.0427773803337401,-0.0396203903724625,-0.0282164893130178,-0.0331379839519379,-0.047418394314169,-0.0599490561665165,-0.0709484455341992,-0.0673812439154523,-0.0724595974277311,-0.0768454453695541,-0.071412897616288,-0.0837789628237185,-0.0841240499783135,-0.0825161741593367,-0.0826811466608376,-0.0756281512247695,-0.0555237916468367,-0.0416280352112413,-0.0185874220762698,-0.0149515389134437,-0.0234746547905209,-0.0444084973748234,-0.0460283151217412,-0.0484202672529939,-0.0515594011072133,-0.0589015365802057,-0.0706951917036292,-0.0659437408293732,-0.0571337316219131,-0.0690093347638025,-0.0961743365363379,-0.120416535682004,-0.143782633698715,-0.0974525619775512,-0.0515605906488679,-0.00806176652124627,0.0205788982397217,0.0456830620079236,0.0429925046457347,0.0429492266553176,0.0692034723752034,0.0262828454179502,0.0066815525985705,0.0436848563545019,0.036567410698477,-0.00211046779044891,-0.00496516872146647,0.0221818342417138,0.00433245794289367,-0.0154723059377155,0.00134499538258271,-0.00381574667778521,0.0232181596545832,0.0520592291627849,0.0936587305326922,0.145601377815919,0.247776823681628,0.358391154118899,0.643333922062614,1,0.686345171484435,0.491852687110042,0.325087915720747,0.280211178563931,0.193436902313034,0.128283900394342,0.143934126144719,0.0815468520577847,0.108263675751655,0.1863383702002,0.191548915188472,0.103693998868962,0.105025131381065,0.0804138534658825,0.0568339862478979,0.0718698247800203,0.0533224941425569,0.0539813295278108,0.083957053048653,0.10917100350603,0.146396425490211,0.14100684809515,0.166565324086829,0.206441500624543,0.238255307238414,0.196170029685052,0.322307435174989,0.290413855160988,0.308286843580175,0.220113247713662,0.159286179934931,0.220085780651,0.290444426938616,0.40434356243245,0.470496099181367,0.437479644659007,0.409906808697948,0.303051141461986,0.218970214913094,0.160193877530501,0.118095166338939,0.0647590846689773
"178",-0.0572454104668604,-0.0490742337640626,-0.018487948447776,0.0231528801501125,0.111213976771423,0.166237107291356,0.384718125397427,0.472077690113002,0.554455907619595,0.422148556235945,0.278247507787448,0.180126019480563,-0.0444200470745883,-0.141361464076338,-0.282571909120799,-0.270284059664262,-0.320283962965322,-0.346695415588795,-0.317813318726565,-0.280536450309294,-0.212932726810993,-0.130386826293666,-0.0129592359867073,0.111408583670981,0.181979657922014,0.186192790686867,0.249602820210314,0.402065893962667,0.298495227139806,0.360516827630781,0.27696549311788,0.199112944762639,0.160030771462016,0.0698527490702948,0.0610315353950957,0.108442433073584,0.186931135210227,0.234527144006937,0.232846887350899,0.184570578462303,0.138540440522638,0.209675465046908,0.198759049164748,0.216768878896031,0.1847976195645,0.127272499221819,0.100596449396607,0.0809006739625216,0.0350623804940528,-0.0132900862237181,-0.0345262760978062,-0.0417525758042418,-0.0715189624514445,-0.115378073253006,-0.106227503021495,-0.130381181884603,-0.144856609716147,-0.151435166866732,-0.144611953302695,-0.149807776312723,-0.162892853088117,-0.13660446165049,-0.129525687350086,-0.128090850508076,-0.112226331434876,-0.0809956040583536,-0.0802434883173481,-0.0640385734196091,-0.0291333642719523,-0.019384922014369,-0.0119865104164536,0.0170735363037947,0.0289580129358639,0.0292267493404921,0.0139301493686868,0.015988961150238,0.0282546016020938,0.0279345643061097,0.0625473691263751,0.0513002217866485,0.0206000885379113,-0.00744521682945449,-0.0420994214358011,-0.0193422791119183,-0.0683505973016245,-0.0776709921919043,-0.0818192426182644,-0.101662540982335,-0.157793042852089,-0.159138004721731,-0.153584625577521,-0.124085323584344,-0.0970105854180672,-0.0799859600300912,-0.0566684226263822,-0.0546850945769605,-0.0756305778809944,-0.0414155830973856,-0.0437303026353187,-0.084342339173137,-0.0678251690066759,-0.040141793399193,-0.0627606645996326,-0.0795236875684036,-0.0988987355355165,-0.104869725231108,-0.116799165293586,-0.125314452705718,-0.121837978289635,-0.11891451675093,-0.0978061213751169,-0.121485893347041,-0.139050709830701,-0.141849099915195,-0.132199485005654,-0.11811999264669,-0.103035643485832,-0.0725066322261141,-0.0639283487657258,-0.0457532655979873,-0.0542493449748496,-0.074658875320372,-0.0884416601002559,-0.103018106413528,-0.0972025606364639,-0.104517819596707,-0.110150401112417,-0.101429551368064,-0.120363109374979,-0.119020942169584,-0.121849491128498,-0.12125851294514,-0.110711750061128,-0.0776421502798634,-0.0595641730210427,-0.0305650804553052,-0.0212935881834832,-0.0266060398615373,-0.0549173732176869,-0.0565181145445048,-0.0451442457574761,-0.0497146093593787,-0.0662877652355278,-0.0685339958309902,-0.0503357035665524,-0.0522139089050378,-0.0728128573049805,-0.0922291185426539,-0.130269504661283,-0.153670002434511,-0.11232642064966,-0.0842823049707125,-0.0544810608428115,-0.027370300272224,0.00221623778515737,0.0124785736822662,0.0250813928971353,0.0533524579051586,0.0109422491944882,-0.0215440658800608,0.011252140420605,0.0107449245754723,-0.0310174548309702,-0.0419004473709487,-0.0124140892673938,-0.0229106966960315,-0.0487318232281881,-0.0359203928808082,-0.0481815989215596,-0.0242994571957267,-0.00797896180577679,0.0310471734265493,0.0785391624036261,0.157214657703026,0.25701790314232,0.425300583815649,0.686345171484435,1,0.691809356337972,0.475237169346855,0.375912267332821,0.273993285423117,0.199923823692757,0.195014104238216,0.121267347280264,0.129730502113876,0.193038101338282,0.166968605665635,0.0812696512487167,0.0764004079172671,0.0428486875359634,0.0180281581648844,0.02619150872326,0.00437776985550088,-0.00257752210217678,0.0185751529675778,0.045604671844522,0.080018128199561,0.0736835307773372,0.102010021656147,0.149476101903798,0.18158075538359,0.169978227663351,0.319919411497849,0.316853928579849,0.382201868226779,0.299456743806117,0.2505034320741,0.323543449373246,0.39304694031705,0.500145103529239,0.553172747221431,0.369052053841649,0.306006338308546,0.208508282388277,0.135772659546709,0.0803112921678227,0.0372347526622769,-0.00788364115403182
"179",-0.0808912029349637,-0.0839640499758517,-0.0595512100885063,-0.0228385333648739,0.0531770413905811,0.11092914223911,0.275125921416303,0.3885204554558,0.494410684641732,0.460678085651149,0.30406503804573,0.218414936071736,-0.0142068908512258,-0.119036159706265,-0.244910059212093,-0.240406618718293,-0.282921763183213,-0.301198624906039,-0.269591154283207,-0.232617341837159,-0.171470810660303,-0.0984347576746056,0.0155217717184092,0.128755226518358,0.185936135690564,0.19345300763356,0.260220067273543,0.394489476360217,0.274174209556315,0.318137173515034,0.22259756306004,0.15622119997094,0.12985662710897,0.052885578360988,0.0383341232243945,0.0806522131275219,0.14811559044911,0.219197008904657,0.214745606390029,0.14020941365437,0.0903889887291495,0.151807355664371,0.128982121747981,0.153834168788784,0.11362194027083,0.0449180030995624,0.0314809414582422,0.0212352599619763,-0.0306456514464834,-0.0734043150554264,-0.0797442970583764,-0.0830179359926941,-0.11305088784615,-0.147503423612009,-0.127485267508319,-0.147759320728344,-0.154782185803974,-0.149349052787313,-0.144430182645578,-0.155972350806676,-0.160178036774748,-0.122536512130354,-0.128616973317213,-0.131294968353993,-0.0951190200642568,-0.0625407430446797,-0.0790134440635028,-0.0600824607613906,-0.00490657176730533,-0.0041082725653225,-0.00847547807903125,0.0318141394780372,0.0514502448503913,0.0619550564985291,0.0504470906105066,0.0533414490082684,0.0713692921850596,0.0827066888954518,0.115032099577668,0.106570237125918,0.07274927054546,0.0409616926057905,0.00559908111053753,0.0353096535014348,-0.0314218543885873,-0.0446212423931709,-0.0527201387637617,-0.0839899462151709,-0.153128788659807,-0.169990051308738,-0.179054865484045,-0.150091345793363,-0.125954966937127,-0.112161528877047,-0.0869961751781189,-0.0846362278125492,-0.0990543858877206,-0.0625369653208296,-0.0675698707792917,-0.106802676789892,-0.0871970172338171,-0.0554072684853206,-0.0765661873328963,-0.0861222398101323,-0.102621708665254,-0.107099366082047,-0.123249783080707,-0.133785221877504,-0.131323328102042,-0.12799540719912,-0.108997095287348,-0.133949173855741,-0.153600716483828,-0.156709653059488,-0.145963015099142,-0.139925366796032,-0.125111818077748,-0.0926534187881023,-0.0761628019051918,-0.0517598118637067,-0.0560344533864248,-0.0734340211896407,-0.0857362557829772,-0.0987286878193831,-0.0901535219760668,-0.0971572887612331,-0.103196086681547,-0.0950446632005877,-0.115943474774843,-0.119103326202198,-0.12568690592066,-0.128246412949157,-0.119667721858094,-0.0871176174453657,-0.0707030931807511,-0.0408075971494882,-0.0328532421420833,-0.0379495240956915,-0.0640255849611518,-0.0663405614513378,-0.0548587468256008,-0.0533796324017287,-0.0647630418433289,-0.0700863901004509,-0.0465931996255822,-0.0394517803638759,-0.0594263352336048,-0.0776473402765793,-0.136216594779185,-0.171086211089452,-0.138505836114598,-0.116981586062931,-0.0962532952445024,-0.0685102573726543,-0.0400418360860098,-0.022213245608289,-0.00648964947613702,0.0224140996443649,-0.0151817274645385,-0.0540648036472121,-0.022498653466341,-0.0169332304979072,-0.0554926444881168,-0.0693247084141747,-0.0403533851545075,-0.0444939460550251,-0.0687981249807934,-0.060237986618353,-0.0743160469341042,-0.0566221435264583,-0.0442616265060141,-0.00663537131771456,0.0332318531725013,0.100679122963658,0.181722565994509,0.315501799725144,0.491852687110042,0.691809356337972,1,0.657418246289886,0.45966491413641,0.32519389646728,0.231447496443896,0.181366281742008,0.103963382294228,0.0918628364463341,0.154423447806674,0.130531286266235,0.0612740512287747,0.0699562485390093,0.0362686409805173,0.0158013226356784,0.0199325134309588,0.00179903062602475,-0.00721158169238622,0.0055443763277801,0.0269137405402048,0.0543194054440936,0.0485667811098735,0.0718158636595463,0.118142303748051,0.148560937809988,0.148504676091692,0.304376095163246,0.297940096214387,0.390607839662558,0.296693654598322,0.245143306495279,0.347955959656638,0.42989626370702,0.548669924578101,0.490638993180109,0.321732330710452,0.246106052532448,0.159374517260245,0.0907752360683285,0.0456279597257325,0.00795814165716959,-0.023233196677572
"180",-0.0824773864674193,-0.102150452958322,-0.0881479929779203,-0.059362491304339,0.00179857838946425,0.0582998100777097,0.197820073149574,0.319191459481761,0.46595447937518,0.47921318619631,0.356820605895389,0.301307093761128,0.0405541457076821,-0.0762234633347207,-0.184394251018745,-0.19543721099711,-0.230074477492599,-0.24848390108904,-0.215034699457847,-0.189466350308838,-0.138290343206174,-0.0859154200299288,0.0130819182906445,0.0995606744116703,0.142091348494322,0.155561571029278,0.221788347752984,0.330361672709521,0.240224492542678,0.312223566097997,0.216381731727115,0.185212333490563,0.183887466189742,0.0893972004374583,0.0680149410004005,0.105185089230993,0.175588483503723,0.258751067306763,0.244310848330262,0.185850416768581,0.104652462739516,0.134706554670777,0.103869236192149,0.0948419002527286,0.0610067647569785,0.0153940037998663,-0.00917233638472584,-0.0304650805866678,-0.0617208065858767,-0.0981536600239316,-0.106582232924832,-0.104531407344318,-0.127134555907726,-0.1572947496662,-0.126124201415992,-0.13417651499462,-0.117885934744395,-0.106037452307035,-0.093261190457281,-0.0983393553191107,-0.0984521449544848,-0.0519068627197297,-0.0573158878849241,-0.0680824787660802,-0.0282095652496588,0.0107118979560016,-0.0145319964075661,-0.0105763377812406,0.0487635270049615,0.0532329341574725,0.0316935254124832,0.0616293837885426,0.0907329277291373,0.0966837665967575,0.0934048319695648,0.0858704011891585,0.107268125928173,0.120483439914894,0.127709503693591,0.117470806810404,0.0956238744949124,0.0648886328249431,0.0496855663643127,0.07356551753538,0.00633130518552333,-0.0248734495085534,-0.0374436565447244,-0.0731954099897297,-0.13483183255074,-0.167819466493537,-0.181267463565864,-0.160013269399539,-0.143766995844917,-0.128679365119271,-0.101286120224542,-0.0956518327285369,-0.1057389677116,-0.0639948405801032,-0.0702499386440369,-0.109644489799999,-0.0824208152658082,-0.0504178480771109,-0.0751831284926557,-0.0879545963079306,-0.104942526028894,-0.109780864844032,-0.125444251546331,-0.135519200035878,-0.138602683922473,-0.143483081938253,-0.12358349350435,-0.146084627704662,-0.167353573556616,-0.168329350317926,-0.162987050747335,-0.154742098390218,-0.141598224530034,-0.108502474244041,-0.0921797848771546,-0.069314720775832,-0.0735739299238611,-0.0917727418268512,-0.104415737935616,-0.116926291546971,-0.107197205522622,-0.114754500425242,-0.119428598148277,-0.108485187305493,-0.130634285836793,-0.130329254066675,-0.140611634175394,-0.143614844435804,-0.136055545459165,-0.100215568816224,-0.0841333642603562,-0.0550328213222665,-0.0432282506169544,-0.0460022387339271,-0.0749286270267045,-0.0752708244322354,-0.0549905974553705,-0.0551645784693796,-0.0702215403587987,-0.0667433789387516,-0.0365568810953304,-0.0359681200326834,-0.056802658726415,-0.062592833070231,-0.123366192622802,-0.150515260557341,-0.130451769424218,-0.126451468832377,-0.118564479069827,-0.0936441483251897,-0.066011533867078,-0.0369045128495133,-0.010343433321545,0.0206752715361006,-0.0140578244061021,-0.0588181999761449,-0.0330169736173277,-0.024097008387308,-0.059919186343751,-0.0782727886195873,-0.0523013976420547,-0.050646205864344,-0.0760486581997015,-0.0721922371742489,-0.090542827338176,-0.0785015772699553,-0.081268549979029,-0.0509984656786624,-0.0189613857264387,0.0282288143083882,0.0980495946189813,0.188483823490864,0.325087915720747,0.475237169346855,0.657418246289886,1,0.556960094897938,0.39118554800624,0.305278630719785,0.241198337925572,0.16402056892242,0.128260485153227,0.159767369004117,0.112080988703592,0.0513979939740888,0.0557468971398895,0.0164667939909196,-0.000444136647947155,-0.0033886698767098,-0.0216014914661683,-0.0356965193764925,-0.0322371461336588,-0.0176480961579767,0.00157923114025881,-0.00708990027377307,0.0150065350735523,0.0471888941266953,0.0660302907184942,0.0633040136427248,0.163768863829274,0.179531950321613,0.272375723809062,0.232584570934445,0.231351372136727,0.315428166198016,0.363488696332428,0.383083350330391,0.28952618204223,0.185818915439679,0.129011147676877,0.0749829588411914,0.0202080858264585,-0.0140249440944399,-0.0482477819351082,-0.064629911048842
"181",-0.107609911105318,-0.143136685971179,-0.131541743915562,-0.0987999316564565,-0.0352417272516946,0.0371353436396053,0.177073627372143,0.346218015746792,0.531986212802672,0.647878453781795,0.563466879952854,0.492515491235141,0.1257193168862,-0.0460533333094641,-0.177765126339736,-0.20634231988255,-0.2511221011788,-0.27621310349551,-0.238089534317332,-0.213899119840155,-0.149190515362858,-0.089047013539961,0.0247063649330297,0.13083953090921,0.179609842966393,0.218673048604193,0.297409616018866,0.4186552366001,0.333609488427994,0.432507255955927,0.293493012105727,0.287147477831485,0.307718972356503,0.164453314246167,0.13087934578086,0.165458602787199,0.258020415713263,0.371273305217372,0.297466473289894,0.227791115320915,0.118808225850748,0.112918858554418,0.0564991397410428,0.0317704375099051,0.0178880569679387,-0.0245202217687754,-0.0657674116041007,-0.0815085290411934,-0.0987685572009555,-0.14138985508179,-0.148774381069536,-0.138581563573036,-0.160778117282215,-0.193843298814848,-0.147529752437667,-0.149893097904076,-0.110750316596247,-0.0875024121075804,-0.0685345516961721,-0.0775023590732232,-0.0742594671080392,-0.0114748161824249,-0.0268743831584712,-0.0524797733504752,0.00173695613670189,0.049541131829229,0.00312075857539525,-0.00574880140106618,0.0726889529859327,0.0767882181765668,0.0343846304264183,0.0656669300479941,0.110432815118238,0.123554045722131,0.133678591344037,0.12564226906063,0.163469575497185,0.191346141253636,0.176726305000854,0.168969056367988,0.157097271804797,0.121516286875218,0.117515125240204,0.133584137730023,0.0419167009930649,-0.00755505852818443,-0.0184006838733763,-0.066906729284574,-0.142009191720903,-0.199825622456814,-0.225849590867515,-0.207216826338441,-0.19011736465911,-0.172087377315158,-0.133501266344443,-0.123121966696287,-0.131842651531275,-0.0695161431537571,-0.0757463136349499,-0.129578690706427,-0.0877959518846267,-0.0423803844173796,-0.0792915708833307,-0.0979955848440355,-0.120865389722942,-0.124447476578167,-0.139517088361431,-0.154710625233622,-0.169265296642344,-0.176743100823164,-0.155687364838852,-0.181217760334903,-0.209278659110419,-0.215617782944102,-0.211803402664355,-0.206788922659431,-0.192333169797468,-0.157257061151958,-0.137940684095718,-0.115658158773287,-0.115473805883996,-0.135907876305703,-0.155044060793213,-0.167884378799575,-0.152969954033957,-0.160227310018908,-0.161790113385828,-0.143878209165784,-0.169636690807388,-0.168233919916992,-0.186745163695899,-0.196909536226478,-0.191877595760323,-0.150125653471944,-0.13230348549257,-0.0978728129265553,-0.0796766565636063,-0.0844501050536704,-0.123137702701775,-0.119050797689032,-0.0902701925413168,-0.0921646914525106,-0.108892370128239,-0.0986698773635595,-0.058531076476626,-0.0566658354397917,-0.0777016980994003,-0.0718766849252032,-0.14893443473969,-0.173519039353274,-0.161634602844714,-0.168779893336312,-0.164300420435863,-0.131863442499925,-0.0955948985798398,-0.0454522440737535,5.36469255259974e-06,0.0449716088501806,-0.00139404998354539,-0.0639794379065869,-0.033526175476627,-0.0200745979312561,-0.064245422768156,-0.0924390274470122,-0.0638971590723731,-0.057563970415181,-0.0897650742448412,-0.0902703007457192,-0.116575309508908,-0.107801422760042,-0.126201217215478,-0.0956160908963388,-0.0606864920358187,-0.0197643427839558,0.0577652410013632,0.150565107867612,0.280211178563931,0.375912267332821,0.45966491413641,0.556960094897938,1,0.642980244692517,0.493081740627222,0.397291027697288,0.300690853419771,0.232048780484085,0.247344522865813,0.165444670515445,0.0886662667672299,0.093089824124918,0.0344189528061893,0.0138507389332706,0.00179405718643654,-0.0227819165051583,-0.0442396750391852,-0.0494146322465972,-0.0428883644828116,-0.0294202204941639,-0.0492185293806675,-0.0248245351648814,0.013561635738786,0.0273699935344051,0.0375831021376164,0.121018132766871,0.127310170517974,0.202778344646027,0.166655540158765,0.167693944943226,0.241331224285213,0.281812678322197,0.295195786087328,0.236539354668224,0.133771915460069,0.0793567224187919,0.0298580755164339,-0.0282820669982224,-0.0548439606667477,-0.094156401594342,-0.0949802864412693
"182",-0.0904212427228668,-0.127712279789131,-0.119284495388739,-0.0907699456134403,-0.0419077917089774,0.0250608377637135,0.139789284458223,0.277894126521091,0.421417047134726,0.46974642657518,0.499203263493205,0.4672645211719,0.108449783435018,-0.044522767516726,-0.166340248741468,-0.192114606933928,-0.236596561030466,-0.267094849436764,-0.23444396570772,-0.218591178764604,-0.1590827953135,-0.108298089033411,-0.0182995106064217,0.0773738386691063,0.116771820517849,0.154185527254094,0.208467299821792,0.300920876671445,0.273932917380089,0.395844520042579,0.295344096469933,0.360486071147862,0.408347074506389,0.227422717279084,0.184983896678022,0.231982924509798,0.364088684064377,0.473278512381327,0.388674257200063,0.315258600485477,0.185476901074364,0.143869502800574,0.0880222565641842,0.0312649423738724,0.0245980368297355,0.00520726412628403,-0.0455686717555952,-0.074538268274113,-0.080547523114706,-0.11723886844307,-0.127600814148887,-0.11982473101502,-0.139252836997742,-0.168341827675156,-0.121653977227131,-0.118295461569459,-0.0685490780163627,-0.050464414268911,-0.0258339262945945,-0.0263406636998151,-0.0275178493025657,0.0293543471770582,0.0236287140448807,-0.00465901554992399,0.0340130808410133,0.0819406410722878,0.0432152589762379,0.0212342766864937,0.0832394383417593,0.095930661716806,0.0518032845665077,0.0655758230140099,0.109235559736963,0.11238909525792,0.12684570483353,0.113219600733086,0.149088382974879,0.170099304892332,0.138576703938135,0.129093840076363,0.130359677141276,0.100656287421215,0.1121795044376,0.115708642512526,0.0403261629535457,-0.0167785374823546,-0.0251640343334682,-0.0658665584375592,-0.12337751526846,-0.17982533278354,-0.199778420110761,-0.188405257307061,-0.173479248110543,-0.153612209214968,-0.113729875833936,-0.100322900985123,-0.108275090676235,-0.0433576897098817,-0.0456632873658338,-0.09815958582186,-0.0524705279052321,-0.00887473432701839,-0.0489131965152817,-0.076141958668489,-0.101444032831236,-0.106906163393396,-0.115557355435984,-0.129666045351936,-0.149658361085653,-0.164049650317259,-0.145338264677328,-0.168034012190356,-0.195213597958386,-0.202240877921428,-0.200773624152174,-0.192237397230964,-0.176654558515951,-0.146698415077117,-0.132474840747685,-0.11810170020005,-0.118539641074618,-0.139620568549364,-0.160451247238161,-0.173169751383908,-0.159211239788223,-0.164327175145146,-0.16360488386543,-0.144498408867817,-0.167507925946693,-0.16332403957869,-0.181790425214596,-0.19302201139346,-0.187072949733507,-0.147649045375577,-0.130126765219285,-0.100757105616325,-0.0806270327958268,-0.0850812908337385,-0.124101695625271,-0.117860633266816,-0.0859157271796995,-0.0934142179110174,-0.113616304242828,-0.0956802693153795,-0.0575915485149992,-0.0658213094305167,-0.0850149856882627,-0.0711532972675227,-0.131875965601751,-0.140155241777645,-0.132411210990308,-0.148020029907203,-0.146038100524014,-0.117062713930733,-0.0827436813831475,-0.0318498337437549,0.0161596641493151,0.0521716585999629,0.00870192142644602,-0.0468750880669726,-0.0234854661078541,-0.0135455472690089,-0.050438165347606,-0.0763299655905067,-0.0540044270735557,-0.0473451068332454,-0.0766765539196571,-0.0791539367426366,-0.104090288375544,-0.0978201422103103,-0.120295566986326,-0.095332624213193,-0.065875053625765,-0.0391410493064246,0.0275586227327951,0.0941946812015106,0.193436902313034,0.273993285423117,0.32519389646728,0.39118554800624,0.642980244692517,1,0.674874313501388,0.494522056166356,0.376672626718693,0.273841445242016,0.243340765180274,0.138525078595431,0.0730017809369735,0.0660009573806944,0.0159858586042285,0.00275567481295719,-0.00883489644976312,-0.0286400787466596,-0.0482159536034344,-0.0563474166249665,-0.0538031036655725,-0.0456422341108939,-0.0638285370828243,-0.0437448983569106,-0.0162970438711145,-0.0108084795664334,-0.00302334603198069,0.0502112958124502,0.0600728119821715,0.124815461569205,0.118828450442695,0.143344145501282,0.182702814566041,0.203497643032303,0.193654832979704,0.14750236045625,0.0703879579659697,0.0275491672427299,-0.00307287406732713,-0.0491722756214055,-0.0672210990536025,-0.0995424767778033,-0.095062104520461
"183",-0.0860894060628776,-0.127434495589918,-0.119432484092846,-0.0921780368776576,-0.0534393244038812,0.0123046154421323,0.103910159584194,0.236887364200461,0.349150708942667,0.404260484959748,0.507547233443253,0.543639758580688,0.16575178139407,-0.0101463377821909,-0.133784683802389,-0.171128674410729,-0.216044172024654,-0.250695588611164,-0.219096747571078,-0.210862266305501,-0.152345482326495,-0.109422118323124,-0.0345944778626478,0.0550784488263895,0.08623424828695,0.13255483704557,0.177037409777893,0.245823115771316,0.276874350557303,0.413759387595555,0.32372349816201,0.415304393667449,0.496249391859477,0.282045294631307,0.22647551454823,0.247752870758611,0.338720921768383,0.449778369622871,0.32935042573265,0.262418094446952,0.156986411248911,0.114906964807782,0.0515522143683727,-0.0130128535370861,-0.00415001450144269,-0.017048585071474,-0.0742989924333187,-0.0984677335414596,-0.0899622485887907,-0.123926783480269,-0.1334087414282,-0.122118939635198,-0.135738962868503,-0.160408124437378,-0.10987989639945,-0.10041027698503,-0.0363481586724471,-0.0142101753971348,0.0133222358425584,0.0123943174165884,0.0123177693759514,0.0699196448078767,0.0599782353611248,0.0226965558328422,0.0601560136426766,0.106436227752276,0.059267104164459,0.0253855050736681,0.0859601151379452,0.0990769605976917,0.0450274186477061,0.051215717020612,0.0997541725704639,0.105679045355838,0.131231160055191,0.119003711928217,0.162964469052253,0.191115068943988,0.140669888771401,0.135074287309306,0.149995737368918,0.123678182105718,0.147536404014716,0.137688032764855,0.0599975785394622,-0.0043251345983597,-0.00755025570982533,-0.0486220910260514,-0.101409915712624,-0.167442957066959,-0.190949050429779,-0.185046769374829,-0.171747113919423,-0.152122400857332,-0.110224104045055,-0.0954777562606444,-0.104840694913143,-0.0327566972166088,-0.0327574787136023,-0.0907257027235594,-0.0436738560787997,0.00603523987675688,-0.0360777515240758,-0.0670133260651246,-0.0961915008240879,-0.095488342395427,-0.096629052430197,-0.115805223803279,-0.144024581975536,-0.156630164715147,-0.140296738887928,-0.161586471406077,-0.189402865402597,-0.201372042407623,-0.203166241302666,-0.197843862826552,-0.184254121753615,-0.160137764442661,-0.150594367208259,-0.143252682134128,-0.140477545213091,-0.160353848606022,-0.184692356074865,-0.195109401702652,-0.179823441712177,-0.183029736320108,-0.178081810176937,-0.154791954486267,-0.174574959134709,-0.168385510730397,-0.190605865091303,-0.206743425110515,-0.204112340908933,-0.167011961967355,-0.15211321548773,-0.122132033103232,-0.0977574808783543,-0.103095091991476,-0.145173942323277,-0.134874984793369,-0.100363911975843,-0.111305019784611,-0.130741953569645,-0.107008258560111,-0.0689546693451832,-0.0784767308752634,-0.0927232577899622,-0.0683807555228501,-0.124923408738746,-0.122523432497728,-0.122635078296993,-0.144229952168033,-0.14335183395702,-0.11379422019165,-0.0790878262912176,-0.0196966878905037,0.0384160820207819,0.0864524079452104,0.0364566797517911,-0.0223364408996507,0.000369009458914873,0.00754689349143363,-0.0295562068637561,-0.057848657636133,-0.0395963510937203,-0.0323864243714222,-0.0624962183228686,-0.0682394925949333,-0.0947032681274011,-0.0930820840827676,-0.12309646302382,-0.103213104277435,-0.0763359090954936,-0.0617450026035397,-0.00108768448430508,0.0469933437811365,0.128283900394342,0.199923823692757,0.231447496443896,0.305278630719785,0.493081740627222,0.674874313501388,1,0.664375896404018,0.511198182411646,0.387915774293452,0.299533294991469,0.166227271277617,0.0931353528222673,0.0703300761515125,0.0174408666201669,0.00505702830823175,-0.0075270983199385,-0.0280772840638814,-0.0493246325392672,-0.0594283243114017,-0.062039305223645,-0.0603798166913966,-0.0815697588588019,-0.0645263962303527,-0.042034941722094,-0.042873132446718,-0.035134547614915,-0.00334758874907465,0.00724230331597236,0.0596518158549418,0.0668288660520922,0.101833592014849,0.130631541483014,0.145577928316893,0.122460453750155,0.0852982224392533,0.0182753132445312,-0.0163722227660603,-0.0342444164272253,-0.0722559867965359,-0.0814229542973038,-0.110523468778457,-0.0989221983164278
"184",-0.0787734737044136,-0.108364549607699,-0.0927591209603806,-0.0574285300361118,-0.0156935239510696,0.0494539427950323,0.151737093423606,0.299567254440627,0.359040896521539,0.386011737923943,0.479549330322328,0.418231482229125,0.0885261587382802,-0.0711349822001304,-0.194016555309445,-0.22266881711431,-0.258345446027366,-0.291128203693963,-0.247596950706514,-0.229836039083708,-0.175379388149572,-0.119419331894315,-0.0243325484119259,0.0714425519757291,0.117300504805716,0.168683607430998,0.200443672607735,0.286131281544959,0.357350741781095,0.506869938428768,0.432916752809519,0.546379800944469,0.648511602805419,0.376147707106329,0.319379928210133,0.312811737933566,0.379517744660245,0.469897479284007,0.305318348755555,0.250894018511384,0.146639751274161,0.109460606976949,0.0479305572569355,-0.0103802905151722,0.00897482739533166,-0.00339434934889769,-0.0614105815780215,-0.0797272106849209,-0.0659514796798926,-0.101216289035824,-0.113674743795454,-0.103951233735309,-0.115546272991455,-0.141021989818508,-0.0982933664307301,-0.092394220295107,-0.0318221099704757,-0.0146943347419316,0.0115168840369198,0.00678763421982044,0.000488176287516195,0.0478825622508743,0.0381826875652501,-0.00164788106309207,0.0232586723862004,0.0625254579096191,0.0199447651246341,-0.0163873319062883,0.0311865150095411,0.0455981285782567,-0.000719346165546123,0.00100116460800564,0.0444110741704199,0.0535811911590036,0.0839886608683559,0.0821706716147052,0.132565239783699,0.163700153573493,0.110439917076793,0.110055218130017,0.134416426434753,0.112603816298168,0.135564375863116,0.109034030081211,0.0345834648434226,-0.0228727705287305,-0.0136751063221376,-0.0481006442861196,-0.100031371878849,-0.158948433770479,-0.178047656010583,-0.167828778151049,-0.145421875087614,-0.119085677946581,-0.069255314822208,-0.0432700863619387,-0.0556787313784442,0.0225021036237826,0.0207018215173241,-0.0465784844116834,0.00314843738778753,0.054831693217311,0.00169345682228811,-0.0369040345980985,-0.0712886637433631,-0.0705530457361802,-0.0621650599349374,-0.0828136358517608,-0.119498828681812,-0.130200131125722,-0.121501631282555,-0.145648919420111,-0.170476450542242,-0.185795625738006,-0.181343934998425,-0.174282836364272,-0.153475315252548,-0.134822858037656,-0.131763186588035,-0.13675390580338,-0.132053160426237,-0.151685163723089,-0.181658188544842,-0.19325227709384,-0.178525870401879,-0.176884843821372,-0.170461171780359,-0.147895980039456,-0.162953539243469,-0.158055539164553,-0.178372850043935,-0.197104000073309,-0.191047390879352,-0.160533923876702,-0.144123761248866,-0.119280925072478,-0.0974364083663361,-0.107617238581838,-0.149649196698043,-0.139641691473243,-0.112908442461476,-0.127516996936099,-0.145090040999155,-0.124784871758011,-0.0947663452025054,-0.102700846485549,-0.112322717990579,-0.0892376608888694,-0.133057994033651,-0.122829374730504,-0.117165577200868,-0.12875753658907,-0.114771547759271,-0.0761011202381162,-0.0372160070297347,0.0314535600237481,0.0993202485289109,0.158088274672306,0.0993119926660392,0.03819770182895,0.0594518399930417,0.0644630303408762,0.0239212328866687,-0.0110329373614576,0.00313422063595249,0.00803994166023223,-0.0253389063948549,-0.0356372473225861,-0.0628140835032944,-0.0640168150925572,-0.0966985420719147,-0.0776609337149091,-0.044980247515277,-0.0309194104744428,0.0330536057926681,0.0742958046759226,0.143934126144719,0.195014104238216,0.181366281742008,0.241198337925572,0.397291027697288,0.494522056166356,0.664375896404018,1,0.70834334440531,0.516090990875347,0.409398927204557,0.257391959408024,0.152511017477115,0.116992754212652,0.0559319700897678,0.0368709593632378,0.0233752101348223,-0.00181563066645346,-0.0213372627380792,-0.0299505064576757,-0.0383943596095525,-0.0415201425596142,-0.0659681127625393,-0.0536002145067842,-0.0346736223077079,-0.0408533411191703,-0.0413222848221732,-0.0200470657982946,-0.012976974159254,0.0279844661036121,0.0451504874390337,0.084992335346187,0.10093506803139,0.114025404056542,0.0865212331719113,0.0700433928132617,0.0145733410185476,-0.00309427341350579,-0.0151127988726413,-0.0510486467012496,-0.0542175561603826,-0.0833789807508536,-0.0715815968889808
"185",-0.0582281765598699,-0.0810499176098936,-0.0654823760779274,-0.0330730284194435,-0.00994246205251726,0.043383875131547,0.113580274950935,0.232674542403696,0.266382264196622,0.288864612773636,0.379900388357798,0.330196514475227,0.0548911081110529,-0.0822511848562066,-0.181733975746996,-0.209198682807385,-0.231477905525781,-0.260498914335673,-0.213586464245589,-0.198766713170699,-0.15885978555972,-0.111855690916628,-0.0295777468502828,0.0473532088398472,0.0864799852833412,0.134242961675505,0.149544006996533,0.215884277673905,0.303559769238252,0.426062117606923,0.402295391737929,0.505161788798545,0.650624701016429,0.430063762042451,0.349722799659878,0.303583840300618,0.305900635293059,0.359658744072886,0.230901268108096,0.192695927924945,0.116175094813663,0.0774305823482792,0.0166108640056704,-0.0407996232931602,-0.00793197718237835,-0.012480961570614,-0.0703465233746758,-0.0805403572027663,-0.0544048409044799,-0.0844084915950351,-0.0960824335332011,-0.0835953538852976,-0.0882510703540199,-0.108818442282082,-0.0718990041011916,-0.06223183307177,-0.00064977597102517,0.0141251680250096,0.0392773531509266,0.0348081699744926,0.0271469887549784,0.0639034457690254,0.0545065917640382,0.0131152306168296,0.0268251411732747,0.0569844350221815,0.017893174583824,-0.0236448483633762,0.00913420356285844,0.0234813149484797,-0.0199408718992485,-0.0274071365422212,0.0109114517348621,0.0203758195638727,0.0559718973864671,0.0582843731705376,0.10935556302112,0.14106150708753,0.0794070926653424,0.0833624776475405,0.118791275321832,0.104642610044865,0.134159733146419,0.0941667264394568,0.031738563102331,-0.020897784673859,-0.00468584543231338,-0.0314263874122534,-0.0709428756664132,-0.125313750530394,-0.140463432920098,-0.133115941675714,-0.111200441170478,-0.0841280057779063,-0.0355401013434055,-0.00541474191299669,-0.0219988006003791,0.051569015745104,0.0495851583996346,-0.0160032494907128,0.0292117620617724,0.0774042278287823,0.0256339838721969,-0.0138346282915673,-0.0486118531685966,-0.0444837950317792,-0.0284001207062266,-0.0502419412393025,-0.0909632555909483,-0.099039045446249,-0.0965838445669667,-0.117783423220757,-0.137128493308034,-0.153698700152762,-0.148725544104379,-0.141377161024819,-0.11956130299758,-0.108310591160838,-0.113061837527309,-0.128486854037181,-0.122913929883156,-0.139735830654396,-0.170764285941202,-0.180668817688594,-0.167980631760525,-0.163193397434275,-0.154769904166385,-0.133347833587876,-0.142704158066822,-0.137180191699441,-0.155177137832973,-0.174206225523696,-0.167897693445442,-0.144626660775976,-0.130569214296824,-0.110855296349244,-0.0903069583027855,-0.100852371981333,-0.139336538776712,-0.12926798459392,-0.10733490907427,-0.124443754962459,-0.139857442376915,-0.119716040123896,-0.0974562856779358,-0.106432778187833,-0.110141526013317,-0.0834952404666211,-0.111476004615235,-0.0903106851419092,-0.0879445353375244,-0.0983579775311682,-0.0814127837314953,-0.0442841406476844,-0.00865103477261943,0.0591657595620896,0.129908053163324,0.20349726614248,0.13886330920309,0.0835816499987933,0.103158369155922,0.102527011659847,0.0631254510226188,0.029261448337956,0.0376691947057123,0.0401096056541784,0.00886103182407677,-0.00333300610286542,-0.0287894668126091,-0.0350328949025805,-0.070560689356303,-0.0611639508318117,-0.0338502277956588,-0.0355738204326606,0.0157575964722404,0.0329825797076183,0.0815468520577847,0.121267347280264,0.103963382294228,0.16402056892242,0.300690853419771,0.376672626718693,0.511198182411646,0.70834334440531,1,0.664698055946395,0.455733775672914,0.290346714949052,0.173064578703022,0.122933366330931,0.065278042796458,0.046998668341346,0.0347695304248158,0.0102053411668152,-0.00756380848960355,-0.0154773001154977,-0.0298088042237467,-0.0409971165946361,-0.0655465859614557,-0.0598788084711668,-0.0502931367904454,-0.0623100367390397,-0.0669192363402646,-0.0690536904200036,-0.0615493636233575,-0.035238424522736,-0.00368839191848636,0.0463409910527592,0.0485065539386319,0.0566710243466769,0.0162706452314033,0.00813246192663622,-0.0302945921203336,-0.0362926559869622,-0.0335457573940302,-0.0555661068125192,-0.0478137047557154,-0.0697657854362197,-0.053690359399098
"186",-0.0415193994206348,-0.0474518940960915,-0.0268621605545151,0.011565264143324,0.0322738771255103,0.0835599431267056,0.157387628396813,0.274765824933424,0.275312098827897,0.266988606594198,0.32615982258166,0.252682164020137,0.0107183670044413,-0.113737732417462,-0.209412751613811,-0.230483970299797,-0.247970041794845,-0.276292896419146,-0.2257736253629,-0.207533618436914,-0.170294719511318,-0.11565103430038,-0.0230196058469633,0.0622310892463969,0.114195327366808,0.165416757978128,0.172626510832674,0.261106784254222,0.358331509838734,0.468467554889581,0.495152750445668,0.534140462124988,0.513616139380363,0.323759294250236,0.299649548042177,0.273090675084888,0.326532139878716,0.327274635646542,0.193527569288854,0.174931731342778,0.0957109845011475,0.0632012103238591,0.00931325718754209,-0.0291016808607064,0.00678208267472152,-0.0018700713165489,-0.0513770711981828,-0.0521719236105722,-0.0283263748635205,-0.0570153224291497,-0.0680791100251334,-0.0564271153422692,-0.0606459190064275,-0.0796320383333946,-0.0535410341976999,-0.0476551678764916,-0.00296231177341337,0.00510262670016809,0.0242244634098672,0.0155238945476519,0.00300657867895729,0.0249404607659622,0.0166053671892143,-0.0198836469076568,-0.0187069100080578,0.000550826524112471,-0.028010126973335,-0.0631303740950419,-0.0458893385590463,-0.0330581783757066,-0.0611394973431431,-0.0691806433508744,-0.041928128039337,-0.0305119000308756,0.00242174409717626,0.0141358742645861,0.0622023161189212,0.0913125985993361,0.0410517120864205,0.048949539926107,0.0845514421755305,0.0758382266780038,0.0965173211208901,0.0501621140051538,-0.000486664009151942,-0.0359167105938953,-0.012151758145522,-0.0286107467495621,-0.0624566401558828,-0.100625745537437,-0.109559728076997,-0.0991212338178549,-0.0743056416405671,-0.0428159076750713,0.00987155174348964,0.0399711562623817,0.0099820305887938,0.0663760405671421,0.0669021156301541,0.00540499756229558,0.0325848672945907,0.0685921440170336,0.0208064939353748,-0.0124854019795206,-0.0463384308106419,-0.0442249484918182,-0.0310623616041101,-0.0502088571762115,-0.0787018859338658,-0.0801215514045285,-0.0765732204064096,-0.093462176717947,-0.108074033538796,-0.121942519197396,-0.114620614887612,-0.102617074629646,-0.0769026027322177,-0.0693303888994612,-0.0825579487973532,-0.105527360013273,-0.101742764477547,-0.11691209753693,-0.146733977505951,-0.156582478684466,-0.147505908259405,-0.142743422633957,-0.136287433945666,-0.118483604647984,-0.125277558257982,-0.116677232781573,-0.128385288345073,-0.141479201616643,-0.133486472393852,-0.115808760613208,-0.101478413573739,-0.0871930274101337,-0.0715822066062075,-0.083036211132059,-0.117247122579379,-0.110399257539185,-0.0976593306877967,-0.115208008179271,-0.128317882229609,-0.114964777207062,-0.10273610658812,-0.108980112710662,-0.108946354233396,-0.0894668120773805,-0.101991989916285,-0.0782627622919901,-0.0696426763691688,-0.0681660329325057,-0.0409995179634901,0.00105308150478003,0.0372988557641521,0.10198551839247,0.175781563484886,0.265271433497516,0.195395064736514,0.135839071912253,0.153890266993076,0.152259331285397,0.108352636747823,0.0723951339219623,0.0788515509018613,0.0773183532461702,0.0458698542323703,0.0334023272498792,0.010361964343252,0.00474040063297817,-0.0293902883618304,-0.0243343662778929,0.00786539076914087,0.00655215991377727,0.056799394386121,0.0693006449227172,0.108263675751655,0.129730502113876,0.0918628364463341,0.128260485153227,0.232048780484085,0.273841445242016,0.387915774293452,0.516090990875347,0.664698055946395,1,0.603668762036306,0.397075138792571,0.237761898098242,0.171571240651568,0.109383301448023,0.0833610807544305,0.0701924587385041,0.0402409773819324,0.0259358102569304,0.0227757921123056,0.00275499132620814,-0.0124408747620152,-0.0408079068541259,-0.0389182607371385,-0.0299149262020024,-0.0413481124113173,-0.0496906495265364,-0.0492878382108971,-0.0485773853066531,-0.0345525841534111,-0.0115952882469438,0.0287156521173062,0.028563591547628,0.0411457541485564,0.0146150521037684,0.02240980661089,-0.00855371713249827,-0.00183257239213714,-0.00185429870004531,-0.021200733126952,-0.00964010942239123,-0.0312477269111315,-0.0160665496028962
"187",-0.0446711253823202,-0.0395422620699786,-0.0108286603963907,0.0353619762083839,0.0704266602276587,0.130005844439558,0.223159247574489,0.372888712973294,0.355549710858702,0.340102057135815,0.366532167899807,0.257605698566438,0.00397971625122141,-0.133972572977481,-0.242032149223182,-0.263842135011617,-0.281998577284585,-0.311985741462782,-0.254607252115472,-0.231893899378614,-0.189325628910408,-0.121771080198431,-0.00650394784184412,0.101622427537401,0.171147468146743,0.240383213021793,0.254709274857111,0.377304742693594,0.491858022031851,0.593697026430375,0.594285265116992,0.41291919015515,0.369195437340598,0.21977625890557,0.203123327929233,0.181752005834747,0.242931010431068,0.258446495470419,0.149199485338362,0.128321093528625,0.0602547941120126,0.0425437971766873,-0.0118967493701067,-0.0231903809474333,0.0168339076438611,-0.00747825817327382,-0.0496745331755619,-0.0346144787308437,-0.0177367620709616,-0.0520985665560621,-0.0600403179082319,-0.0458629326460161,-0.0548868566813728,-0.0767420416107989,-0.054874661193024,-0.0571464210829438,-0.0294287746609731,-0.021166833926457,-0.0108277303855056,-0.0311029551193393,-0.0445649025937528,-0.0278211715183535,-0.0457582639229584,-0.0802063274180452,-0.0751663278019188,-0.063764839614891,-0.0947799451770114,-0.11828875739094,-0.0978052946999679,-0.0930027878397768,-0.111935850025092,-0.107265266289963,-0.0848113229465688,-0.0618071777582917,-0.0302686877234687,-0.00543509578459019,0.0459859892928176,0.0825571290006451,0.0498711650608744,0.0637575689721228,0.0921254510047528,0.0827327321629335,0.0863087744415096,0.0416365818634004,-0.0175480047239418,-0.0365608088807098,-0.00676001501912796,-0.0238376663713594,-0.0691232820164385,-0.100881721357755,-0.111370726698371,-0.0969489753070089,-0.0678402598876933,-0.0372121620765867,0.0167600166515226,0.0458823619150785,0.00123486913685654,0.0462184491699162,0.0468064077726951,-0.0158356832725235,-0.00154695218235805,0.0277849842064686,-0.014763806390714,-0.0339520413627877,-0.0607647195261208,-0.0588504768005585,-0.0558648819816112,-0.0724059069377385,-0.0900956426685773,-0.082152886465395,-0.0774786231229421,-0.0922196134255967,-0.103612642226157,-0.117568611025635,-0.10798285948674,-0.098359280832332,-0.072314537729084,-0.0629900436970429,-0.0768540037616283,-0.0987341992763035,-0.0939728246219937,-0.107353459450988,-0.136007064922807,-0.145373137766734,-0.1367002062891,-0.133695583090787,-0.129420125311969,-0.113331514029425,-0.121464771255172,-0.112967712534736,-0.12283136725237,-0.133356809009243,-0.125863957267966,-0.10940015797237,-0.094168820616436,-0.0792312577066124,-0.0665876063440075,-0.0798091400080409,-0.113537025844476,-0.108738382808107,-0.103444419664779,-0.118550546274204,-0.127408556166515,-0.122362641934991,-0.115045974659751,-0.111354286266631,-0.108649803306661,-0.0975841635420577,-0.113138031994786,-0.0969026228046827,-0.0819918524133561,-0.0684764734857461,-0.0308054340443627,0.0160133154349892,0.052394945758698,0.119997530591278,0.194004810302388,0.306231641430306,0.226005978299366,0.160068653960124,0.194587970013706,0.195018180611673,0.141566010506934,0.0983030021747306,0.107814711463488,0.1029473044222,0.0675449978404704,0.0535687283383301,0.0299841546585438,0.0240986344355366,-0.00365057431244008,0.0045868645408235,0.0458750516330441,0.0536129275714506,0.116305060287705,0.131488614280053,0.1863383702002,0.193038101338282,0.154423447806674,0.159767369004117,0.247344522865813,0.243340765180274,0.299533294991469,0.409398927204557,0.455733775672914,0.603668762036306,1,0.627877806810215,0.337003154469917,0.238729838053678,0.154435529733149,0.121217838632188,0.110859155199188,0.0772821702679139,0.0633902454847159,0.0647396589603956,0.042523668294388,0.0259235098287488,-0.00707939178876718,-0.00797095431221129,0.00318784041518766,-0.00776446788966564,-0.0214338097864726,-0.00265405907369582,-0.01280194794206,-0.00592134421890747,-0.00512419581557899,0.0172639769378514,0.036476520022714,0.0662407882702695,0.0624275680505453,0.0766767459438643,0.0412317590642306,0.0523138175008148,0.0465395822584348,0.0209731058344858,0.0336224335148799,0.00868086953210381,0.0205370642527714
"188",-0.0206539642021646,0.00649772452154485,0.0406193783582395,0.0876955163727,0.119723159677047,0.175515943775115,0.222653885817566,0.337970856492935,0.278437572203106,0.26113509584045,0.259665254298352,0.163492352665678,-0.0361902485189169,-0.148187906643344,-0.244104708218831,-0.257557570826683,-0.270148525892346,-0.297185197025236,-0.242850096012472,-0.220329686496859,-0.184747502987935,-0.118034379888896,-0.00641310253829132,0.105645736545309,0.177455231561771,0.239157261305258,0.240342992700594,0.347814961448594,0.458985691271162,0.428213847366971,0.457884890815261,0.27543543662396,0.213190740464464,0.102146891207817,0.102413299789752,0.0874835471215253,0.141729075390543,0.151810948690659,0.0770754662490706,0.061580486985283,0.0165727172155112,0.0168002072501601,-0.0162662459084062,-0.0032872223728324,0.0294577537708786,0.00471033281813968,-0.0180816920600931,0.00404848767048831,0.0133585934717658,-0.013351187031511,-0.0199239212289394,-0.0102872319950397,-0.0177440241469812,-0.036322816945916,-0.0317495544323474,-0.0431796637216139,-0.0443579443222758,-0.045776587651168,-0.0461646947744829,-0.0706041264070948,-0.0880622381541389,-0.0905176375232541,-0.105892058636952,-0.127473227728353,-0.1350525747266,-0.137845659584281,-0.151896591140284,-0.159368288231719,-0.1565953794172,-0.156033612678182,-0.151329148770988,-0.14255080135075,-0.137127109042259,-0.112959853326262,-0.0917863261475068,-0.0573064698209162,-0.0165619647885711,0.0126586912381612,0.00554522389858533,0.0221584776349658,0.0415796441826155,0.0377486862147752,0.0239109936593868,-0.0178533900353572,-0.0591956519517669,-0.0522184706014169,-0.0178291290646991,-0.0223947270635878,-0.0603860737407513,-0.0662294529040441,-0.0675808653862589,-0.0492110154663168,-0.0172147930629925,0.0146543951407705,0.0636888852404731,0.0965014909199908,0.0430012552192304,0.0634004736578937,0.0644994610813779,0.0108243414039273,0.00340494833188984,0.015530857284669,-0.0197612638794443,-0.030032351312652,-0.0487820414869481,-0.0498306793484627,-0.0507894442934691,-0.0588658735690466,-0.061931575986949,-0.04801337290331,-0.0450743576341039,-0.0535514563141355,-0.057223031863388,-0.0660200013739431,-0.0535051113435088,-0.040390157596707,-0.0121790405321896,-0.0026437829692385,-0.0216465347185748,-0.0468420109136024,-0.0457911075520763,-0.0562888111367161,-0.0797669743107505,-0.0897128874460579,-0.0861627276912986,-0.0830205812051792,-0.0834362588646008,-0.0757560425790558,-0.0803486257580978,-0.0722098351207342,-0.0731485949247863,-0.0753969154619398,-0.0643290992910181,-0.0545971133002176,-0.0387516199103758,-0.0316427379956057,-0.0284141357818136,-0.0434434991975393,-0.068085789944979,-0.0684147738585722,-0.0770747417146993,-0.0902655246884573,-0.0944836451467616,-0.100769226075771,-0.106886409735551,-0.0981551186994304,-0.0924097849076358,-0.0956509494727972,-0.0946707370142618,-0.0834567842340337,-0.0588102639567058,-0.0286132356911818,0.0201170147489042,0.0674830829933169,0.0953992329506891,0.157264051305225,0.222812113976228,0.356310795476589,0.273483509785788,0.207581796196402,0.247883880735906,0.253313927614967,0.190385248335651,0.141075232257405,0.153668282364,0.141264664560803,0.103119059073069,0.0901795032157028,0.0713861443701861,0.0676788924820365,0.0544916985014936,0.0608361312989186,0.0990823501923958,0.114248275337922,0.157016170598128,0.159323492670763,0.191548915188472,0.166968605665635,0.130531286266235,0.112080988703592,0.165444670515445,0.138525078595431,0.166227271277617,0.257391959408024,0.290346714949052,0.397075138792571,0.627877806810215,1,0.529283383665452,0.307060724133542,0.200300024247031,0.151650501662231,0.13936463506881,0.104634237208995,0.0990547897193941,0.10583423137486,0.0863629515620199,0.0724334379568922,0.0470589526915347,0.0409307936186086,0.0428850756619801,0.0321898750811828,0.0121338823295567,0.0316840324005309,0.0118333480067708,0.00781766091825635,-0.00662444405229998,-0.00311907647042073,0.0161896694773507,0.0462293616634009,0.0610444633929848,0.0829049476735371,0.0715472424628734,0.0961561529236153,0.0927818697865663,0.0793095945356198,0.0886431269593422,0.0706726930670704,0.071363191855672
"189",-0.0208454630674227,0.00688511958107435,0.0365932530996205,0.0746424986496887,0.0750439812343241,0.112360097758486,0.121050304266795,0.194988402532002,0.153764868091383,0.147218839197409,0.15063801950971,0.0900269084919106,-0.056869019546635,-0.141927089922359,-0.212034805671151,-0.222257549325403,-0.224496822621409,-0.245305638784188,-0.194239301207612,-0.176135035811622,-0.154056864797844,-0.0992321907029057,-0.00480673045842057,0.104379415950839,0.166710830840196,0.22928013058621,0.184574023737257,0.214378049544101,0.277641491583525,0.257098003330045,0.264004234033267,0.163427604343208,0.128185639545893,0.0618762542312456,0.0603073183210167,0.0507830129542165,0.0850012104094019,0.0877375037944244,0.0360572586846326,0.0268746309392883,-0.00301645185640404,-0.00609351311364618,-0.0307666137585436,-0.0216091312527489,0.00692262823278701,-0.00861956228640551,-0.0258661858044478,-0.00631354720217192,0.00576207472218965,-0.0124005778446768,-0.0171343843745165,-0.0078078539663364,-0.0105280894453131,-0.0215106374670373,-0.0209497632314735,-0.0287811612001976,-0.0347826688303187,-0.0336510437361869,-0.0391055685176354,-0.0671984425027125,-0.0811157561806908,-0.0884786044346115,-0.109356734054065,-0.128884647454345,-0.134374044701676,-0.145192944500032,-0.160839595555289,-0.163999826322176,-0.163176589612803,-0.168979617102322,-0.16216647687333,-0.151053526059413,-0.149612807936444,-0.120700648729945,-0.0993488716135267,-0.0613087919572219,-0.0229837579427259,0.00940257916654591,0.00666843978686915,0.0271620842315839,0.0455836733943034,0.0453781883644812,0.0285887826900527,-0.0120386716231382,-0.0497720658761255,-0.0345930737526389,0.000625640948515186,-0.00216571903891588,-0.0370851400744868,-0.0407386206201134,-0.0465378353716795,-0.036383110406479,-0.0118803695068115,0.0102463329408781,0.0443233631158924,0.0674293666881359,0.029682243617395,0.0427069205119491,0.0435244156909584,0.00703443873354495,0.000733246605675888,0.00901635765733589,-0.0153311953481277,-0.0175801063045431,-0.0295115754985517,-0.0289001682350785,-0.0306514967480897,-0.0383854767494597,-0.0404994599409452,-0.0261233770171207,-0.0251871638224947,-0.0311872723811423,-0.0333294320072699,-0.0448489537194114,-0.0356718177812957,-0.0307279506676142,-0.0110858937798697,-0.00649400029290441,-0.0207950922697722,-0.0425300278574272,-0.0378965317289384,-0.0423085053848345,-0.0603537051483522,-0.0649803295914378,-0.0615498847224781,-0.0583085753914246,-0.0571207954751176,-0.0502577208353814,-0.0518543260249691,-0.0472309331071918,-0.0517379752678225,-0.0561029385780727,-0.0510212696805253,-0.0454741736203359,-0.0307714539762641,-0.020381759078923,-0.0174952161354287,-0.0291109915644194,-0.0504539384137327,-0.0529100163728177,-0.0649858490609906,-0.0752861491815449,-0.0764674161660485,-0.0863232829644865,-0.0964475657847401,-0.0830090615827898,-0.0737785022945531,-0.0790410044478324,-0.0778690087669408,-0.0680679636182573,-0.0502005735441536,-0.0256945115566343,0.0140025911273234,0.0528260946175318,0.0632195423141083,0.109508087267482,0.144011529052241,0.24074902061456,0.199391562296877,0.168666214913931,0.228569955903628,0.281570397968523,0.241126759182383,0.177343268257989,0.189220093214165,0.187082909025792,0.149344578100368,0.126028551838675,0.0993398682268282,0.0859828016241806,0.0727364867597639,0.0728920575596635,0.0968092460542821,0.0765841844942665,0.106777198393411,0.0841585410640866,0.103693998868962,0.0812696512487167,0.0612740512287747,0.0513979939740888,0.0886662667672299,0.0730017809369735,0.0931353528222673,0.152511017477115,0.173064578703022,0.237761898098242,0.337003154469917,0.529283383665452,1,0.480458739897392,0.305668576046914,0.235199499681078,0.241289342597582,0.193671287229519,0.172676890673535,0.190942562028213,0.163539380770392,0.116051952038361,0.0777771556222791,0.0474385653364685,0.031219607912592,0.0104371449811411,-0.00383382141138192,-0.00137134368213136,-0.0145067639776506,-0.0245469928386068,-0.0305390952247349,-0.0253329467406746,-0.0152717239729165,0.00409093368239153,0.0108746821843302,0.0284157403688735,0.027066845629143,0.046000876085019,0.0654728880063849,0.0741988486997305,0.12152311689155,0.11989674747262,0.13367333013803
"190",-0.0460249723162748,-0.0256746646644538,0.00997834482287368,0.0449049632086052,0.0449599370301203,0.0703458449255553,0.0903785457794799,0.164581778531478,0.143924689187643,0.158269041954341,0.146874411924272,0.0885875618417593,-0.056848222757249,-0.14738426860949,-0.217772691846978,-0.227606736226998,-0.229323482922796,-0.242526673504165,-0.188358293931582,-0.162241611818285,-0.137213936257929,-0.0713101817373174,0.0568011657662849,0.208271148346995,0.269899646681847,0.341428380353138,0.28581176980859,0.237394133971641,0.254623472981381,0.207418023318531,0.177929006776981,0.1124381949865,0.0862948129343438,0.0391823708551264,0.0306922756674364,0.0264198161856727,0.0475218063157304,0.0588134620398467,0.016470572037797,-0.0068220641783772,-0.020600920467438,-0.0195330016773102,-0.0439527528531331,-0.0315890890382021,-0.00694898730923436,-0.0281079215026213,-0.0416420611322915,-0.0200791385476491,-0.0140384198849649,-0.0338052663194387,-0.0349489380364528,-0.0256708631137893,-0.0319924782938855,-0.0415455936814782,-0.0394633064245407,-0.0495560616836815,-0.0614011425619455,-0.0548587910026985,-0.0652202006086474,-0.103017739823469,-0.11467370877915,-0.118141457730577,-0.149234892302059,-0.169850108842307,-0.163897174444148,-0.176067687848891,-0.200099171512504,-0.195564538905947,-0.182700255984342,-0.195403171825951,-0.188264348128208,-0.164544024847245,-0.161530649082826,-0.12244610338481,-0.10077614842004,-0.0548583295931319,-0.0126830267468139,0.0280838515682618,0.0370517114758389,0.0611536943235226,0.0716619670663215,0.0681028827791495,0.0392949449427883,0.00498760455413861,-0.0468710015197389,-0.0255478943268247,0.0118729556371675,0.00425434353197575,-0.0453599867247081,-0.0533204298306064,-0.0704668856501951,-0.061396269481651,-0.0390767884012232,-0.0226101117848717,0.00498424638117657,0.0238201815588169,0.00253437009261715,0.0174563483435272,0.0165372315896734,-0.0119274839566985,-0.014722839149154,-0.00429352029444671,-0.0231598629319967,-0.0202107182975897,-0.027917657667588,-0.0255997164531433,-0.0302324995088178,-0.0390756822416829,-0.0424014514844182,-0.0288813281881086,-0.0273316767836635,-0.0355308940258293,-0.0419272748325336,-0.0579397965641993,-0.0486104329955423,-0.052504453346328,-0.0361359332516959,-0.0348056604677209,-0.0392796472987735,-0.053246942277355,-0.0421198672315219,-0.0421133878306332,-0.0582156341487998,-0.0598236327172879,-0.0529557989314667,-0.0502579595081907,-0.0489158648981594,-0.0415620020785024,-0.0448761013502471,-0.0451276322752538,-0.0547163812979814,-0.0647914977616892,-0.0635528077911554,-0.0631638771278086,-0.0507580992124699,-0.0408774739368688,-0.0402761831707381,-0.0521569437197989,-0.0722273810179979,-0.0733303917278653,-0.0866948980695992,-0.0928395939991292,-0.0887919323369003,-0.102184813603235,-0.110210573176405,-0.0869940354199257,-0.0756048990160495,-0.0848350991369163,-0.0970289048240644,-0.0974795449465735,-0.0809875340948286,-0.0582468673656946,-0.0219452387697957,0.0120198926810203,0.0190668647485675,0.0602148069744202,0.0917874880032735,0.172455451420677,0.151694040954381,0.119740019623177,0.154661346264012,0.207170637625547,0.172076539024725,0.121006961467329,0.148139051875051,0.147227098495633,0.107118581795207,0.0946751307867294,0.0616516397218874,0.0639603295202364,0.0703652656162557,0.0928709475704194,0.115166021945774,0.0747092011185728,0.106067088181258,0.0736840243139772,0.105025131381065,0.0764004079172671,0.0699562485390093,0.0557468971398895,0.093089824124918,0.0660009573806944,0.0703300761515125,0.116992754212652,0.122933366330931,0.171571240651568,0.238729838053678,0.307060724133542,0.480458739897392,1,0.580028469106874,0.381029315392969,0.335177719791139,0.24754862286247,0.27060588557735,0.309573126982704,0.258246762038799,0.191216798667319,0.142144367960096,0.0909875411042176,0.0530844789939575,0.0231931811818669,-0.00086622793278391,-0.00374346342740759,-0.0173284521395023,-0.030277897454436,-0.0357753541404155,-0.0332438315443892,-0.0192155785360292,0.00239791863935494,0.00896990099476036,0.0264697326412588,0.0268982249709594,0.0470955423772472,0.0855709381183974,0.113559830754114,0.194205771971004,0.198020321392405,0.224334417470239
"191",-0.0246863816647507,0.00666042393410402,0.043840474752856,0.0680271085164078,0.0629059163523805,0.0617881951499303,0.0658609758361831,0.109710429441574,0.0815101201738711,0.0887744730318698,0.0785625432670278,0.0359933468900141,-0.0719648247415353,-0.13483750221685,-0.194076883740183,-0.19655463729393,-0.197932398640956,-0.210453278206939,-0.1671978253912,-0.146689796154888,-0.126829492059789,-0.0704162626260221,0.0268066051896238,0.153962547812867,0.226161688215388,0.257835504765968,0.187856665703914,0.166464736608853,0.171624550865867,0.126763720317048,0.108243604551759,0.0568488291021833,0.0342040002095356,0.0101629942487906,0.0059398112989661,0.000420040392926125,0.0105497184092008,0.0147022930165468,-0.0114175413714461,-0.0293797023822343,-0.0316883587409469,-0.0292628818280115,-0.0413424524239685,-0.0241989585338751,-0.00427809115135595,-0.0200152156735315,-0.0234034387697575,-0.00223418282619241,0.00196997064368303,-0.0102526598445829,-0.00960791062862098,-0.00280200448895275,-0.00688013163225181,-0.0136074532680016,-0.0210127783542833,-0.0338005936249458,-0.0611445733123372,-0.0614066321719953,-0.0761688177641128,-0.111418527423862,-0.124690629480148,-0.138635919599778,-0.163752306549997,-0.17498717651376,-0.17816422487378,-0.196231510797218,-0.207096004186968,-0.194997538197489,-0.19460712184463,-0.207010445483803,-0.18719251856158,-0.165036955072803,-0.171900286043096,-0.137824561671923,-0.124583429347581,-0.078916637788235,-0.0488877124034261,-0.018323354361913,0.00531343754695904,0.0275581535660038,0.0308412701628419,0.0307695967650631,-0.00504730378582457,-0.0326481139059282,-0.0671445839117204,-0.0339075860978794,0.00190513827245953,0.00290117974210668,-0.035759208196325,-0.0279291707765399,-0.0372545933923447,-0.0286823545467964,-0.00973011418720997,-0.00146919094750128,0.00993770855310492,0.019891144038042,0.00513720262057929,0.014092008049189,0.0143110591884267,-0.0053810449150449,-0.0108016902454659,-0.00397390710470512,-0.0158007485972456,-0.0112952842792457,-0.0142302423820392,-0.0123964567866258,-0.0158442911907956,-0.0208837390423056,-0.0211089231131672,-0.00664435804260878,-0.00655218214187927,-0.0107787705973888,-0.0121045432197868,-0.0256724754655506,-0.0193443520149715,-0.0261796669802442,-0.0182420152277347,-0.0201836320851313,-0.024269481204902,-0.0355190257809466,-0.0256923106113377,-0.0236881402844574,-0.0351623535067359,-0.0347949353393034,-0.0303347417723118,-0.028130208791702,-0.0264335186092978,-0.0213984615451355,-0.0216750960767421,-0.0230197710687486,-0.0293767808156889,-0.0382216874570679,-0.0400323810715391,-0.0428435832603104,-0.0328558594164353,-0.0241094835077801,-0.0252236919895733,-0.0355150790839851,-0.0504361813360308,-0.0509315405723514,-0.0669184341429847,-0.0723765721849036,-0.067234581725537,-0.0818901399987648,-0.095314062141189,-0.0733551739576838,-0.0614699143033203,-0.075431488042141,-0.0754272693644232,-0.0764494153947864,-0.0568505707157774,-0.0275095991131826,0.00894281592496056,0.0314649206458227,0.0285774761214258,0.0499041058806451,0.062364511195202,0.12162260300377,0.105594449551756,0.0894614714319593,0.12302383036302,0.157710368277853,0.137505365374003,0.126211403773697,0.15825656076548,0.150359386792157,0.122305112557528,0.122702374279465,0.0898970482966359,0.0908124691050044,0.110143067099013,0.136578903339765,0.150444435938749,0.113224616107687,0.114689580719802,0.072502948850306,0.0804138534658825,0.0428486875359634,0.0362686409805173,0.0164667939909196,0.0344189528061893,0.0159858586042285,0.0174408666201669,0.0559319700897678,0.065278042796458,0.109383301448023,0.154435529733149,0.200300024247031,0.305668576046914,0.580028469106874,1,0.601831650196859,0.439855355843855,0.255776456083189,0.294333085199614,0.359438700475738,0.289820503668361,0.22927263019669,0.181901078170889,0.131107411506526,0.0808401114972657,0.0535921940658523,0.0186506216795924,0.00647159537262016,-0.00934625871072001,-0.0290188430442152,-0.039867729242457,-0.0425842946032491,-0.0352618838073313,-0.0165018967659918,-0.00248606311523969,0.0204710633735213,0.0327140946726355,0.0717330800928023,0.112952442476029,0.167682300380037,0.242828776472405,0.244253208557204,0.253631734376824
"192",-0.0278772345716969,0.000429646243981727,0.0383660387855288,0.0601647206524913,0.041518839907647,0.0435461115532834,0.039996170488518,0.0791598847795248,0.0532488366235086,0.0592526433251098,0.0509411588080681,0.0160296557259932,-0.0837144842925961,-0.141693270027231,-0.193180778899438,-0.198898369342942,-0.192397552631495,-0.207640873632326,-0.15866754867643,-0.14443557248832,-0.13277112763171,-0.0838897182733625,0.00580895784431433,0.121448531023035,0.180047521552101,0.194874950367139,0.135372944130017,0.124791047803596,0.129863068758003,0.0927544910726829,0.0775905031041952,0.0400355926287912,0.0222759069097595,0.00427931848222218,8.93142950611764e-05,-0.00431724225837524,0.00353242942026336,0.00462215604810755,-0.0184855105979135,-0.0344601306670799,-0.038829196447715,-0.0394512913242282,-0.0516649637062093,-0.0340715408983427,-0.0125236358823981,-0.0276748084443273,-0.0309550926533881,-0.00739511575548496,-0.0017789432868022,-0.0129563531658724,-0.0106249480136568,-0.0018279456819463,-0.00589141317406226,-0.00945347341298387,-0.0175148824392504,-0.0281313102709279,-0.0592881237560983,-0.0571753048217394,-0.075616237985728,-0.11684417064897,-0.129529917544932,-0.146348960551312,-0.177860812487174,-0.190765780696335,-0.192446527844501,-0.215922615057748,-0.230571571361164,-0.216730596983167,-0.216236854281827,-0.232962621639396,-0.211973245327631,-0.186877156586309,-0.195119573329623,-0.154663287920836,-0.138429126484418,-0.0861874750769597,-0.0533867620141244,-0.0171091821150273,0.00927028636798853,0.0360296123374006,0.0401005513236502,0.0418302873953834,0.00205066273887802,-0.0284165207222269,-0.0657178493482967,-0.0262412902999836,0.0141423862743182,0.0155988295398851,-0.0253653652061104,-0.0176325471880836,-0.0308902137098155,-0.027913555687274,-0.0112372882384256,-0.00717466436820626,0.000767642243640354,0.00826900098385146,0.00133098075056599,0.00993597804503905,0.0112870184157509,-0.00345594834686387,-0.00713048773386499,-9.48877457429703e-05,-0.00968716532924985,-0.00221888695651061,-0.00368643929571642,-0.00150215856149441,-0.00523170120399257,-0.0112932897631828,-0.0128447226640521,0.00297123295023895,-0.000222392270291395,-0.00398577931366564,-0.0033678687496201,-0.0198720426508934,-0.0140578668407872,-0.0275900622067681,-0.0220573388678955,-0.0276454903628645,-0.0296283480023345,-0.0409767144595752,-0.0272214741237737,-0.021692373558014,-0.0323150707667108,-0.0291567331454423,-0.0235764994304999,-0.0206858286364685,-0.0175060697827356,-0.0121143361813249,-0.0112352905177056,-0.01453266178406,-0.0237822482600141,-0.036472704822918,-0.0415800165859514,-0.047988224242953,-0.0384641018342916,-0.0304999891375431,-0.0327351127011672,-0.0435211668712566,-0.0574729140964971,-0.0567535830021858,-0.0750640355366713,-0.0799454316076687,-0.0715830920496305,-0.087688838463597,-0.103640090071501,-0.0767713456367441,-0.0607484137035702,-0.0747250330649368,-0.074546511314261,-0.0752436386226791,-0.0595422942606516,-0.033900359132853,0.00241409056205588,0.0219459466965933,0.0143030535098675,0.034573054489546,0.0418820267813181,0.0942477110637875,0.0843109355125125,0.0753642301399433,0.106402501577789,0.141638960912455,0.132712183935724,0.131700944703205,0.168549997085897,0.166666016113141,0.146498728605921,0.154044408604077,0.10957235046394,0.104115308438306,0.131287404466212,0.148179243048626,0.152946343359529,0.0913942647997278,0.101223629758615,0.0497910056485808,0.0568339862478979,0.0180281581648844,0.0158013226356784,-0.000444136647947155,0.0138507389332706,0.00275567481295719,0.00505702830823175,0.0368709593632378,0.046998668341346,0.0833610807544305,0.121217838632188,0.151650501662231,0.235199499681078,0.381029315392969,0.601831650196859,1,0.699066558322579,0.524140885504281,0.551003625780274,0.491079929575988,0.361187836088313,0.262091670404294,0.173514348310655,0.115721931154855,0.0632260298981448,0.0360337200791794,0.0128344985623671,-0.00572133285357027,-0.0216482361849008,-0.0465814756867254,-0.0563712428205925,-0.0573154124787087,-0.0550346921242603,-0.0388714968472304,-0.0246891354379155,0.000514409195978251,0.0197429442927529,0.0537170320736816,0.0998631255773465,0.165895503442907,0.276730613391615,0.286718611801909,0.3408833092013
"193",-0.0312352233942882,-2.79120183957711e-05,0.046254788084111,0.069582835499316,0.0549285856990464,0.047668803907737,0.0487574329372991,0.0784550326281776,0.0484180046996291,0.0474766281516471,0.0358252009311726,0.00081403760517272,-0.0967742569011158,-0.148952994534074,-0.212278534722682,-0.213266863947666,-0.212633114905305,-0.232680489580877,-0.18677016606519,-0.17337698103622,-0.156617856323935,-0.102158074002628,-0.0119004670838272,0.118235495188296,0.180078565788409,0.18241644770386,0.116901911264392,0.118522036349276,0.118625135938588,0.0806620182596047,0.0655431293678348,0.0302733184237005,0.0108421204617802,-0.00364048026003119,-0.00574916290024949,-0.0100410939564543,-0.00242474971846585,-0.00378305895073312,-0.0228259575749893,-0.0387241217578771,-0.0418424532605972,-0.0400112732056262,-0.0484233501798368,-0.0246449527169866,-0.00523412190891271,-0.0237131576685876,-0.0231059895738993,0.00318363230120172,0.0052482699146933,-0.00901185926069365,-0.00664266303890571,0.00343176165627295,-0.00324856818985899,-0.0118116779092881,-0.023647670186679,-0.0403022018145432,-0.0829675695522012,-0.0817381861862427,-0.104552812801342,-0.149499808397,-0.161864071302724,-0.179724778754764,-0.213470999142131,-0.221689349426749,-0.219708403063689,-0.244864144899955,-0.2578780763142,-0.234527777123495,-0.230565586290941,-0.250915485442233,-0.223569885495418,-0.190012047575559,-0.20136052595071,-0.157680757569655,-0.14676088037724,-0.0908929736162548,-0.060328768937933,-0.0237191270304995,0.0177959292120174,0.0449352314656806,0.0392963139931053,0.0386238813667532,-0.0131854976114442,-0.0355310220984264,-0.0766746951742364,-0.029259009395023,0.0105786065906507,0.011328925577865,-0.0362989140189557,-0.0231326281512164,-0.0354172561744195,-0.0281507956028468,-0.00866804222937281,-0.00550555807331667,-0.0027292955776748,0.00435580748223132,0.00306069675106582,0.0103224084105909,0.00905490535455443,-0.0041966107244117,-0.00767476625742533,-0.00168074689098046,-0.0110240589662581,-0.0026539589301734,-0.00171890547919812,-0.00147468569521606,-0.00678053826724136,-0.0102383245925925,-0.0106151745403612,0.00563788379614981,0.000304603536149568,-0.00506539077184098,-0.00179083341365294,-0.0175990061946978,-0.0077785455592815,-0.0234014592783121,-0.0176415293908344,-0.021069759308637,-0.0206427648274509,-0.0285225054256007,-0.0150763814530155,-0.00881492952186197,-0.0182092537800854,-0.0156436500187725,-0.0104853215820843,-0.00776940357165111,-0.00606387919991228,-0.00333095836436037,-0.00343550885953583,-0.00940737078366691,-0.0167955570728624,-0.0290288586666493,-0.0347531878658999,-0.0414980376885603,-0.0311879861069245,-0.0223997052512973,-0.0276643073538574,-0.0400411132052907,-0.0536858794583353,-0.0521567797452042,-0.0728919237056633,-0.0772525745234449,-0.06726330090168,-0.0863434156422455,-0.103703869482884,-0.0733804909951635,-0.0576923223493323,-0.0775431583894185,-0.0807897660887347,-0.0894466848625133,-0.0688788092361011,-0.0373085951375107,0.00448953033722748,0.0230265780108015,0.0135705810758144,0.0274395674508281,0.0291497775001572,0.0799370231611518,0.0641637413245941,0.0567348281659296,0.0951454460796937,0.12409580579273,0.101553986680957,0.10630359958164,0.159225736764221,0.148209397590202,0.118841286753359,0.145915787998622,0.0933692589783679,0.110654359929798,0.151492630322031,0.190462949039196,0.190608048128315,0.130483232634015,0.129129082995921,0.0737625849105744,0.0718698247800203,0.02619150872326,0.0199325134309588,-0.0033886698767098,0.00179405718643654,-0.00883489644976312,-0.0075270983199385,0.0233752101348223,0.0347695304248158,0.0701924587385041,0.110859155199188,0.13936463506881,0.241289342597582,0.335177719791139,0.439855355843855,0.699066558322579,1,0.730740705751244,0.501911866450895,0.574455407933836,0.490970362216475,0.371803337277727,0.269533096978701,0.189180347283203,0.113927310661987,0.0827243883056163,0.0403689738825935,0.0185430216629613,0.000205472663878429,-0.0267397368801276,-0.0474443978576506,-0.0539388352441219,-0.0507945152142473,-0.032204205166973,-0.00785831237162,0.0202610236815615,0.0448088449309532,0.0985839081903036,0.152915937005643,0.246251662312642,0.373808788529337,0.360688195335906,0.37275464613055
"194",-0.0139852912513385,0.0220043172143074,0.0623297196021962,0.076264294650347,0.0537195379380619,0.0420531832957071,0.031808787867855,0.051223826955891,0.0190251668281661,0.0182550378810031,0.0084869006579802,-0.0192790722008495,-0.0934968942482298,-0.134645286668474,-0.180868318686785,-0.184072795443092,-0.176078491832461,-0.193974654083098,-0.149658280308439,-0.142047729679801,-0.134829240384648,-0.0934228877844091,-0.0208701943249688,0.0832800943541963,0.132879760796677,0.133253013158864,0.0763431902976406,0.083683290955669,0.0842861016147447,0.0452389315003064,0.0359562726324866,0.0075511549959499,-0.0110767782813732,-0.0173972015985795,-0.0171148987926439,-0.0217989195023702,-0.0171228165690695,-0.0218058685944284,-0.0350731801051554,-0.0493244817157267,-0.0486531950703571,-0.0456481247390321,-0.0518195454492939,-0.0260377483451948,-0.00578644188036874,-0.0215806618342626,-0.0186579942312024,0.00890518196894317,0.0122761849298156,0.00288080637084849,0.00659959784518621,0.0159525456285766,0.0116091244796289,0.0082454745064511,-0.00645867236352764,-0.0204966755275023,-0.0654710770175358,-0.0662077024371492,-0.0904459518647473,-0.133661543067613,-0.146027820835679,-0.17008238150109,-0.202154579181721,-0.208427689491352,-0.212224523066804,-0.242171554197735,-0.251122051474661,-0.228500892100219,-0.23286844161375,-0.253291766869906,-0.223162447559366,-0.194228997915546,-0.209523042671044,-0.167778386843944,-0.157062669971198,-0.101495421407188,-0.0750612855410261,-0.041705864845932,-0.00153523742931501,0.0261328407230366,0.0232242643756597,0.0267469712937778,-0.0220642888723221,-0.0467204658497771,-0.0770468592347885,-0.0258026095589038,0.0145022809484695,0.0201205424844435,-0.0177764195466081,0.000193442188035643,-0.00930270533647411,-0.00594447154758061,0.00978846454004446,0.00888318760359988,0.00547980629247887,0.00869083405504188,0.00859493530522543,0.0114831271240726,0.012617408747674,0.00433165782116679,-0.00180844179477168,0.00206732617791426,-0.00378502006691849,0.00606479148491154,0.00826619700147285,0.00923259708918582,0.00561313708103612,0.00260838218049881,0.00370352670821881,0.0218138078270713,0.0144582860095156,0.0125182626610965,0.0190419752395006,0.00402188982846072,0.0115279066508899,-0.00609329808295667,-0.00445008160458435,-0.0120626016402435,-0.0134501604808536,-0.0232396050628869,-0.00953470616951453,-0.00117159827713687,-0.00837215320007485,-0.00379850087645174,0.000116848864953895,0.00316703978816484,0.00596487538253533,0.00811339342055835,0.010928413733141,0.00559418721187057,-0.000611385561972992,-0.0126577872762678,-0.0198013542720631,-0.029705472497763,-0.0217083614078792,-0.0163192204851965,-0.022138141294027,-0.0328141030117135,-0.041273484464876,-0.0405630374192337,-0.0632111694083781,-0.0662839411614333,-0.0545315855770957,-0.0743325549445202,-0.0950886019484768,-0.0652299126329344,-0.04752884452009,-0.0665763534888759,-0.0614987711275209,-0.0657167671941318,-0.0476806721118438,-0.0170492283538802,0.0218360344509384,0.0346173454909793,0.0193189369603003,0.0272779816278729,0.0216442785572175,0.0621424912728457,0.0529024949394508,0.0559363807639454,0.0895706660181931,0.112256466509871,0.106938582250824,0.122880213295194,0.16292198005092,0.156624587213971,0.14884627819129,0.17438046398061,0.128832776621694,0.128577304546669,0.167053030672015,0.190786561878992,0.183224706383842,0.12133795518653,0.118446323290329,0.0603581722817277,0.0533224941425569,0.00437776985550088,0.00179903062602475,-0.0216014914661683,-0.0227819165051583,-0.0286400787466596,-0.0280772840638814,-0.00181563066645346,0.0102053411668152,0.0402409773819324,0.0772821702679139,0.104634237208995,0.193671287229519,0.24754862286247,0.255776456083189,0.524140885504281,0.730740705751244,1,0.713928953355975,0.541818215835718,0.422160316300623,0.319283119461632,0.214266707184663,0.148716149239603,0.0917537373186897,0.063206062191714,0.0332576635747601,0.0110710085122584,-0.00831853338435477,-0.0395918134921224,-0.0578334459230936,-0.0645511990185123,-0.0660446966581035,-0.0496353554296873,-0.0250587276985149,0.00513533759185665,0.0356561920828678,0.0844805001734444,0.134204463683078,0.225174320592711,0.339186664312949,0.342058936497919,0.370442260327257
"195",0.0164156278301585,0.0697218498964691,0.114464617712497,0.118682411051611,0.0886359047250587,0.059758703261722,0.0400458891714723,0.0457194404587787,0.00469890530500112,0.000347682571905525,-0.0115268630830371,-0.0398859376167682,-0.106773978533093,-0.144782842272433,-0.188080139173111,-0.190647497335986,-0.179113298088497,-0.197839198050208,-0.150895907445194,-0.144301527261206,-0.140767274198732,-0.101146713443694,-0.0321222057807023,0.0677288729918283,0.118352746752424,0.125987140408296,0.0653912793324729,0.0725099667760195,0.0734295138410054,0.0297387760703377,0.0279310219776447,-0.00535349373933039,-0.0282163414250449,-0.0299298021311884,-0.0263780980437342,-0.0308579565144243,-0.0271804800828614,-0.0361297966096574,-0.0460993469982407,-0.0591525528572176,-0.0549258408597889,-0.0501408655996235,-0.0524388865130618,-0.0218941009737947,0.000210052324973354,-0.0144133543950417,-0.00732651813606907,0.0241621750571429,0.0284049165206188,0.021697207916069,0.0276963441230063,0.0380753765647086,0.0349195654020196,0.032797229017349,0.0133449802646004,-0.00140916757432192,-0.054276921238406,-0.0621135565630501,-0.0878756920827257,-0.129520049435957,-0.146685097893795,-0.181672246156384,-0.208500680575234,-0.211815914191923,-0.229026074745116,-0.264836574026518,-0.26375760464036,-0.241234942834373,-0.260683160497064,-0.278544706201599,-0.239156231845262,-0.216415176626886,-0.238954155120532,-0.200389590278295,-0.190959572978479,-0.132445712493246,-0.109588565306688,-0.0815245281947941,-0.038453106702559,-0.00989891790138902,-0.00982610028407925,-0.00167410116560724,-0.0515185278455534,-0.0824645407889474,-0.0995471519034659,-0.0403858166062042,0.00448489829743107,0.018835133538571,-0.0091561164737858,0.0200129117853156,0.0187735997927326,0.0221619498244371,0.0386305802601622,0.0366263833295416,0.0279564216240689,0.0273598686110212,0.0205004426522936,0.0193473002137693,0.0242670057228846,0.016956971735221,0.00558757909193265,0.00721234432344797,0.0023665457401151,0.0101992790809066,0.0120717822734216,0.0136904744241163,0.0127112900368594,0.0108101469272147,0.0147753104105687,0.0355066410717961,0.0271948836131786,0.0292339078286495,0.0396878637804648,0.0253923615198823,0.0316243039340297,0.0159036210534917,0.0141959541725117,0.00160449703675244,-0.00530638375870469,-0.0196896627774953,-0.00705342418924696,0.00171739277487329,-0.00514687341368698,0.000426523007429599,0.00228444755153958,0.00513563139439322,0.00912253939072886,0.011515588768004,0.0174354649845493,0.0149366255455108,0.0118552804237608,0.00130407032812595,-0.00600401007633824,-0.0190255702952029,-0.0124655903927059,-0.00976863902497503,-0.0145158028772351,-0.024654157285629,-0.030499651608262,-0.0298247097855432,-0.0551072746483045,-0.0601668157364886,-0.0485958295032366,-0.0687166656993137,-0.0956701407494515,-0.0687394738823342,-0.0488931803331053,-0.0695499877700584,-0.049262087677635,-0.0452332815363961,-0.0217107844315415,0.0174821517345425,0.0611516826378227,0.0714767417650819,0.0486342155860165,0.0489184065917301,0.0372602340217427,0.0705354150401372,0.0700762816489411,0.0835009318598375,0.11303528517715,0.132084111763915,0.144395218620942,0.1684934614524,0.192936452136717,0.183520183647329,0.193863947426468,0.21408903656141,0.187229826040894,0.179374776724533,0.231315471881868,0.245574372543292,0.224287602299093,0.156534920268773,0.138585931247115,0.072370865927991,0.0539813295278108,-0.00257752210217678,-0.00721158169238622,-0.0356965193764925,-0.0442396750391852,-0.0482159536034344,-0.0493246325392672,-0.0213372627380792,-0.00756380848960355,0.0259358102569304,0.0633902454847159,0.0990547897193941,0.172676890673535,0.27060588557735,0.294333085199614,0.551003625780274,0.501911866450895,0.713928953355975,1,0.666476308184784,0.456264387478724,0.333176882954335,0.228938117723401,0.156626202111851,0.0982917931462378,0.0666602672715888,0.0357097766454641,0.0124375716843947,-0.0092170565155555,-0.0462120896718234,-0.0651785558592906,-0.0745935344931728,-0.0792716621524994,-0.0618469029602496,-0.0328633512814513,0.00328083359957317,0.0402982299738779,0.0957401883585797,0.14846754508583,0.25028637576866,0.376754043418734,0.421460344111541,0.472319788297895
"196",0.0333633908181495,0.101621865825725,0.162590174178504,0.165410209627024,0.136794228889052,0.0879266626124723,0.0696640921618267,0.0613185969964565,0.0134139402384163,0.00051164023536834,-0.0185927502144728,-0.0522112214810327,-0.128158379009035,-0.165480973221029,-0.229981190156088,-0.22569921654136,-0.223390905439137,-0.248728266258718,-0.203404201882314,-0.194226963292171,-0.181154289753787,-0.12885270101651,-0.0506213127339838,0.0739129905410571,0.135527289315343,0.142506606023378,0.0710208110336755,0.0823971702987359,0.0783682746769743,0.032606397344096,0.0319175593381566,-0.0079884121890641,-0.0359994422293092,-0.0371829283261789,-0.0308579695505063,-0.0342642161975939,-0.0288139309772564,-0.0402253487993227,-0.0482289850816953,-0.06166124839817,-0.0576725392743177,-0.0508739522744411,-0.0482366987967457,-0.0103123777439017,0.0105139653843865,-0.00712594010828371,0.00535105716299886,0.0413771244253384,0.0434371245481175,0.0336879363332603,0.0406685368531704,0.0543273841376622,0.0494001723661562,0.0401511058683853,0.015108382748635,-0.00731740447588285,-0.0755584251835172,-0.0888857014457144,-0.118625333110152,-0.161734349993899,-0.181734013089389,-0.22187558285086,-0.246473986244656,-0.243614229445648,-0.26430071993854,-0.30235661519564,-0.293914245440676,-0.262706078997474,-0.285477753282665,-0.303922290998682,-0.253987288132433,-0.226267913433138,-0.254505496931658,-0.215927457472718,-0.213106982020056,-0.150902665751587,-0.131996077379817,-0.10760415897676,-0.0479491456908142,-0.0200114137671974,-0.0289820632304213,-0.0223053099571083,-0.0846449820651406,-0.109621444238092,-0.124843680319287,-0.0556260388454387,-0.00996208217828278,0.0080575837160509,-0.0217896457072089,0.0189380905776647,0.0249451092782735,0.0354949163887209,0.0573811591124142,0.0547422450384254,0.0387214409627579,0.0344244768411398,0.0260062863204804,0.0236298865960893,0.0284650779670889,0.0203211514690246,0.00673009004574453,0.007030468083752,0.00135043544253944,0.00646711327554647,0.00980865904137153,0.00979028058895223,0.00888478398193223,0.0107199126663138,0.017379136504655,0.0388473521352028,0.0295369764067883,0.0320677507762454,0.0466191156345373,0.0344872537243861,0.043950142989805,0.0292711640497023,0.0253238241418423,0.0112597801576134,0.0024341659403456,-0.0111882945427799,-0.000106443733760173,0.00844049186419154,0.00211150960386682,0.00733366712166881,0.00768463496724212,0.00929520529552772,0.0128702004259401,0.0142086418139518,0.0204000806170436,0.0186187535476352,0.0194707971505891,0.0105236373538579,0.00121326524643502,-0.013309400270195,-0.00794054348267104,-0.00455038047230654,-0.00988086824935199,-0.0219182959468801,-0.0280133240705604,-0.0243935152887846,-0.0515002604970775,-0.0583374185496947,-0.0460031831045793,-0.0670180597598256,-0.0972468938342743,-0.0701096866583002,-0.0505593690052524,-0.0768589396648021,-0.0517383964655171,-0.0511376998225268,-0.0169871522488829,0.036305908195339,0.0908327799787677,0.100145564673846,0.0730716232351081,0.0605474547176855,0.0425260863089366,0.0729591814030505,0.066522507143118,0.0826114481476776,0.119738435881386,0.130310608111866,0.128489760091932,0.157607281111534,0.191798477926467,0.16393576321936,0.164173771141703,0.199518274242252,0.184112800368227,0.213349914227923,0.295208687549598,0.333169538140341,0.308055226430739,0.232420075661475,0.194001966300776,0.116348958430913,0.083957053048653,0.0185751529675778,0.0055443763277801,-0.0322371461336588,-0.0494146322465972,-0.0563474166249665,-0.0594283243114017,-0.0299505064576757,-0.0154773001154977,0.0227757921123056,0.0647396589603956,0.10583423137486,0.190942562028213,0.309573126982704,0.359438700475738,0.491079929575988,0.574455407933836,0.541818215835718,0.666476308184784,1,0.683674941982983,0.489461475921599,0.353735010847567,0.241807415278434,0.161662262003097,0.114643016292013,0.0623737102230663,0.0390583077590952,0.0143388248938823,-0.0245696350929145,-0.055683580140628,-0.0715273930324593,-0.0735838749986011,-0.0513273184706678,-0.0103400976151764,0.0314156068225764,0.0721268028546016,0.151842559457501,0.223841848073937,0.355030510522524,0.541598529357769,0.577459939462518,0.6028959333207
"197",0.0183261273690068,0.0783001350942657,0.140710525464053,0.15140913240736,0.142183237856286,0.0982358993018421,0.0925490560102408,0.0679379160698678,0.0221953212263015,0.00211188622532474,-0.0236833147405944,-0.056057873118697,-0.124620920576948,-0.153688347095014,-0.225712137553153,-0.21545157494915,-0.222435610975423,-0.248387751262558,-0.213179901323005,-0.203009130045015,-0.182941434540519,-0.12799819784833,-0.0544949821298163,0.073944560158861,0.13447464435462,0.134444431497683,0.0645251189307254,0.0811960467164875,0.0656410885904146,0.023652609993498,0.0222851795328444,-0.0148226732228312,-0.0436584642941608,-0.0439045523686079,-0.036065201534835,-0.0345780031902626,-0.0268433511615538,-0.0380651672536355,-0.0387597159939371,-0.0511076134911718,-0.0444080745193324,-0.0309603062107698,-0.0229677878353468,0.0182884764496526,0.0316422577350749,0.00982110097670978,0.0256390944352877,0.0592811471803627,0.0525779023909634,0.0373553382075576,0.0433712365147554,0.0553046875092957,0.0441650450442403,0.0281757618788876,0.00382833420217181,-0.024532925919919,-0.0950119450871448,-0.108335247702843,-0.13754884161535,-0.178081339223709,-0.196211063837834,-0.230613561539773,-0.252788488037757,-0.245407417899789,-0.259433347423581,-0.291867372585625,-0.282039705303118,-0.245041153040474,-0.25999948961702,-0.278390726336483,-0.228444147364269,-0.195251174031766,-0.222169201802168,-0.186563365502393,-0.190566892559384,-0.133719028382938,-0.119357741156191,-0.0986740654125284,-0.030440422333909,-0.00699519353979469,-0.0261281815029272,-0.0243202032944561,-0.091559538514196,-0.10359999927545,-0.12263580348342,-0.0564533057743066,-0.0178094057229147,-0.00356158851672915,-0.0383873874269158,0.00156448189792981,0.00737864946630972,0.0202560705555174,0.0437587468127936,0.0440412819003311,0.0271601795338178,0.0230751766771898,0.0207949274881242,0.0178586167354318,0.0200106918706811,0.0140218059264478,0.0024717476443492,0.00224602605458469,-0.00221981957837963,0.00218872563297496,0.00640971932698316,0.0045429392898709,0.00179139984243659,0.00519986861041508,0.0124949066541138,0.0313098774904284,0.02241376909162,0.021690767572828,0.0344269944682997,0.0224426377920468,0.0369031354023264,0.0241502717015842,0.0229372513213175,0.0137201896185495,0.00921973477071633,0.00231899082627733,0.0112200752792625,0.0185157482681385,0.0139872046415363,0.0171151545873346,0.0173473162102066,0.0182418777639059,0.0192407658277358,0.0176253184744106,0.0208089227716475,0.0163131085539427,0.0189560924075122,0.0119248663917625,0.00512407143871744,-0.00734406744673837,-0.00145548880528509,0.00221393183859916,-0.00472440416262679,-0.0169844640812159,-0.0226430388480063,-0.0191011223192794,-0.044552841519979,-0.0504846671005204,-0.0391231662508575,-0.0603240538907421,-0.0870336360520671,-0.0610882479085373,-0.0454184341200985,-0.0753289120548848,-0.0595705482166783,-0.0670961010311527,-0.0306337622332701,0.0190260240463586,0.0726052236505476,0.0836345766912838,0.062981178865216,0.0471335540849464,0.0262290776436797,0.049342920558713,0.0376539921945906,0.0534959741536649,0.0917352779761143,0.0915253655707614,0.0773396775015707,0.106311481203146,0.145195854565743,0.111462290545364,0.104299145248612,0.146773121582364,0.135277269456742,0.174933276930238,0.261111324661892,0.3193495653936,0.307823036308286,0.25194776710939,0.220710317370736,0.153095670685833,0.10917100350603,0.045604671844522,0.0269137405402048,-0.0176480961579767,-0.0428883644828116,-0.0538031036655725,-0.062039305223645,-0.0383943596095525,-0.0298088042237467,0.00275499132620814,0.042523668294388,0.0863629515620199,0.163539380770392,0.258246762038799,0.289820503668361,0.361187836088313,0.490970362216475,0.422160316300623,0.456264387478724,0.683674941982983,1,0.681865891461476,0.489073448832716,0.333705784558107,0.224602309881897,0.174838192566586,0.0957341265399499,0.0743318072546579,0.0520278555162793,0.0192180811861581,-0.0214669303916811,-0.0444570741009666,-0.043271341577469,-0.0200796018662899,0.029287139429427,0.0675832327418868,0.10680241956899,0.20831829754502,0.280367878686255,0.403940201668629,0.608459250216702,0.592297856033537,0.459003470906043
"198",0.0142402265182175,0.0755405151354939,0.138672859845785,0.157771268051868,0.164042166343137,0.115506667462651,0.125403279359009,0.0858321455633187,0.0419371739712283,0.014613480432008,-0.0203750462751692,-0.0549587682337823,-0.121816638062195,-0.146148775059965,-0.227770279002637,-0.211285059014912,-0.228407780795403,-0.254495806684717,-0.228588702958597,-0.21522924987086,-0.186484719095433,-0.126192002542065,-0.0516532564455961,0.0830140137776977,0.141180518165336,0.132617825307392,0.0699542552368828,0.0919929552124029,0.0630693648063014,0.0260373767537325,0.0238213979060156,-0.0157723524262568,-0.0464937342299736,-0.0461875813783189,-0.0372026331994716,-0.0304847492177236,-0.0224561662931815,-0.0320495518600734,-0.02872282966128,-0.0435788528458293,-0.035963913274212,-0.0176649293496547,-0.00464417885096738,0.0410551431550483,0.0477582299427351,0.0211329508610841,0.0408571954235657,0.0730812752934085,0.0594605339426206,0.0413595799451317,0.0460094460812683,0.0560165924311526,0.0424787608173982,0.021448279282429,-0.00506269814667248,-0.0384652343740891,-0.113181867138077,-0.129741403077909,-0.157704232022104,-0.193224864039592,-0.211535814275325,-0.24323007733583,-0.258971868329071,-0.245710816550548,-0.258849737870626,-0.285980657531898,-0.269995205384825,-0.228075734266429,-0.240915212645147,-0.256609491754505,-0.203424785413725,-0.167950315161349,-0.195688716427303,-0.166135028535984,-0.178173895253412,-0.127390023484817,-0.119945637677547,-0.107362477470097,-0.0308114051453885,-0.0131643448883586,-0.0411338775444378,-0.0428604070835905,-0.113643086553158,-0.114632574622935,-0.130743004339903,-0.0659853192232398,-0.034283904290422,-0.0205659578212191,-0.0558187881220651,-0.0111502341863606,-0.00090177398423084,0.0201179180409375,0.0465304148828538,0.0482597646857986,0.0290034726400314,0.021515110159736,0.0191431670269348,0.0156667380691925,0.0164914399047511,0.0105260987539317,-0.00132559820424849,-0.00176313364612714,-0.00571265740485884,-0.00362960258314134,0.000631854611865951,-0.00273158519033816,-0.00600503118457979,-0.000449213800796949,0.00850842532671377,0.0258780982586636,0.0194451401133942,0.0170646542285654,0.0287829834172702,0.0210936593219629,0.0378085336447568,0.0296852701898223,0.028138325025066,0.0207268618884061,0.0172117443211791,0.0147814763385353,0.0200493229992509,0.0252270721532096,0.0225659447537163,0.0240811281819016,0.0230184505733147,0.0220861077661268,0.0212742494296972,0.0182117740163633,0.0202333410786696,0.0159210526842328,0.0221680484948379,0.0190086010746216,0.0128520308199964,0.00171234480583323,0.00612501666963125,0.0103356094065034,0.00190852560637585,-0.00991111046122337,-0.0138569511828992,-0.0109036187690951,-0.0355865010579207,-0.0396158936916168,-0.0292789793757078,-0.0512571211598434,-0.0753347832228742,-0.0513683159312356,-0.0409362535644436,-0.0747603564809917,-0.0619242418767216,-0.0766059734008298,-0.0345385963886732,0.021176268777436,0.0759812682187748,0.0887566837006476,0.0725045228757117,0.0461669122561164,0.0199206593977167,0.0307395111959034,0.0147103323457651,0.0344614022032533,0.0729045492272317,0.0607765809125063,0.0407079148525993,0.0707123663824652,0.108261220853714,0.0691941828033374,0.0598627134291252,0.104021110193348,0.101594731077435,0.149526740230581,0.234937761991699,0.306436462223501,0.328059655462844,0.298206279928704,0.267457875716325,0.197895770649547,0.146396425490211,0.080018128199561,0.0543194054440936,0.00157923114025881,-0.0294202204941639,-0.0456422341108939,-0.0603798166913966,-0.0415201425596142,-0.0409971165946361,-0.0124408747620152,0.0259235098287488,0.0724334379568922,0.116051952038361,0.191216798667319,0.22927263019669,0.262091670404294,0.371803337277727,0.319283119461632,0.333176882954335,0.489461475921599,0.681865891461476,1,0.740049780019517,0.510872210321918,0.364929557513753,0.24733482858425,0.127987828169377,0.109721688249997,0.0842488717331038,0.0553922376837065,0.00566331833186927,-0.0243416651689051,-0.0186840967935978,0.00821818772769675,0.0671064158735857,0.107002438475818,0.146439363735743,0.270297627853808,0.379949553702977,0.508924546418163,0.656089403506006,0.534469861634061,0.368414944701791
"199",0.0288580414625846,0.098133704199726,0.154348418831504,0.158238376701258,0.16752137281773,0.107789658259216,0.111250581851117,0.0695733467956992,0.022005066618504,-0.00973777044898647,-0.0460888399512368,-0.074955203931441,-0.111318790242138,-0.119811446807017,-0.189556548102101,-0.17018182451942,-0.187766018142692,-0.210451517761913,-0.195114282674307,-0.185179332384258,-0.160306843040567,-0.109915343919033,-0.0555118601829416,0.0602344187762097,0.113854690573895,0.094965755000032,0.0384759053347549,0.0687915919556356,0.0331069044874386,-0.00585144020510549,0.000287950712729989,-0.0352909183121973,-0.066889737386344,-0.0589195563404353,-0.0457377183577509,-0.0379620493974338,-0.0342265359852195,-0.0460794759144265,-0.0354325959582827,-0.0485918102239324,-0.0395869024094784,-0.0205983276415662,-0.00341958375483136,0.0456026469608936,0.0481459339968197,0.0221618039512819,0.0466440475258014,0.0783385147531146,0.0625223648988063,0.048191294068466,0.0534950863924932,0.062057563925252,0.0518411835167395,0.0321396144963338,0.000693531182319649,-0.0310231490637508,-0.110267655437966,-0.131681810692579,-0.159456276919902,-0.188548566084002,-0.20716211149471,-0.243376029622124,-0.250738251545389,-0.230253622432863,-0.249945415003069,-0.277476783020013,-0.250600552414606,-0.205815139808116,-0.227325168148218,-0.240073162094686,-0.180590090340275,-0.14942463906737,-0.182591835517676,-0.161259631388909,-0.180463178141819,-0.135697676110289,-0.138867466003735,-0.137274189722547,-0.0562238998349126,-0.0429387288762128,-0.074268487999339,-0.0737872160188198,-0.143319389151014,-0.138855113446618,-0.13942633007595,-0.0723307856726882,-0.0455771438635873,-0.0267747841320934,-0.0519139392913042,0.00173068676025161,0.0186119190783299,0.0441749858348594,0.0686162038511582,0.0688329349122649,0.0456688465993562,0.0377431468595766,0.0350432860074854,0.026065857236392,0.0264255487863926,0.0238009545897684,0.00841522054683376,0.00444092609137264,0.00260415395265484,0.00279010549209911,0.00894789988928707,0.00400662774433962,0.00260071697635541,0.0118623880412683,0.0232515741391016,0.0383152330335077,0.030069293522239,0.0298366982072907,0.0451969211882532,0.043818777818204,0.0598997378264353,0.0549074886942475,0.0523680238231674,0.0455714380911797,0.0414761948773512,0.0401031825243664,0.0418262531595356,0.0460398258794373,0.0459673799308778,0.0459547452960274,0.0421438815536596,0.0417037734479155,0.0391204335835417,0.0320218341076514,0.0355428721074289,0.0307588005654012,0.0429252187985498,0.0440693591217325,0.041220188913104,0.0282904132252115,0.0311937225445119,0.0306561855358242,0.0193724372171426,0.00921651061622322,0.0108982060680351,0.0116522836743812,-0.0142912620319175,-0.0164123419548796,-0.00666613867468568,-0.0298034121712557,-0.0555142854040921,-0.0351493968887816,-0.0274456850450448,-0.0645248635166738,-0.0443788243043164,-0.0610262068074282,-0.0160941849367958,0.045358682074214,0.0957515935284587,0.103027743743533,0.0853010492381433,0.0526850888663952,0.0211156853113512,0.0189806183871356,0.00635583915790652,0.0350822423828314,0.0686531139778693,0.0470925690694442,0.0312802585611265,0.0653443146199094,0.093740294011195,0.0518833448120395,0.0488162372464251,0.0918518364091267,0.103069611597036,0.154051747327901,0.241924729326176,0.308451637226848,0.288141200682183,0.291627203027289,0.240734045152156,0.181760031543238,0.14100684809515,0.0736835307773372,0.0485667811098735,-0.00708990027377307,-0.0492185293806675,-0.0638285370828243,-0.0815697588588019,-0.0659681127625393,-0.0655465859614557,-0.0408079068541259,-0.00707939178876718,0.0470589526915347,0.0777771556222791,0.142144367960096,0.181901078170889,0.173514348310655,0.269533096978701,0.214266707184663,0.228938117723401,0.353735010847567,0.489073448832716,0.740049780019517,1,0.634087732167809,0.405412675693117,0.268120175426259,0.137338988348536,0.120078126139406,0.0951868027295687,0.067437256165284,0.0138003214920099,-0.0210578779102707,-0.0157401717189415,0.0103412060923822,0.0729229093903041,0.111187314880222,0.151420925269016,0.253121078248517,0.345284881543706,0.501168735423374,0.528815216681844,0.512760683462051,0.337461823690733
"200",0.018117612182311,0.0780681299681699,0.127029448787854,0.143073399555302,0.173344270238016,0.115982863229181,0.134800568235074,0.0865609394023911,0.0453011603149199,0.00771645181831089,-0.0329534028794917,-0.0619478082232655,-0.0988736865955248,-0.104412552028976,-0.177845511193972,-0.15539460745841,-0.179870988781756,-0.201632688902468,-0.194394985947476,-0.182962042298707,-0.153349489102632,-0.103653324613712,-0.0554453825235109,0.0491397470244705,0.098763508918129,0.0768122289861705,0.0351013023893001,0.0755459549870052,0.0364878383886001,0.00755887008663175,0.0125428697849744,-0.0230826676429098,-0.0536850890991676,-0.0494342726636407,-0.0376259885110229,-0.0248395178303474,-0.0197896115365055,-0.0284508231937726,-0.0174273343936863,-0.0327997556995007,-0.0263333145577615,-0.00559160284990688,0.0138905586946494,0.0653422888704319,0.0622142952388184,0.031521685734883,0.0589007148791718,0.0884107904793802,0.0658352706556666,0.0487743440683827,0.0538400738705642,0.0589348844494832,0.0455684930507286,0.0227125368813422,-0.00636376207214622,-0.0397040205246211,-0.113071345241361,-0.135163899631922,-0.158498274158394,-0.180552330437322,-0.198204855323931,-0.228155687044432,-0.229179240177291,-0.20689407993743,-0.224503192733553,-0.244137780245338,-0.215085746832881,-0.171980808288617,-0.189652675311926,-0.198022892369921,-0.142390206750415,-0.113186735597882,-0.143044401376696,-0.129104131384621,-0.152231375249584,-0.116806811152676,-0.124321996904114,-0.129269040526591,-0.0508290806280599,-0.0437089810860318,-0.0782788217177514,-0.0809937936189883,-0.145756511756407,-0.133801298344376,-0.132850440365014,-0.0751051736253314,-0.0561512698237156,-0.0399586047504307,-0.0635079262980819,-0.0125930361379332,0.00584217821805018,0.0343893016798926,0.0596208014408321,0.0622842934554878,0.0425580960995286,0.0335576449312845,0.0291064266566287,0.0220637343095448,0.0214976430166022,0.0168330387005177,0.00262092723975051,0.000729030759802605,-0.00130071932503104,-0.00427748954846218,-0.000428314828720876,-0.00532843558015922,-0.00637618801949908,0.00242008476977918,0.0133557511706772,0.0268094198467081,0.0223067156806251,0.0208491551117515,0.0322309902285509,0.0323560052955298,0.0486635900679476,0.0482687065641726,0.0479196246349912,0.0454852811645224,0.0423453377202604,0.0449973964849379,0.0428829610805119,0.0435188581261774,0.0437322413278336,0.0412294786130033,0.0368679320118172,0.0354334098599679,0.0313439188302059,0.0237744323777563,0.0253442232917553,0.0211248610289678,0.0350387134151874,0.0391182915672426,0.0389314695322928,0.030122236358721,0.0329370545873782,0.0345123028336181,0.0236523732722039,0.0143346254335685,0.0155077396107736,0.0151120607803454,-0.00769851736133053,-0.00902100637083389,-0.00186054613032134,-0.023040650244966,-0.0439665020368116,-0.0278351075827529,-0.0249910530736697,-0.0613203395154557,-0.0460826532294081,-0.0656618874716801,-0.0209471819399614,0.037302208801673,0.0839204914643566,0.095112062346213,0.0865807966598831,0.0503483288912586,0.0187843694678569,0.0110712610343182,-0.00468887757615761,0.0227440067638974,0.0543569128115652,0.0299017808849502,0.0120291929878631,0.0402843935412257,0.0653502048336173,0.027074787145351,0.0212105185234015,0.0570550534494301,0.0691804366949966,0.114211071181667,0.186224382576151,0.243925801529958,0.254941986366167,0.311663376447523,0.262873664987032,0.211657932587192,0.166565324086829,0.102010021656147,0.0718158636595463,0.0150065350735523,-0.0248245351648814,-0.0437448983569106,-0.0645263962303527,-0.0536002145067842,-0.0598788084711668,-0.0389182607371385,-0.00797095431221129,0.0409307936186086,0.0474385653364685,0.0909875411042176,0.131107411506526,0.115721931154855,0.189180347283203,0.148716149239603,0.156626202111851,0.241807415278434,0.333705784558107,0.510872210321918,0.634087732167809,1,0.650565453195654,0.38135148710748,0.162599775656474,0.149420796296044,0.119144963883627,0.098749458758557,0.0394110904505743,-0.000378842378656314,0.00952462967550417,0.0379904626841723,0.104984355503626,0.138411408506038,0.169241039351842,0.307078900365202,0.423180205839288,0.528868498335661,0.41689815525153,0.379719425404404,0.237681114967419
"201",-0.00163601739139845,0.0431266248666325,0.0818436075273913,0.100902828004768,0.146137956842626,0.106498450587489,0.160541471041225,0.112103352164552,0.0835467775999319,0.0426072563359225,-0.00508518670281603,-0.0385338977908607,-0.0880599509153627,-0.09962104323644,-0.178557912456418,-0.155479242939742,-0.184899067164618,-0.204536178744183,-0.199292978729092,-0.183389383879908,-0.14817932599179,-0.0954362371308476,-0.0420601527987088,0.0577545340848584,0.102794949069217,0.0804135892275125,0.0550528832613821,0.100700911154148,0.056175988819512,0.035427237059282,0.0307894028368469,-0.00994131793417685,-0.0404051929133065,-0.0427396943907163,-0.0347470817964007,-0.0177855362038323,-0.00777886889738094,-0.0113615243662169,0.00106414247596558,-0.0240903424368217,-0.0110127816893313,0.0162303091482618,0.0377309299422623,0.0913333284318475,0.0807669612461508,0.0420939572101303,0.0708513618429112,0.0968727485578506,0.0628626400355725,0.0408645932537869,0.0453602146361871,0.045366705246506,0.0256673294463913,0.00026840146965311,-0.0229183452605881,-0.0574835622518131,-0.121117091642156,-0.139345890241247,-0.157795518152241,-0.17642251732333,-0.191260386547171,-0.210141486454803,-0.21031542800635,-0.190238710746708,-0.19899004968724,-0.209697321339834,-0.186152587589857,-0.145560283451348,-0.151683218549385,-0.158380144277147,-0.111704508669682,-0.0806799561908848,-0.103271359615033,-0.091654644471636,-0.115073270491336,-0.0868790197488937,-0.0928348761306546,-0.0975494421688365,-0.025138523254919,-0.0220054903339447,-0.0583155227762756,-0.0659717694858636,-0.125882068595398,-0.10814522716855,-0.115887678127476,-0.0702655387183729,-0.0576641331059557,-0.0490286005164287,-0.0787714673269007,-0.0381756693300964,-0.0241187394069805,0.00185662937384563,0.0254770953582197,0.0291137272647765,0.0204171297837943,0.0149801333180109,0.0086873049509119,0.00551731868817206,0.0042337628989532,-0.0033029745934076,-0.0138236925960592,-0.0118716275029889,-0.0138029483986605,-0.0161987550324646,-0.0158560005950423,-0.0195082493143846,-0.0227435430498343,-0.018376468365673,-0.0083042049380124,0.00614907207428275,0.00668426427162738,0.000446315227428966,0.00440432204771768,0.000409661494809015,0.0163676600612498,0.0171773977641414,0.0216591332172688,0.0257326728085845,0.027524714912593,0.0347129983918455,0.0319819389732,0.029943735139106,0.0287584457724144,0.0244749007475455,0.0221219458493084,0.0202446468894448,0.0153115204061363,0.0095837153512397,0.00762354858248953,0.00151866788752179,0.0118217991788786,0.0152188283788909,0.0180333731029406,0.016469083599563,0.0216695459812392,0.0279028480859836,0.0194461550515012,0.0121978198290924,0.0113530600325914,0.00802759824682318,-0.0101506881247162,-0.00911449331998176,-0.00497095479259395,-0.0256863259919858,-0.0391965469877658,-0.0244738777769118,-0.0265072038565186,-0.0613764528160748,-0.0596699195303271,-0.0821237464646416,-0.0405616105341111,0.00760141652777539,0.0465868735820253,0.0582464629202145,0.0583374797260792,0.0327486694525711,0.00897211391075958,0.00394415686661389,-0.0133016527939936,0.00425509667666781,0.0311562150193518,0.0118044044337522,-0.00619246830159795,0.0144880362065194,0.0359615072595274,0.0078003302837461,0.00177058858369277,0.0293050455289213,0.037861870291679,0.0691348165766975,0.121623441484058,0.165940658846267,0.191900047786579,0.262802473058709,0.264095766871342,0.241599596527351,0.206441500624543,0.149476101903798,0.118142303748051,0.0471888941266953,0.013561635738786,-0.0162970438711145,-0.042034941722094,-0.0346736223077079,-0.0502931367904454,-0.0299149262020024,0.00318784041518766,0.0428850756619801,0.031219607912592,0.0530844789939575,0.0808401114972657,0.0632260298981448,0.113927310661987,0.0917537373186897,0.0982917931462378,0.161662262003097,0.224602309881897,0.364929557513753,0.405412675693117,0.650565453195654,1,0.700405977780542,0.305325294048549,0.253221350637193,0.177598289399055,0.147695645883304,0.074364003791301,0.0195697220493805,0.0358968157623729,0.0751313950436534,0.16242811990409,0.193810291902155,0.25133255491154,0.386520267638665,0.515717161419069,0.397138929295343,0.30013953421969,0.247763704988241,0.146229637816169
"202",0.0003218648643642,0.0417807843190659,0.0755620347932874,0.0966731674172458,0.14760086588645,0.116979924036947,0.193430162400513,0.125793388574886,0.0989817004355179,0.0488815795071614,-0.00915063221882933,-0.0440278351355977,-0.0871741816189248,-0.0926768611585255,-0.174391903485064,-0.147139901740427,-0.181089421834473,-0.200196391568699,-0.200842461453516,-0.183735296711048,-0.146439155837124,-0.0952862957666379,-0.0482762455963889,0.0413571015249308,0.0870638417704774,0.0557449997598056,0.0466373945851191,0.105595323083514,0.0515628440300582,0.0338436032704598,0.0312946115877719,-0.0113300218357811,-0.0445206139322097,-0.0428638502474921,-0.0349309954642777,-0.0144472334824693,-0.00333301649567615,-0.00556928088203105,0.0121312456333335,-0.0144369759749071,-0.00139556700753755,0.0332190084844344,0.0663678181815204,0.128454256111807,0.109738705243125,0.0695168829185547,0.103901650971844,0.122336765265778,0.0835260707921915,0.0621059679714202,0.0601016038524005,0.0509795245996237,0.033300994139432,0.00477017454711439,-0.0230316778151232,-0.0600084571535365,-0.123315248194109,-0.146250362342939,-0.161503823850843,-0.172476522634359,-0.188729793084721,-0.206824053532951,-0.197536660906341,-0.173223606448387,-0.186441774130264,-0.191800899994298,-0.160008975412095,-0.119868753634089,-0.129550946582271,-0.130488650502418,-0.0817956414004941,-0.055004029564676,-0.0784200442874888,-0.0760410957536171,-0.105142851360679,-0.084753067119032,-0.0976005698969617,-0.112176961749047,-0.0388923048888833,-0.0417865596454628,-0.0811478068547593,-0.0899624218800351,-0.147032427758938,-0.123849162841372,-0.123297469689392,-0.082048065521613,-0.0752059580571306,-0.0647196432825282,-0.088858452405136,-0.0434753259203434,-0.0236063502225116,0.00341785091875564,0.0259447479695143,0.0292381992826651,0.0206618590846529,0.0139100335542324,0.00472783030997673,0.00166436823196398,-0.000177335139728489,-0.00829959442680101,-0.0185908386505192,-0.0162980236853168,-0.0173034259024723,-0.0217938576643418,-0.0222703725601857,-0.0259778624540464,-0.0287567830848265,-0.0236808374909961,-0.01194630458317,0.001329386469573,0.00667633287085203,-0.000138278232408954,0.00152334124893344,-0.000937578167749919,0.0113022570392958,0.0165757055898265,0.0209230097986349,0.0287870180985143,0.0305987697685957,0.0406573211783487,0.0340241990186789,0.0287149599337726,0.0283085112995538,0.0220686796597496,0.0188437815119493,0.0160032857609483,0.0098592154469256,0.00419692850270046,0.00160945266963726,-0.00343253643760132,0.00776426850069029,0.0138831575293965,0.018666215549361,0.0213935670650323,0.0272769318527944,0.0366575705589366,0.0290529548590751,0.0234260801755359,0.0217368460079743,0.017043689279894,0.00150942566132069,0.00225593205055026,0.0025368103298617,-0.0163612738646007,-0.0277403745918071,-0.0186641002354934,-0.0251470741844786,-0.0608281505454927,-0.0567825010356245,-0.0797842958223147,-0.0358764504457333,0.0114746620182305,0.0472782002240857,0.0587336996902174,0.0618557954113548,0.0327388846968374,0.0064120488321289,-0.00288807111453294,-0.0197036189011697,-0.00264684353310139,0.0225908169262443,0.00538961468612467,-0.0125580338317964,0.00481836442095931,0.0259383269817007,0.00127214172466798,-0.00609456539553749,0.018031890035488,0.0248414333012543,0.0549940741966277,0.101329794062626,0.142086548838172,0.168988045058947,0.251035878754008,0.249008921932421,0.290364588161066,0.238255307238414,0.18158075538359,0.148560937809988,0.0660302907184942,0.0273699935344051,-0.0108084795664334,-0.042873132446718,-0.0408533411191703,-0.0623100367390397,-0.0413481124113173,-0.00776446788966564,0.0321898750811828,0.0104371449811411,0.0231931811818669,0.0535921940658523,0.0360337200791794,0.0827243883056163,0.063206062191714,0.0666602672715888,0.114643016292013,0.174838192566586,0.24733482858425,0.268120175426259,0.38135148710748,0.700405977780542,1,0.502448802788925,0.418734671152456,0.259762545395904,0.213272465344825,0.115789141286267,0.0427777360365982,0.0642221563004097,0.105575738226937,0.21604880087237,0.247408213984112,0.336812039272578,0.502432709774722,0.399584404650011,0.331489187594476,0.23549387526297,0.193675021176406,0.113213760416021
"203",-0.0125737029420845,0.01234245759607,0.0298141789218663,0.0439397174741326,0.0805304642093543,0.0727520625788197,0.137629299750658,0.0964964189853227,0.0859703314506012,0.0465332774090775,-0.00600403866397469,-0.0333737237257655,-0.0672063632798593,-0.0696039250958838,-0.135910430518726,-0.112489558925627,-0.141900037004635,-0.156020725579474,-0.159281921117074,-0.14417434173167,-0.112734687793958,-0.0735003013755321,-0.0377405958502027,0.0244420969638772,0.0561592532086511,0.0336576162588272,0.0359864326582354,0.0819300644582943,0.0366716833717492,0.0222448031548498,0.0150803090393266,-0.0197831223364475,-0.0470696769438069,-0.044210371886649,-0.038255160157358,-0.0177147513684331,-0.00574045798322861,-0.00602337057136201,0.0187377473803996,-0.00598411373050167,0.0208600157275748,0.0563470229628761,0.0915534832483385,0.138909846058817,0.104117926974377,0.0693576879493197,0.0974895683366869,0.0988877183301139,0.0575128267319996,0.0400488482145407,0.033817957431523,0.0197582322425269,0.00384577944418397,-0.0200208497640988,-0.0396598548035524,-0.0674553273139249,-0.112679972495338,-0.12964621194869,-0.137883508167727,-0.142980514455556,-0.154413195015957,-0.161397990705095,-0.150700485958568,-0.130380090029399,-0.135761172082171,-0.133036471550741,-0.107958659212817,-0.0753883304506401,-0.076335607337466,-0.0751965006156761,-0.0397424243060811,-0.0167040256786652,-0.0319743965108582,-0.0336394449919984,-0.0600182825442901,-0.0501356092193656,-0.0618322035927486,-0.0759370840701347,-0.0182502488753663,-0.024480823241803,-0.059269642959381,-0.0699078123380309,-0.113848993078015,-0.0893468610904146,-0.0925928978611784,-0.0668691440216088,-0.0670760732148964,-0.0639726640771523,-0.0884531303933697,-0.0569714891559318,-0.0430177360431031,-0.0200603120743896,-0.00474664369729977,-0.000682298251672399,-0.00290726054691492,-0.00591143647923815,-0.0125193837618321,-0.014528830553663,-0.0170219367181238,-0.0231482552653386,-0.029229082905945,-0.0261077383954426,-0.0247650250925969,-0.026122898816174,-0.0274600128012146,-0.0308128693830478,-0.036452382566246,-0.0346041616773148,-0.0240519853585362,-0.0157269858706574,-0.00796611976346486,-0.0190595324696333,-0.0216182717191745,-0.0223521492162966,-0.0129079502231711,-0.00674010194206778,-0.00052325858942703,0.0126019974120134,0.0187495219034377,0.0319950056421864,0.0252789779358737,0.0188451355138519,0.0188240463248682,0.0120725591379376,0.010489988110366,0.00760091522373441,0.00110308171048015,-0.00323143147845715,-0.00844301250561776,-0.0144147882406634,-0.00748432535447599,-0.00187702856492841,0.00556802306012004,0.0137730073980982,0.0216064048245061,0.0324982611763233,0.0272708977895266,0.0255626023273472,0.0229744200462573,0.0155937020546964,0.00686329788252165,0.00969026031980348,0.00582351059787742,-0.0100633279688344,-0.0137052295080736,-0.0086029526479681,-0.0193922666542723,-0.0498450106991401,-0.0562752930780619,-0.0795402601434254,-0.0446177578615016,-0.0115244372206309,0.00883648730271119,0.0179645628528459,0.0218538424935631,0.00580113636554951,-0.011889106556029,-0.0180996167787098,-0.029558704764174,-0.0202604375187265,-0.00147751909753798,-0.00961161648941053,-0.0217092583256489,-0.010251761355147,0.00662520608703212,-0.00578277168804198,-0.010928140907984,0.00498310115610804,0.00605242888103904,0.021988405942371,0.0496427672305155,0.071404790065192,0.0887378822904571,0.140776256485035,0.15396349960982,0.210625052773335,0.196170029685052,0.169978227663351,0.148504676091692,0.0633040136427248,0.0375831021376164,-0.00302334603198069,-0.035134547614915,-0.0413222848221732,-0.0669192363402646,-0.0496906495265364,-0.0214338097864726,0.0121338823295567,-0.00383382141138192,-0.00086622793278391,0.0186506216795924,0.0128344985623671,0.0403689738825935,0.0332576635747601,0.0357097766454641,0.0623737102230663,0.0957341265399499,0.127987828169377,0.137338988348536,0.162599775656474,0.305325294048549,0.502448802788925,1,0.630372659964232,0.350297820440808,0.256362611096979,0.15372198650796,0.0633949045533293,0.0888519321909759,0.125205475146252,0.247781943813412,0.241909670619228,0.312694190465739,0.329758958167053,0.214027487928727,0.174003780635713,0.125386885534925,0.102021540367649,0.0576186314243947
"204",-0.0313593871958231,-0.00863343414264588,0.0107298249171243,0.0331871452275855,0.0854407039335427,0.0957354718789868,0.200615741631265,0.174941160390866,0.185040109951776,0.12592453578691,0.0448983037833454,0.000542090558974155,-0.0743945834046411,-0.092754122797297,-0.188050514574948,-0.160000936282397,-0.201952700278229,-0.219947417418068,-0.221051692356139,-0.197135065012079,-0.150230367326235,-0.0950340723294171,-0.0388008620637001,0.0426202079541198,0.0835816349920841,0.0632731170160436,0.0829868417234063,0.154970842746389,0.0872000190728851,0.0802219217249122,0.0533700633721362,-0.00185493914605475,-0.038797553524345,-0.0507440913410466,-0.0462136926379447,-0.011256430129057,0.0183439183804734,0.028980302370041,0.0677698412244123,0.0264409994517475,0.0632620461349421,0.127275408960562,0.171392786521709,0.23277211452648,0.1639663675207,0.102997727183311,0.13159992669465,0.121794859798145,0.0523216839872933,0.0249982060599911,0.0170064299784292,-0.00179861571139433,-0.0290252130838681,-0.0585887563120159,-0.0725721689259812,-0.105033181108096,-0.152507535808197,-0.168243580377558,-0.174802177728351,-0.180013653099283,-0.190938116808751,-0.187407343475106,-0.175958164417676,-0.15364342982497,-0.148763104723705,-0.136518655882126,-0.113636819882507,-0.0748225259883195,-0.0613188634866878,-0.0596599251926217,-0.0253611514215287,0.00770316503984004,-0.00301197826453654,-0.00489488468313874,-0.0372123323624786,-0.0306241024430222,-0.0416863684783044,-0.0563592702758813,0.0106041693385274,-2.786491620877e-05,-0.045835104395235,-0.0648625847753096,-0.1167545838964,-0.0801532729875347,-0.0969100663088497,-0.075423721314872,-0.0818086353015446,-0.0865936304544977,-0.125843103712003,-0.0969362315063766,-0.0838999745447101,-0.0539124351034925,-0.0343359546484501,-0.0279605235407596,-0.0251398788803011,-0.0297095657440863,-0.0401565196594926,-0.0364816293324612,-0.0378161419594829,-0.0506900810382438,-0.0544032138780796,-0.0440896147662027,-0.0437890395450879,-0.0460560267081667,-0.0517954590963184,-0.0565021288590783,-0.0669226624586631,-0.0688209155620062,-0.0544725500876266,-0.045673999549767,-0.0329886476281529,-0.0517635708972699,-0.0586943773324093,-0.0574951147508708,-0.0461142265096666,-0.0380186910038388,-0.0289520349803644,-0.00684658298664299,0.00395460653129475,0.0249529924833821,0.0161326830103821,0.0053356706392834,0.00365163594028546,-0.00636895250437855,-0.00649566977900418,-0.0113214525328717,-0.0196361084981673,-0.0227881330841643,-0.0330676852464584,-0.0402862265339595,-0.0342279479803354,-0.0283563092446953,-0.017665475779949,-0.000609671606201192,0.0110245155170687,0.0290186384364985,0.0259990628710822,0.0247004545208441,0.0176853339545445,0.00856457706051013,0.0034949243907275,0.00821038022072629,0.000880939666787271,-0.016689665017715,-0.01350649433933,-0.00780683625470886,-0.025406264088417,-0.061349862568438,-0.0833519449663652,-0.117592606981769,-0.0751846482906446,-0.0382012314292468,-0.0154517436065971,-0.00206779026551034,0.00910344609021415,-0.00500020511138629,-0.0210624530196195,-0.0231009905958659,-0.0428002916551391,-0.0414030865283844,-0.0161055716011663,-0.0237140352749357,-0.0440120608362663,-0.0343457403640773,-0.0122230224374989,-0.0241347964199346,-0.0330734536402804,-0.0154085900242379,-0.0162186304967177,0.00180072818662229,0.0305705913578285,0.0555309768830647,0.0843142576900911,0.151667047823874,0.195828550237044,0.291779756289873,0.322307435174989,0.319919411497849,0.304376095163246,0.163768863829274,0.121018132766871,0.0502112958124502,-0.00334758874907465,-0.0200470657982946,-0.0690536904200036,-0.0492878382108971,-0.00265405907369582,0.0316840324005309,-0.00137134368213136,-0.00374346342740759,0.00647159537262016,-0.00572133285357027,0.0185430216629613,0.0110710085122584,0.0124375716843947,0.0390583077590952,0.0743318072546579,0.109721688249997,0.120078126139406,0.149420796296044,0.253221350637193,0.418734671152456,0.630372659964232,1,0.659601085391422,0.47399054477097,0.309128128120095,0.158408821985966,0.206900921705019,0.27850386411843,0.484167741677076,0.456170809893756,0.472802622578925,0.372247533699613,0.228261100903269,0.165204908178196,0.107112707058737,0.0795757552248999,0.0315437736820849
"205",-0.0280302815537718,-0.0141801306957221,0.00185363829413033,0.0204599498776293,0.0686936210394601,0.0812186098354507,0.181415370571948,0.160686610880064,0.177039234038234,0.112825377657576,0.0370535237313767,-0.00189006525371509,-0.0754101336603672,-0.0894457630245285,-0.186406240211868,-0.155405239984962,-0.200703627201415,-0.218918512449268,-0.223870394462906,-0.199271165196991,-0.151142703158101,-0.097940223260571,-0.0482366661868531,0.0259398768489953,0.0629883402437963,0.0402477942052341,0.0609387401163417,0.127703833566127,0.0634804478275862,0.0678163874934623,0.0465948297354579,0.00934775222253364,-0.0208750107129632,-0.0346391970440685,-0.0305159093867841,0.00689255008216403,0.0400758125546315,0.049827886030924,0.0931342306596982,0.0705265635772021,0.110303756072814,0.196826209481718,0.261228794084343,0.305870481092461,0.212851000261666,0.168452815538569,0.189188480165908,0.145818402457878,0.0786834629237441,0.0542778809321258,0.031459781838799,0.00450134136153099,-0.0204789506278785,-0.0535888117038237,-0.0673082022463711,-0.0976456399502382,-0.136833442756375,-0.155242485726973,-0.155993845541569,-0.152323603362615,-0.164535216679272,-0.157526311100736,-0.137316879378823,-0.115129059969653,-0.114251297881954,-0.0946249298320353,-0.0676109363512637,-0.0360164560939124,-0.0248949707731941,-0.0158470594015477,0.0137575877398534,0.0383546412028861,0.030774405012773,0.018802621876442,-0.0147463290433931,-0.0183635505018735,-0.0332828652832961,-0.0555837687305681,0.00289859589381098,-0.0135529590279181,-0.0573865519507922,-0.0773828934424182,-0.119800476449915,-0.0814020997466302,-0.0919663702852034,-0.081277204494155,-0.0934330274441892,-0.0974680878245481,-0.128302510150093,-0.100207862957883,-0.0816903302041951,-0.0578336726307264,-0.0421913137153925,-0.0381011720539548,-0.0353950360397582,-0.0401220284376782,-0.0497431084852834,-0.0429188408290161,-0.0446439945002497,-0.0572390442124704,-0.0562836583952882,-0.0454185160214658,-0.0449069372920115,-0.0496591863539739,-0.0573424582867157,-0.062909085054217,-0.0733628998861342,-0.0756382316946639,-0.0617736456297785,-0.0569540742535427,-0.0394700111791899,-0.0599543332954392,-0.0686428522827636,-0.0668565371813584,-0.0603580694296652,-0.0495998478126778,-0.0421518680343282,-0.0168321204288158,-0.00628686293836989,0.0163908794677874,0.00462210167487185,-0.00948936048069416,-0.0111591079769361,-0.022342662959054,-0.0223826903841217,-0.0286901441408795,-0.0367791045687934,-0.0375839931909901,-0.0493282358689393,-0.0535820349375216,-0.0488172032060165,-0.0424209927014565,-0.0315327514715971,-0.00893007047747016,0.00374665112706946,0.0246445444193708,0.0255004450769602,0.0259944933725543,0.0150682502447107,0.00775975676151737,0.00992590665157304,0.0114540915472581,-0.00126509218602658,-0.0111509082663641,-0.0037860559193851,-0.00707954630489573,-0.0278325131740776,-0.0580571295510092,-0.0770833103984142,-0.105689935310673,-0.0647651780102492,-0.0378813396483807,-0.0203426926478656,-0.0128303955702908,-0.00117840574089069,-0.014503984510965,-0.027724789938301,-0.0307574284786601,-0.0476356981156259,-0.0493359713547866,-0.027133389268175,-0.0316685033049802,-0.0516415875336949,-0.0447573194793553,-0.0220974412812196,-0.0314023783054565,-0.0423809316821385,-0.0261493103819527,-0.0297692526875788,-0.0120379969839441,0.0139353986995139,0.0381052268244843,0.0615593939722018,0.121601171600415,0.159034824736938,0.254034668709587,0.290413855160988,0.316853928579849,0.297940096214387,0.179531950321613,0.127310170517974,0.0600728119821715,0.00724230331597236,-0.012976974159254,-0.0615493636233575,-0.0485773853066531,-0.01280194794206,0.0118333480067708,-0.0145067639776506,-0.0173284521395023,-0.00934625871072001,-0.0216482361849008,0.000205472663878429,-0.00831853338435477,-0.0092170565155555,0.0143388248938823,0.0520278555162793,0.0842488717331038,0.0951868027295687,0.119144963883627,0.177598289399055,0.259762545395904,0.350297820440808,0.659601085391422,1,0.654672591926614,0.423422074560568,0.265182584762339,0.300782806960488,0.343899867268555,0.530149685579372,0.477745996040451,0.357496554947968,0.296698210333937,0.185593845809282,0.131593766178847,0.0781778776136409,0.0523434883975308,0.00622125087518185
"206",-0.0441210160086765,-0.0440006712358393,-0.0284813118002367,-0.00661737807051919,0.0476333372688014,0.0750088936886043,0.195955973337344,0.188692247371017,0.230798004647912,0.170274051123368,0.0847984034659434,0.0422393838446482,-0.0670052390708955,-0.0939724921566238,-0.210460743735344,-0.177103113292495,-0.233112029746347,-0.253560164302725,-0.259943478736836,-0.229540525255079,-0.17026867707484,-0.109621414902538,-0.0523823510045879,0.0264956024559303,0.0646820122087367,0.0416134337668188,0.0732564159353874,0.149434729893229,0.077419410511693,0.0999818796734578,0.0696934859994549,0.0470049676954516,0.0226243475056032,-0.00678893835653841,-0.00533094556587294,0.0420141540371282,0.0898080126131949,0.109686212980373,0.16111752258589,0.147687516090496,0.198403479339701,0.32050154447855,0.357604459526555,0.369171887794562,0.249119190017902,0.204074156220361,0.20746619267186,0.139294151732222,0.0642325600374417,0.0359391464471707,0.00886740866986698,-0.0176964989137588,-0.0486729129293444,-0.085147697159156,-0.0859516190839586,-0.113636803829852,-0.141489267433721,-0.156378421387857,-0.150554507559293,-0.141180110298913,-0.151669278344193,-0.130481187278776,-0.106870263425986,-0.0873581495105725,-0.0774990068483105,-0.0442858388501865,-0.0225314263203427,0.0038176147223945,0.0283757748467701,0.042423536842117,0.0604160682145704,0.0850678778421772,0.0873956232095033,0.0693540952509386,0.0347379746533173,0.0196622040000151,0.00538105826733335,-0.0192192987995288,0.031976379019714,0.00876697768582146,-0.0382402538439846,-0.0652641522153161,-0.101165732449577,-0.053978142701401,-0.0739713150569027,-0.0796857125734933,-0.101512116417754,-0.113089292765615,-0.148165983268905,-0.130502306499421,-0.112955836258959,-0.0916304149704129,-0.0761766520122687,-0.0715645262134008,-0.0626591906443228,-0.0672706395395214,-0.07613147047252,-0.0594142460506035,-0.0624609256673639,-0.0809578157052488,-0.0707084610516455,-0.0535983230767963,-0.0573975217776473,-0.0659749090732513,-0.0789536773542999,-0.0881218129424311,-0.102751948898153,-0.107294289628018,-0.0940841168733692,-0.0946621714426776,-0.0711837673658177,-0.095512179544478,-0.109160782236274,-0.105297145717136,-0.100404819821366,-0.0867097813013198,-0.0775583099638609,-0.0434619158461842,-0.0290786742643999,-7.60444498208508e-05,-0.0147929059639926,-0.0345085314003538,-0.0380145796373056,-0.0525480285591745,-0.050824604041922,-0.0596031826207392,-0.0687128038748408,-0.0666763001926676,-0.0843371320909705,-0.0866486528641091,-0.0837343632805443,-0.0771547320953022,-0.0644529820664123,-0.03135408792283,-0.0155022272977637,0.0111605817704295,0.0167294547890921,0.0178725723644332,0.000200668318619555,-0.00543673272337332,0.00643719603229577,0.00657898178754929,-0.0115015051178652,-0.0142726033068603,0.00318794846424631,-0.00602427503093874,-0.0325875884869766,-0.057971411157669,-0.0890996143044746,-0.119778863403804,-0.0797845391046774,-0.0639088092207088,-0.0500726468006543,-0.0428881920303036,-0.0228886522101054,-0.0319159331058751,-0.0399503325277856,-0.041414515214239,-0.0640555399360905,-0.0745437378698984,-0.0497172826882913,-0.0529552833010591,-0.0802551970431736,-0.0774423841574276,-0.0498730121051316,-0.057138012224981,-0.0745027841252582,-0.0584621781167371,-0.0669175036883752,-0.0475034056586739,-0.0254368910789369,0.00376493206899341,0.0301265212016236,0.0942952953437944,0.14133318973673,0.252721193168764,0.308286843580175,0.382201868226779,0.390607839662558,0.272375723809062,0.202778344646027,0.124815461569205,0.0596518158549418,0.0279844661036121,-0.035238424522736,-0.0345525841534111,-0.00592134421890747,0.00781766091825635,-0.0245469928386068,-0.030277897454436,-0.0290188430442152,-0.0465814756867254,-0.0267397368801276,-0.0395918134921224,-0.0462120896718234,-0.0245696350929145,0.0192180811861581,0.0553922376837065,0.067437256165284,0.098749458758557,0.147695645883304,0.213272465344825,0.256362611096979,0.47399054477097,0.654672591926614,1,0.670988504493396,0.471672848096712,0.499623446239577,0.539874125221828,0.697089193485678,0.513455237833019,0.361208114287958,0.271994570621348,0.162253792135233,0.0992402383752692,0.0400931991060675,0.00808359966283645,-0.0406500562237442
"207",-0.0336084624067431,-0.0439313515114084,-0.0353399328838318,-0.0179392936292591,0.0247064334726634,0.0537458443344962,0.156792809540929,0.142364680910229,0.179851020106,0.131991072541477,0.0697201036402929,0.038746897723119,-0.0606336064344416,-0.081606146210804,-0.186904990352692,-0.1545513926355,-0.207798603548451,-0.227022100051385,-0.236765644606339,-0.209261079096907,-0.155072809842313,-0.102827626521666,-0.0609784671592944,0.00161842987819925,0.0306851643097411,0.0145746641604919,0.0366924751388086,0.0981800469104697,0.0467137286995515,0.0807339392532683,0.0644184096090145,0.0680930638925176,0.0556436709973013,0.023278311811038,0.0240424141339565,0.0671964010057621,0.112903821295255,0.126760976400309,0.176103217277401,0.19500676883007,0.2430488894815,0.408477935136196,0.424221923054901,0.413921866815774,0.296296148140069,0.258793117163421,0.246106171069602,0.165426876616374,0.100980422108666,0.0700654653505949,0.0378823050983176,0.0108523029850354,-0.0189241774501332,-0.0554175089207589,-0.0556326733219708,-0.0766916656281239,-0.0941035682977166,-0.108442328147326,-0.0989103046801589,-0.0837664554092756,-0.0940904937867621,-0.0737632161668641,-0.0468991524863315,-0.0321237139559325,-0.0285274700404604,0.00574297484731315,0.0269069640840257,0.0401001616529836,0.0575025387597715,0.0768323389504249,0.0863319697307117,0.097460646475301,0.102933352889622,0.0782058298007815,0.0494616802826246,0.0274128014435756,0.0118634699585572,-0.0162227175020819,0.0165344049697572,-0.0083284252060648,-0.0443919988126947,-0.0672759566559631,-0.0866041936543542,-0.0463276995287117,-0.0557663054127732,-0.0706141221405891,-0.093970371580822,-0.101074255184511,-0.118737594709707,-0.104038716541081,-0.0841076902693347,-0.0762201021564012,-0.0675110292623334,-0.0664931160099915,-0.0586476911950541,-0.0646256052264523,-0.0721887725653532,-0.0535063563107361,-0.0554985937034736,-0.0720937101621515,-0.0589941846995661,-0.0427280408942297,-0.0464773979677027,-0.059551297947862,-0.0747210871858286,-0.0823806119873868,-0.0921381912281334,-0.0969962687554054,-0.0870051570861936,-0.0896292677192932,-0.0638371100876902,-0.0825763975467657,-0.0961226694628483,-0.093979732180205,-0.0970838744312143,-0.0823385197000644,-0.0775745208762235,-0.0481871443167027,-0.0383805835333396,-0.0138457744328909,-0.0294960309031357,-0.0497492157910958,-0.053284252492134,-0.0666133677451915,-0.0654465907742353,-0.0749681179245264,-0.081810750385864,-0.0771102412732548,-0.0928601076845794,-0.0894734090321302,-0.0869353381435709,-0.0804300424393861,-0.0699394094871543,-0.0376573931080524,-0.0245540351275463,-0.00099076391645185,0.00779756942788698,0.0108419145303085,-0.0076581349113083,-0.00989572553540086,0.0074182359774258,0.00483426923619528,-0.014958131399075,-0.00890859431678477,0.00986661536468496,-0.00592968243858572,-0.0305112143199473,-0.0432361412329863,-0.0634137019690781,-0.0807530684099213,-0.0515528466518549,-0.0511543905640047,-0.0435807684323581,-0.042697153163297,-0.0234334169971894,-0.0306398163121461,-0.0340855160047613,-0.0363911019849251,-0.0513374020520066,-0.0626376199168144,-0.0476876397984987,-0.0485288825742369,-0.0691320223872233,-0.0719703877355338,-0.052556863565363,-0.0545147744819316,-0.0699382663769183,-0.0617859695854294,-0.0703751725938353,-0.0572067353269237,-0.0462547821979856,-0.0234373482234277,-0.00250719956069783,0.0447196772154509,0.0854746149734326,0.178535961811619,0.220113247713662,0.299456743806117,0.296693654598322,0.232584570934445,0.166655540158765,0.118828450442695,0.0668288660520922,0.0451504874390337,-0.00368839191848636,-0.0115952882469438,-0.00512419581557899,-0.00662444405229998,-0.0305390952247349,-0.0357753541404155,-0.039867729242457,-0.0563712428205925,-0.0474443978576506,-0.0578334459230936,-0.0651785558592906,-0.055683580140628,-0.0214669303916811,0.00566331833186927,0.0138003214920099,0.0394110904505743,0.074364003791301,0.115789141286267,0.15372198650796,0.309128128120095,0.423422074560568,0.670988504493396,1,0.672872755453382,0.534176352612898,0.50555230833854,0.500768243362284,0.379318476442698,0.248520212417458,0.168506396438291,0.0899546057600303,0.0369600219897726,-0.00799590972378977,-0.0349572581381667,-0.0692920578223192
"208",-0.0377179868160992,-0.0586439654063227,-0.0523281840007874,-0.036042076657859,-0.00347886611035398,0.034197116178313,0.123615736917443,0.123581927540237,0.166465921504058,0.129473193967924,0.0854217905669092,0.0609180509034625,-0.044210935840746,-0.070839885859442,-0.165066327971064,-0.139020173904126,-0.186461964616216,-0.203773534499237,-0.210439081285122,-0.185619209315554,-0.137324183805702,-0.0924179887170306,-0.0564442375490347,-0.0053620532320934,0.0179126656118155,0.00713420001319231,0.0271620491708066,0.0793954714063936,0.0444798660489938,0.0912787113335535,0.0793306529052776,0.108741355121107,0.107196161457032,0.0676096167268381,0.0657663691089672,0.101446406395793,0.149817252256246,0.162431662851346,0.198707532944233,0.231579973254185,0.285279187855851,0.438858905162351,0.38058766705189,0.32713029660952,0.236974441839787,0.208411612493713,0.172003296346798,0.105708200689332,0.0569300388167966,0.0242737885884546,0.00583094503195926,-0.00816581772082496,-0.0386470365242182,-0.0691663847807488,-0.0534873888545946,-0.0640928497962266,-0.0630394714963508,-0.0705777614434268,-0.0556739736913321,-0.038953592331107,-0.0468100567326627,-0.0196944367674801,0.004149967445924,0.00982697294290978,0.0169716073905455,0.054677073526589,0.0655715168119766,0.0659354000701703,0.0876141049067801,0.108541156695694,0.103571257851423,0.107538768219014,0.121300897257501,0.096549246324209,0.0773851345952363,0.0509705593446821,0.0422137147334661,0.0199657735808026,0.0319165494162596,0.00808882886581403,-0.0166598917158843,-0.0386862391218794,-0.0432358142916209,-0.0110851238343927,-0.0255975347013891,-0.0543414457181969,-0.0777282000699025,-0.0888760028682611,-0.103956068483963,-0.105318801868175,-0.0920696563033878,-0.091663010072918,-0.084420268701919,-0.0814750699619237,-0.0661525459385335,-0.0673848791986876,-0.0720142069597086,-0.0463713591787431,-0.0511493395437863,-0.0710652299404027,-0.0497294074553835,-0.031730183707072,-0.0421661008523439,-0.0583970129077265,-0.0771439960912381,-0.0857493488242643,-0.0950243277785505,-0.101677910924342,-0.0979272269938782,-0.104689588952071,-0.0806089137260903,-0.0966345662948111,-0.112080120241276,-0.11133421691962,-0.114556789918842,-0.0996810360277695,-0.0920819076800922,-0.06215312253343,-0.0521492734515294,-0.0304711210284165,-0.0445663542232899,-0.0657938242235316,-0.0722182376316055,-0.0862230615219578,-0.0832532428609187,-0.0917089771260731,-0.0976089227922294,-0.0911476438517237,-0.108941588381044,-0.104121494974866,-0.103967155854169,-0.0995237066487223,-0.0888485885004362,-0.0546025833824076,-0.0406306036699265,-0.0186792737589154,-0.0072368938734621,-0.00499346833886458,-0.0266454399358475,-0.0261809719128446,-0.00360878663322,-0.00892517425031653,-0.0295233281706499,-0.0164450548415815,0.00630457196022415,-0.0128011600725539,-0.0353154997773367,-0.0375774699927608,-0.0604448017575702,-0.0688941352923239,-0.0496893128052475,-0.0631144102771484,-0.0602796209032875,-0.0580428897127818,-0.0362899067111144,-0.0343496524679377,-0.0290190881199452,-0.0275068939557415,-0.0418282350921316,-0.0590580549376841,-0.0481313839478777,-0.0457363063704243,-0.0659142216447869,-0.0740242435031683,-0.0566740291246292,-0.0549994948160219,-0.0721021890137071,-0.0682761860032834,-0.0798708111415965,-0.0704167135654197,-0.0672644967726338,-0.047117452672875,-0.0287439141424634,0.00419016986228749,0.0451649897472215,0.120429126378507,0.159286179934931,0.2505034320741,0.245143306495279,0.231351372136727,0.167693944943226,0.143344145501282,0.101833592014849,0.084992335346187,0.0463409910527592,0.0287156521173062,0.0172639769378514,-0.00311907647042073,-0.0253329467406746,-0.0332438315443892,-0.0425842946032491,-0.0573154124787087,-0.0539388352441219,-0.0645511990185123,-0.0745935344931728,-0.0715273930324593,-0.0444570741009666,-0.0243416651689051,-0.0210578779102707,-0.000378842378656314,0.0195697220493805,0.0427777360365982,0.0633949045533293,0.158408821985966,0.265182584762339,0.471672848096712,0.672872755453382,1,0.648423234122245,0.49595028559742,0.404154018735046,0.274214409567456,0.163472922834762,0.0885175178954974,0.0377634955768969,-0.00709956437295517,-0.0399459910161956,-0.0644361277594102,-0.0884289258088109
"209",-0.0576185201050613,-0.0825106429473036,-0.0729562937774746,-0.0530458991780603,-0.0130650363886231,0.0325100912008776,0.136278232931059,0.16597710568468,0.231793368199573,0.205779786977316,0.145158220846389,0.110890782202807,-0.0225509882275571,-0.067186724391657,-0.169484130438003,-0.148171037556088,-0.197911811543985,-0.214417135830898,-0.217251975893809,-0.189692456415466,-0.136087439140416,-0.0861445236864912,-0.036066606382449,0.0247762296136924,0.0513877135534627,0.0446798885375455,0.0786741654987987,0.14152487601735,0.0893548854152356,0.132857988205281,0.0941727107944866,0.101358698392759,0.0969548087675428,0.0498865661226943,0.0442372903029273,0.0823738025453922,0.131059633768,0.162308117895696,0.19248419021349,0.189881846606493,0.217782309673432,0.325628696351028,0.291810103853244,0.261134955333182,0.166583616209695,0.128657156531393,0.104722099274576,0.051193433028399,-0.00153524617238998,-0.0306584658514602,-0.043728068871084,-0.0509646454940326,-0.0795226330984706,-0.107680792251021,-0.0828087512578084,-0.0938038129315603,-0.0888012904867835,-0.0894983956173573,-0.0751178304132901,-0.0632627555957914,-0.0668361408008106,-0.0301160854125208,-0.0142280544184083,-0.0109488875398781,0.0108721748033495,0.0520143250966929,0.0517331447322278,0.0562197496446143,0.0945546014311398,0.110083971270741,0.0991108485223776,0.114112862985447,0.133663436290181,0.116624213401703,0.0986071067534156,0.0741797781472448,0.0714615713152067,0.057904666942716,0.0726569559294912,0.0503241731062403,0.020654670376471,-0.00660438395711126,-0.0163704180621297,0.0214041205582164,-0.0107914948135081,-0.0420305306545151,-0.0673815076808192,-0.0880506777146198,-0.118978918440128,-0.130518603735893,-0.12585102658229,-0.119871251511916,-0.11051696117029,-0.1061200428799,-0.0877596694119514,-0.0892496552774644,-0.0945359729742044,-0.0656868733261294,-0.0709709007701486,-0.0947971751390792,-0.0727030134986193,-0.0501871691422171,-0.0619942969277388,-0.0750648501805849,-0.0931105570815155,-0.10124567859904,-0.115682640091148,-0.123854262951781,-0.118623390116737,-0.125035336362662,-0.100263768001396,-0.118536470726091,-0.136811376505009,-0.134958769704274,-0.135955804640147,-0.123821287301124,-0.114821729355521,-0.0801628656313608,-0.0653393869944157,-0.0383933256549412,-0.0505686961560535,-0.0716544991596545,-0.0785106357072664,-0.0927067735815305,-0.0875431828247876,-0.0966554127807313,-0.103442733874251,-0.0963860008161097,-0.117280191470862,-0.114740025579421,-0.117741588060374,-0.114888768611194,-0.105070203803363,-0.0675360598682406,-0.0526481069312148,-0.0259847682589269,-0.0141824137014496,-0.0131702572507991,-0.0370268653667906,-0.0370446354899066,-0.0139142203012575,-0.0166875269929207,-0.0354519121416217,-0.0249464171237075,0.00226895861511432,-0.0109644489707483,-0.0343552821314672,-0.0396486189897227,-0.0794569873660232,-0.0987942017466467,-0.0787801718813228,-0.0900998880135336,-0.0870860767814029,-0.0808445713994591,-0.0549664192448696,-0.0484947267209218,-0.0398803921226467,-0.0300539427102437,-0.0518036179037185,-0.0778452178360307,-0.0600276441207664,-0.0551978006714061,-0.0832768550042317,-0.0939607581276691,-0.0705922228418891,-0.0689923694336683,-0.0909814915442702,-0.0857164330908045,-0.100433472804231,-0.0890502476495671,-0.083373014466039,-0.0572923958898706,-0.0352317336464497,0.00546585903590248,0.0560254807953286,0.141864396821811,0.220085780651,0.323543449373246,0.347955959656638,0.315428166198016,0.241331224285213,0.182702814566041,0.130631541483014,0.10093506803139,0.0485065539386319,0.028563591547628,0.036476520022714,0.0161896694773507,-0.0152717239729165,-0.0192155785360292,-0.0352618838073313,-0.0550346921242603,-0.0507945152142473,-0.0660446966581035,-0.0792716621524994,-0.0735838749986011,-0.043271341577469,-0.0186840967935978,-0.0157401717189415,0.00952462967550417,0.0358968157623729,0.0642221563004097,0.0888519321909759,0.206900921705019,0.300782806960488,0.499623446239577,0.534176352612898,0.648423234122245,1,0.664079000446316,0.527482551052915,0.333368873819013,0.20635189554779,0.113319053766847,0.0521058046355398,8.49836008741254e-05,-0.0402749583257897,-0.0698901990175804,-0.098158877245921
"210",-0.0631174568790272,-0.0810560935722305,-0.0669522838465794,-0.0434387882595563,0.00808084494250966,0.0534652480457957,0.172633711929832,0.214203858907591,0.286257423488734,0.256579126318849,0.181853177105981,0.136313904562584,-0.0212858003014742,-0.0804563051429181,-0.191149974879601,-0.173352967663316,-0.222527272898644,-0.240602926496785,-0.235652754144145,-0.206195925602299,-0.149702687905322,-0.0930505343996303,-0.0271407789049464,0.0481267456519499,0.0825613634736041,0.0788186526980223,0.11975948975467,0.197846486018874,0.133310801772179,0.173245049348161,0.119247338368001,0.102873583091661,0.0924695426933403,0.038726050216155,0.0299546419100928,0.068104165954207,0.120478303338134,0.160212017227359,0.185577967410366,0.163951245149968,0.169343025500125,0.262110862733448,0.267819304370223,0.253543835450575,0.163846851600165,0.120045078506307,0.109056446078628,0.0562722076045347,-0.000380999446433502,-0.0301990272374215,-0.045624693218385,-0.0579479521152283,-0.0864909064488812,-0.116375839188769,-0.0970337548353963,-0.111352300876113,-0.112953698167065,-0.113865538634367,-0.102712565101394,-0.097130998498291,-0.101797671058328,-0.0667065888879138,-0.0553669281948296,-0.0517904525644785,-0.0279200453927816,0.0101464129066778,0.00850264077051041,0.0192112389118934,0.0600334080108789,0.0717406775779859,0.0660693506262212,0.0886042920963765,0.106079278194488,0.0959680888889714,0.0777225148269583,0.0615091705622024,0.0627664572546053,0.0542135336127212,0.0776650756049226,0.0588366888953198,0.0262984282002223,-0.00196379355475823,-0.0213217923876405,0.0151133885904249,-0.0242679758061712,-0.047657165852755,-0.0680108752889803,-0.0903417982544543,-0.13172212096482,-0.140890318792661,-0.137984869898464,-0.124288512531443,-0.111544083186159,-0.104960520152388,-0.0868689953468964,-0.0879958099646798,-0.0961535211416554,-0.0680354555924892,-0.072996166063215,-0.0991530089644815,-0.0802979481767707,-0.0572145501274661,-0.0686226164833521,-0.0794842553966375,-0.0952350457338302,-0.101230709650367,-0.116223230841606,-0.124419576379003,-0.118448994880304,-0.122243081062625,-0.0983034194753248,-0.119824343360771,-0.137673765057788,-0.136494328268136,-0.134845069955643,-0.124105359832058,-0.11427054360452,-0.0806662638589211,-0.065637756114071,-0.0390352195158516,-0.0494573797368056,-0.0690472244711239,-0.0764165293454507,-0.0897457003267384,-0.0841160546500941,-0.0931140388921597,-0.0997678783506017,-0.0924168637812553,-0.112663955555976,-0.111665563217988,-0.115663268322614,-0.113893724615074,-0.10453814838488,-0.0689348686880576,-0.0539341641498481,-0.0260346991013429,-0.0158234713685957,-0.0156125437820825,-0.0394162689916574,-0.0411040398800991,-0.0220562302574984,-0.0231446243809169,-0.0402764722009964,-0.0355935463694901,-0.0103152554235458,-0.0177660791915436,-0.040772869710455,-0.0519818574054968,-0.0956313814210155,-0.120533406092029,-0.0948835359520007,-0.0949878764953991,-0.0866544292944175,-0.0760866206589463,-0.0502398262290214,-0.0429016038444615,-0.0336867966106976,-0.0179056506753813,-0.0443831446917867,-0.0729662766788228,-0.0505625600321895,-0.0456347903042174,-0.0774890106612811,-0.0884707174600779,-0.0625234537795175,-0.0631398681375742,-0.0864375881002674,-0.0792907334363146,-0.0938416658584655,-0.0801244097495642,-0.0696918853031781,-0.0397737168838912,-0.0129729941523934,0.0395873002903288,0.0970105870573371,0.196736296751618,0.290444426938616,0.39304694031705,0.42989626370702,0.363488696332428,0.281812678322197,0.203497643032303,0.145577928316893,0.114025404056542,0.0566710243466769,0.0411457541485564,0.0662407882702695,0.0462293616634009,0.00409093368239153,0.00239791863935494,-0.0165018967659918,-0.0388714968472304,-0.032204205166973,-0.0496353554296873,-0.0618469029602496,-0.0513273184706678,-0.0200796018662899,0.00821818772769675,0.0103412060923822,0.0379904626841723,0.0751313950436534,0.105575738226937,0.125205475146252,0.27850386411843,0.343899867268555,0.539874125221828,0.50555230833854,0.49595028559742,0.664079000446316,1,0.691582507356259,0.418195833789132,0.269691486256066,0.173942700492732,0.0964280899404632,0.0365586186351009,-0.0108997679511805,-0.0441447358622639,-0.0778503345832475
"211",-0.0636663935782334,-0.0641162765227608,-0.0425937641650745,-0.0130735694387595,0.0525422533361852,0.0947168582369702,0.238270945605157,0.272017783763933,0.336837342583054,0.276327091714183,0.174526216508378,0.114668490648761,-0.0481444530490727,-0.107717910506208,-0.23592516199843,-0.212108530805516,-0.266761603698622,-0.288380149785443,-0.280887324516623,-0.246961082928576,-0.182944993297586,-0.113429700404356,-0.0309407395017921,0.067235589351456,0.115329688425862,0.103282931853679,0.148623077051267,0.248545774340814,0.160266128272016,0.189233284312608,0.128765533814213,0.0822329882470796,0.0558591043054471,0.00715122979453722,0.00104446883695322,0.0461278239181348,0.100735507651712,0.141515640766466,0.173923094852343,0.128804599922203,0.140646755271309,0.236040842995491,0.250659887979752,0.277195774273006,0.186212224035907,0.117024633287546,0.119166805552381,0.0815245003953595,0.0073581494228899,-0.0283926674128997,-0.0420709735605397,-0.0576920657428995,-0.0905984292789786,-0.12578767171434,-0.11540243789608,-0.140602409750234,-0.161891637874218,-0.167887992805319,-0.162727805802675,-0.162831521152703,-0.170262285534162,-0.140140696091251,-0.129236336320139,-0.117517936647874,-0.0935533894569437,-0.0592242990726568,-0.0536184056147061,-0.0268129273712113,0.0142995428545934,0.02182272205679,0.0316885119479945,0.0669111450485443,0.0765823242184342,0.071340829106027,0.0440313985638837,0.0365875047150301,0.0354893219659924,0.0261063231606652,0.0744840543879093,0.0568269656136502,0.0111837342548337,-0.0198855920292749,-0.0597489285668341,-0.0159240229196417,-0.059023568851394,-0.0669579074729735,-0.0844402104810102,-0.106359003963482,-0.160757672490426,-0.157662294822728,-0.151930147585169,-0.124361467790713,-0.103950422174243,-0.0942517621203062,-0.0782092670418687,-0.0801929664396161,-0.0920935864953837,-0.0679235958961432,-0.0723598315939565,-0.100031784012794,-0.0868440724167479,-0.0632064468912179,-0.0734787511337526,-0.0820701743893994,-0.0968506477231769,-0.103692657223355,-0.120597531345187,-0.128357026334751,-0.117738677697937,-0.116191128155398,-0.0938301793319514,-0.119837650942336,-0.136577892294749,-0.134564157776057,-0.126062539229695,-0.114718779968139,-0.101954373308729,-0.0656646668669864,-0.0488878725885137,-0.0192113463596739,-0.0302191857377009,-0.0496255369343562,-0.0566691216570618,-0.0714039189659709,-0.0666772404850429,-0.0752387276798098,-0.0841244601521692,-0.0801253051927679,-0.100552585073256,-0.104150491818319,-0.105080602167403,-0.101577722508884,-0.0894475290175634,-0.0545201642830043,-0.0374113796494511,-0.00737406482722898,-0.00106499564728756,-0.00236758194422564,-0.0239945785346381,-0.029460942176902,-0.0179282801834358,-0.0163594426170006,-0.0319910307123834,-0.0376132398494484,-0.016687197708804,-0.0179760422647115,-0.0432121272473283,-0.0690710437229812,-0.116334888634488,-0.153165503849508,-0.113367650549861,-0.0926005430474459,-0.0746523411948669,-0.0577315731407351,-0.0334105097329503,-0.0323677569253629,-0.0314980453604049,-0.0177413704761149,-0.0490038933710375,-0.0724247359532016,-0.042086322640255,-0.0414804566202884,-0.0763796411591856,-0.0801500810822714,-0.0491881491366497,-0.0563083635794337,-0.0782802070199789,-0.0635803186008294,-0.0746617815488142,-0.0545081446169178,-0.0310608649229484,0.00449122725772685,0.0388115825089875,0.110643989097911,0.177167955283081,0.3041065544141,0.40434356243245,0.500145103529239,0.548669924578101,0.383083350330391,0.295195786087328,0.193654832979704,0.122460453750155,0.0865212331719113,0.0162706452314033,0.0146150521037684,0.0624275680505453,0.0610444633929848,0.0108746821843302,0.00896990099476036,-0.00248606311523969,-0.0246891354379155,-0.00785831237162,-0.0250587276985149,-0.0328633512814513,-0.0103400976151764,0.029287139429427,0.0671064158735857,0.0729229093903041,0.104984355503626,0.16242811990409,0.21604880087237,0.247781943813412,0.484167741677076,0.530149685579372,0.697089193485678,0.500768243362284,0.404154018735046,0.527482551052915,0.691582507356259,1,0.668550553590669,0.414443940435673,0.31521011043898,0.187861969069679,0.115970607812941,0.0532378915256141,0.01564359819485,-0.0335710310859055
"212",-0.0428803290876556,-0.0279470874571097,-0.000669809489905267,0.0308917550040171,0.104493710166513,0.135040208734043,0.290251763220082,0.29426069671536,0.332720904194993,0.241386707320482,0.142211235350687,0.0761293056633394,-0.0677886875686511,-0.119650487835136,-0.243796000693188,-0.218838950519269,-0.269426665366207,-0.292378898360755,-0.282546094391079,-0.250288880868141,-0.189805496303568,-0.118436992087893,-0.0344407700698418,0.0700722926902626,0.124845191416454,0.111849727788326,0.151076931367918,0.258362976331786,0.1701160142693,0.191193723193917,0.141991259191555,0.082130249511072,0.04551035937615,0.00113306449413651,-0.00200849561498688,0.0404959855593882,0.0926611353379953,0.120051155170006,0.146949310609693,0.105973912919667,0.119063838001173,0.212910236007392,0.238423080475104,0.277600798415762,0.223919943413911,0.165232286705998,0.157003476257655,0.129809541151055,0.0674581031169222,0.0281247829677298,0.00611791888831969,-0.0127011717162561,-0.0423083575313676,-0.0813342369853388,-0.087623918982563,-0.117479155271152,-0.152467428350315,-0.165832745035878,-0.166097254145909,-0.169448260659889,-0.182169295991118,-0.167690237214605,-0.155566436379283,-0.140854321755717,-0.13156490944351,-0.108453781241387,-0.0930536540467198,-0.0634682880252364,-0.0400294535775754,-0.0329679129828654,-0.00975273149168904,0.0216307773314972,0.0210543036584145,0.0173848496926464,-0.0099658555275391,-0.00772596443509134,-0.0106635512392563,-0.0220993867392984,0.0332649433500231,0.0200238201448271,-0.0222217730899368,-0.0468075740216308,-0.0922195212345475,-0.0578650239462354,-0.0881085161941709,-0.0812094505991724,-0.0890467003507858,-0.100052191392803,-0.145844002146884,-0.127610290943434,-0.115083589189533,-0.0869326224560919,-0.0640111188816852,-0.0548240676715145,-0.0441351560348776,-0.0474025000851904,-0.0634897026441911,-0.0457940777521282,-0.047706250755945,-0.0730789688189209,-0.0676119442967147,-0.0489709118396476,-0.0572698253994904,-0.065945881809217,-0.0782544530124502,-0.0833812803996759,-0.0951816168417388,-0.10058282679872,-0.089149446181554,-0.0822973972530168,-0.0628631065110127,-0.0853845209374136,-0.0976943669378599,-0.0986591705814719,-0.089350355338824,-0.0784304467339622,-0.0674419738397287,-0.0398721800655424,-0.0299612357931733,-0.00828795071249713,-0.0184597617795829,-0.0348624377403855,-0.0416830879904267,-0.0542453814482392,-0.0518692636491321,-0.0588926503614429,-0.0662164392449153,-0.0632981101767845,-0.0781679061214234,-0.0806990796581369,-0.0784871901558131,-0.0747624622721752,-0.0643031849722707,-0.0377323217218511,-0.0229442079342688,0.00229175826778099,0.00603799607167148,0.00327269224804693,-0.01469509148297,-0.0198087307532527,-0.0159109167102406,-0.0162080694226707,-0.0289201405088629,-0.0380305199361949,-0.027201144324804,-0.0268035446627794,-0.0468798976185612,-0.0756817895813446,-0.104768037280855,-0.134446228020127,-0.0905800388039606,-0.0588343367783166,-0.0317283112118806,-0.0150067733106906,0.00565187460226922,-0.00126930239932505,-0.00665805313446317,0.00501340786736603,-0.0254067135490023,-0.0396794294269083,-0.0097964042319034,-0.0137998991067045,-0.04529102575342,-0.0446008742477681,-0.0170100652516224,-0.0292027982373383,-0.0472643274002825,-0.0305970511478882,-0.0369887664945521,-0.0147533790505291,0.0138881746642309,0.0489997205381659,0.0880195312495936,0.166277732362693,0.233738132435895,0.377758648853319,0.470496099181367,0.553172747221431,0.490638993180109,0.28952618204223,0.236539354668224,0.14750236045625,0.0852982224392533,0.0700433928132617,0.00813246192663622,0.02240980661089,0.0766767459438643,0.0829049476735371,0.0284157403688735,0.0264697326412588,0.0204710633735213,0.000514409195978251,0.0202610236815615,0.00513533759185665,0.00328083359957317,0.0314156068225764,0.0675832327418868,0.107002438475818,0.111187314880222,0.138411408506038,0.193810291902155,0.247408213984112,0.241909670619228,0.456170809893756,0.477745996040451,0.513455237833019,0.379318476442698,0.274214409567456,0.333368873819013,0.418195833789132,0.668550553590669,1,0.51409357562588,0.374458840252595,0.242820380304414,0.165909964320364,0.104524515114664,0.0664253206507324,0.0125918681517581
"213",-0.0192117181583579,0.0122866555931628,0.0411795877650946,0.0704856168670789,0.137183943977775,0.15445341278667,0.278775080986988,0.23519535755835,0.230652113001085,0.160582039815913,0.072822215430662,0.0164689303313785,-0.0817441888711631,-0.113437238554845,-0.218666523242129,-0.19265235590952,-0.234721972030936,-0.255781683163128,-0.248901094755207,-0.222422071533129,-0.172203636286528,-0.108026953292909,-0.0375360692888722,0.0627503044205626,0.115020194694602,0.0982712093527583,0.11904615114604,0.209269987472288,0.134452604979934,0.129794558265934,0.101868718153212,0.0384442443945845,-0.00282677212240503,-0.0278466423435199,-0.0242391807235763,0.0104688508885251,0.0472129023766545,0.0583849185221236,0.0831036558104234,0.0436754119039461,0.063444564790306,0.134733071071038,0.163036413958532,0.220248342791736,0.190017074835857,0.136713194346483,0.147695707506601,0.147715074059309,0.0917939877600041,0.0582547186825517,0.0430302989634325,0.0258578582496365,-0.000161963427052406,-0.0353084217276675,-0.0550042004354828,-0.0902677489532482,-0.140711651675583,-0.159109794590428,-0.167298145207293,-0.175232380571076,-0.189826601103081,-0.192113403280619,-0.182025469012548,-0.162653597437513,-0.164667855786143,-0.156477652363294,-0.133107533331386,-0.0976096219606434,-0.090742224131582,-0.0882661650528308,-0.0516296455102674,-0.02173104895141,-0.0340637279292046,-0.0335658293140917,-0.0615121677731183,-0.0488462070987865,-0.0555328200752638,-0.0674889192210948,-0.00285218693109963,-0.0102013393339159,-0.0505678383357729,-0.0672874134887258,-0.119421471138731,-0.0919256872646058,-0.107997757243565,-0.0829360927052491,-0.0821682815610203,-0.0825846493305169,-0.118863876998018,-0.0863471995405866,-0.0701122701164292,-0.0410782212037754,-0.0174395500968855,-0.00993260209754704,-0.0084933229941816,-0.0154407752260964,-0.0311278995413125,-0.024198267158723,-0.0233232162549561,-0.041303581114382,-0.0462317351772203,-0.0344547273197096,-0.0378833089496885,-0.044129942343957,-0.0517567156205576,-0.0548247848867932,-0.0613551928714502,-0.0633550192951944,-0.0510635465815467,-0.0381259265565288,-0.0254929496828698,-0.0411656284186899,-0.0471899284484516,-0.0503414192979781,-0.0388322868673507,-0.0307137288854312,-0.0231420883879319,-0.00624322367618327,-0.00177683256588489,0.0130415171830489,0.00479470410018172,-0.00594358979497858,-0.0101691135146371,-0.0191870005372304,-0.0197751024565975,-0.0245776749096759,-0.0305688455598855,-0.0312384557074498,-0.0393310297388196,-0.0429930752103363,-0.0364374544233421,-0.0317856844208029,-0.024040382763347,-0.00924674538319989,0.00121358245855169,0.0193612215291901,0.0183155422915587,0.0145466596073841,0.00471977302103879,-0.000799061458959299,-0.00710859172984774,-0.0066290082396134,-0.0132066396863663,-0.0284448789166578,-0.0292386845595683,-0.024007227327338,-0.0374910010827038,-0.0705275126113228,-0.0830803870972198,-0.108825002541284,-0.0641146928568505,-0.0213618797445738,0.0110468650040478,0.027957000074684,0.0412500491783931,0.0220740473044121,0.00460247312694258,0.00534663034392025,-0.0198588234351804,-0.0167600117576605,0.0127032404911743,0.000813191272388046,-0.0225739071715799,-0.0117354557689749,0.0109549582473464,-0.00657801176530237,-0.0163641407972264,0.00389877730513145,0.00493870688326123,0.0285156886604234,0.0625570712980912,0.0934330924956361,0.126937407229684,0.209080305041135,0.266806665790127,0.393812210421951,0.437479644659007,0.369052053841649,0.321732330710452,0.185818915439679,0.133771915460069,0.0703879579659697,0.0182753132445312,0.0145733410185476,-0.0302945921203336,-0.00855371713249827,0.0412317590642306,0.0715472424628734,0.027066845629143,0.0268982249709594,0.0327140946726355,0.0197429442927529,0.0448088449309532,0.0356561920828678,0.0402982299738779,0.0721268028546016,0.10680241956899,0.146439363735743,0.151420925269016,0.169241039351842,0.25133255491154,0.336812039272578,0.312694190465739,0.472802622578925,0.357496554947968,0.361208114287958,0.248520212417458,0.163472922834762,0.20635189554779,0.269691486256066,0.414443940435673,0.51409357562588,1,0.571799220072344,0.292548648622573,0.214914924101464,0.154081790007317,0.121074702437042,0.065074368346729
"214",0.0123516489538483,0.0698283562692966,0.12028229167289,0.160326052087386,0.247101773730636,0.230364328778381,0.357142969415714,0.246463838839511,0.200977664771129,0.124042142625913,0.0383238253799573,-0.0225653130011254,-0.113757485131453,-0.139285458420958,-0.255412740348169,-0.223952788854258,-0.268079457228696,-0.296157161604235,-0.288003894325154,-0.262613084300631,-0.210529771309052,-0.137502550138897,-0.0635716604836567,0.0592635426564371,0.12580122981435,0.099867401843518,0.102549211481138,0.200962894108675,0.133373367478406,0.122281264449278,0.113929240764234,0.0403124640006525,-0.00971361459001721,-0.0291835929853265,-0.0207878656742249,0.0100186893414734,0.0411943387684097,0.0389760569020307,0.0528176682663743,0.0167469082547931,0.0334885824931757,0.0943474015474989,0.130244053664092,0.204663508210629,0.192102535442148,0.144059168275453,0.17251385453407,0.191706528117542,0.144207435668018,0.112777227780806,0.101470471021778,0.0868255556225399,0.0613216744921224,0.0225513129461795,-0.011240033787236,-0.0613005322022575,-0.135380909009316,-0.16627856587225,-0.182698989876645,-0.194199949028626,-0.217630730181736,-0.240857187175431,-0.227194615969265,-0.201552300232071,-0.22371358291714,-0.22861427394514,-0.189797630979704,-0.148156828560226,-0.163872587421968,-0.160719934064596,-0.103796060883114,-0.0770122514599096,-0.103438812055381,-0.102415044178265,-0.133560575771552,-0.10846525587952,-0.119143499881115,-0.136193943420642,-0.0555723019069731,-0.0589736446065388,-0.100173097780697,-0.110787786890115,-0.175154662212718,-0.155232340897461,-0.155563948888339,-0.109742427053711,-0.097953247526227,-0.082765233027236,-0.108239650546843,-0.0519265700285506,-0.0220490736204659,0.00865405971331393,0.0411418973225278,0.047023850147937,0.0383668227399822,0.0265829155163427,0.00327119016820365,0.00517575339804585,0.00838323297475767,-0.0106707916800073,-0.0244488218211156,-0.0173491336901964,-0.0224311383269927,-0.0324939527979663,-0.0385922970629822,-0.0418635446662942,-0.0428710678534286,-0.0396688429145592,-0.0248269857265927,-0.00439022631459,0.00575921903147425,-0.00220344394700057,-0.00130858623784193,-0.00792253406682414,0.00562296681703267,0.0144115543981079,0.0184464710948213,0.0264330616832536,0.0208428464540918,0.0270113198874295,0.0174996733829068,0.008290154060079,0.00373674868275363,-0.00393822717083612,-0.00813835665576878,-0.0124907814601965,-0.0170695100125448,-0.0189024319474065,-0.0212038459657617,-0.021714957251928,-0.00892545586603345,-0.00249732527241857,0.00132488084528719,0.00874636687736184,0.0167270778296392,0.0324523676378738,0.0295297502247245,0.0213218776357236,0.0130084382999906,0.0108925666270322,-0.00471781575369114,-0.00984338135841303,-0.012692285143435,-0.0298575953300044,-0.0443637357828479,-0.0386795303718404,-0.0450443573234802,-0.0831921294540445,-0.0708637822401257,-0.0878506588979136,-0.0315954924208969,0.0292515341296765,0.0832007464131369,0.101821032188075,0.111613434404354,0.0710258423195859,0.0401205606242966,0.0334597401802439,0.00609478375754937,0.0249998114055289,0.0595083251622744,0.0369144931068589,0.011605344108752,0.0315927564988198,0.0563445260537809,0.024813632888033,0.015324168478106,0.0447142452878668,0.0524217517747666,0.0908977538238621,0.144776307645139,0.194779493761449,0.250114728442475,0.381657730470313,0.43715466362008,0.539130402071613,0.409906808697948,0.306006338308546,0.246106052532448,0.129011147676877,0.0793567224187919,0.0275491672427299,-0.0163722227660603,-0.00309427341350579,-0.0362926559869622,-0.00183257239213714,0.0523138175008148,0.0961561529236153,0.046000876085019,0.0470955423772472,0.0717330800928023,0.0537170320736816,0.0985839081903036,0.0844805001734444,0.0957401883585797,0.151842559457501,0.20831829754502,0.270297627853808,0.253121078248517,0.307078900365202,0.386520267638665,0.502432709774722,0.329758958167053,0.372247533699613,0.296698210333937,0.271994570621348,0.168506396438291,0.0885175178954974,0.113319053766847,0.173942700492732,0.31521011043898,0.374458840252595,0.571799220072344,1,0.626775795257667,0.387606696684828,0.294646538829956,0.235903174748981,0.147653037585023
"215",0.020690152120385,0.0855979602317943,0.141109663534393,0.175644128651696,0.241769116807125,0.193704245214149,0.261636391176605,0.186566112896133,0.139126518420849,0.0803133203281726,0.0169204898123121,-0.0344843111389346,-0.114528920286979,-0.139712839990076,-0.241326481829442,-0.215829765181467,-0.249622420825271,-0.276367165450333,-0.262094237048904,-0.241282613379229,-0.19796234865101,-0.129240625479715,-0.055884811714495,0.0746268024047853,0.136765729624423,0.117236651846042,0.0895372537832621,0.159305646992284,0.109853509329317,0.089584324348486,0.0853975033222002,0.0219739806320752,-0.0209738298210815,-0.0360370355343282,-0.0260596309068525,-0.00446671584412754,0.0175039471974298,0.011381366313307,0.019174757599632,-0.00971403776429548,0.00252950868029521,0.0436570515523186,0.0663200937881038,0.128850502191029,0.1255447874693,0.0821543483364677,0.108956666223151,0.141687501910237,0.105690783222509,0.0768118684923265,0.0780839244334702,0.0797579836618231,0.055380693722273,0.0225491938177205,-0.00596451665185641,-0.0505166032837261,-0.125486506618591,-0.150954510403361,-0.172057452070104,-0.192445013275669,-0.213343090454615,-0.240830633848591,-0.238459285537138,-0.216966807566295,-0.236133901859304,-0.250849505276992,-0.220405964075211,-0.178165446243815,-0.193858837105367,-0.198619068964697,-0.142583427443637,-0.11268004256654,-0.140479093216184,-0.128358325215841,-0.15238578409533,-0.117400962432124,-0.121577564139138,-0.127353707239742,-0.0482615269350267,-0.0432572514246762,-0.0790226956868918,-0.0855894938307468,-0.152292599189883,-0.140787328448918,-0.145890346868458,-0.0919183509816191,-0.0724328746716915,-0.0573411035981223,-0.0854237590692146,-0.0332558359532658,-0.00945787293773694,0.0214080000192248,0.0534941427465588,0.0588666437868123,0.0461379944075512,0.0351354961710274,0.0173235026121879,0.0162265812703736,0.0200169473138393,0.00482965484307258,-0.0105037495363512,-0.00647282266546706,-0.0119346306698707,-0.0191132483937624,-0.022168903256553,-0.0255337392003231,-0.0260645511871208,-0.0218847100498451,-0.00939731298806058,0.010743835370016,0.0119053327572513,0.00729218467794115,0.0140671055186351,0.00845601785179957,0.0258955141564367,0.0291348529299402,0.0313368212944309,0.0321910217419982,0.0256093032614351,0.0268937423655557,0.0225669883110958,0.0188353004194542,0.0145252741012158,0.0100748664554209,0.00606119339968101,0.00356461700397491,0.000664232998305555,-0.0026838304945,-0.0026716804026631,-0.00454632743363462,0.00842192111173394,0.0122427747510028,0.0131471196647815,0.0121432924618406,0.0179371364611623,0.02728526827341,0.0222543598119351,0.0123170398719505,0.00741626978319318,0.00739382666588907,-0.0127428382762711,-0.0173034558667774,-0.0143740088399994,-0.0340556134907083,-0.0533477256232157,-0.0407847578130414,-0.0404682371703291,-0.0774883624943915,-0.0633026109194162,-0.0789330070562285,-0.0266551945939252,0.0377993370663826,0.0940564355528188,0.111280010357082,0.112301017998695,0.0728177070757907,0.0431496076808795,0.0387657666359941,0.014792196288581,0.0375710622321652,0.0723631190688138,0.047245622185261,0.0246952405316826,0.0506724622828231,0.075134959027495,0.0370482059540083,0.0304958605487927,0.0653991108267736,0.0775700332918381,0.12237460092599,0.187891726851575,0.24544603696015,0.302594784198936,0.416455635784916,0.458723946604763,0.38428519177453,0.303051141461986,0.208508282388277,0.159374517260245,0.0749829588411914,0.0298580755164339,-0.00307287406732713,-0.0342444164272253,-0.0151127988726413,-0.0335457573940302,-0.00185429870004531,0.0465395822584348,0.0927818697865663,0.0654728880063849,0.0855709381183974,0.112952442476029,0.0998631255773465,0.152915937005643,0.134204463683078,0.14846754508583,0.223841848073937,0.280367878686255,0.379949553702977,0.345284881543706,0.423180205839288,0.515717161419069,0.399584404650011,0.214027487928727,0.228261100903269,0.185593845809282,0.162253792135233,0.0899546057600303,0.0377634955768969,0.0521058046355398,0.0964280899404632,0.187861969069679,0.242820380304414,0.292548648622573,0.626775795257667,1,0.646093113016532,0.410717978096729,0.325933326947015,0.209397031359122
"216",0.0608172537114408,0.153819422482238,0.230277388307324,0.259809834571672,0.303494640592954,0.192950112527202,0.205099483487756,0.130619950307223,0.0719478827617797,0.0175953511353051,-0.0336707622097383,-0.074779446204737,-0.13835819754847,-0.154001680000872,-0.248847631706283,-0.223562704848252,-0.249464570069422,-0.280329148529145,-0.261615197505356,-0.247234263955258,-0.212859148338476,-0.148999674025867,-0.0852415865317551,0.0431374009496196,0.107825946566657,0.0888108675460752,0.040299102248299,0.101046096475813,0.0633057653763726,0.0358969138087937,0.0478836836178562,-0.00578900576850513,-0.0472276799297838,-0.0491051176927058,-0.0341610668400375,-0.0195401531655504,-0.00679152689775775,-0.0217736549872852,-0.0144554678831584,-0.0323006889925509,-0.0234493658929656,0.00284237497972562,0.026289569291301,0.0848284247871485,0.0902079999722801,0.0590398840139881,0.0879107584094488,0.127562636323156,0.109799995383659,0.089238907289813,0.0951720962888992,0.106938632564225,0.0925880168393217,0.0630369691146636,0.0253761775950171,-0.0181597573799515,-0.109400827172842,-0.142551553338339,-0.170676087392935,-0.194516983233015,-0.220378196488754,-0.266474455166138,-0.263314796661267,-0.237654022080109,-0.273196578775752,-0.301961395379934,-0.260773620963594,-0.215283667221419,-0.251555381716329,-0.257763698869471,-0.186907870354296,-0.161719321129587,-0.201671283569337,-0.187793768113174,-0.212040279509003,-0.166935532554164,-0.174612649542313,-0.182652842249618,-0.0945176957400689,-0.0840645359560949,-0.11672591512263,-0.115251566226418,-0.188696669701178,-0.18657362227928,-0.175458096422781,-0.102600663646596,-0.0737208287063198,-0.0454947033456167,-0.0608590407186945,0.00958357249470261,0.0435455467281612,0.0759928190558576,0.110171292883969,0.112554038432645,0.085513372301521,0.0701479943824613,0.0491842083263363,0.0411366765776654,0.0471162114207822,0.0352638248547232,0.0125174283910443,0.010079804910967,0.00477617186850797,-0.00361362099195201,-0.00240497611003559,-0.00696441416726123,-0.00378348886001034,0.00637260314214018,0.0213835933723368,0.0424726344748981,0.0375648565195955,0.0409435422596715,0.0591099522115442,0.0576489068359618,0.0736838456707356,0.0768437154185244,0.0718273542027718,0.0629652169494388,0.0476053868711055,0.0405028775960018,0.0362469645654584,0.03595966456273,0.0331708457055263,0.031410880755169,0.0239057389626116,0.0217814637506706,0.0205511527448882,0.0153581880706033,0.0212616494872434,0.0226372333021109,0.0409275205852354,0.0468501919415355,0.0435174030002087,0.0336330097472581,0.0363305897642882,0.0406992756756361,0.034176303617426,0.0219259276473113,0.0197649705560679,0.0235678914234201,-0.00334820509906671,-0.0124568189139014,-0.00621649885830869,-0.026122425404676,-0.0577858647287676,-0.0451270072753991,-0.0375250047362056,-0.0764000501269095,-0.038299125084508,-0.0459125114452265,0.0125742554936254,0.0937269256220144,0.162953878641897,0.176805626797158,0.160460983705377,0.106053842773154,0.0645772142722025,0.0524551107970349,0.0359792995636409,0.0760578025389456,0.113118729550278,0.0826636776060679,0.0689183624469612,0.107843280713429,0.132647760966749,0.0822409265739993,0.0812258842259854,0.125457585903739,0.145106892769258,0.205628980859813,0.301478386490053,0.398083955766693,0.446696398185566,0.516383053181685,0.408096582258553,0.298354297821956,0.218970214913094,0.135772659546709,0.0907752360683285,0.0202080858264585,-0.0282820669982224,-0.0491722756214055,-0.0722559867965359,-0.0510486467012496,-0.0555661068125192,-0.021200733126952,0.0209731058344858,0.0793095945356198,0.0741988486997305,0.113559830754114,0.167682300380037,0.165895503442907,0.246251662312642,0.225174320592711,0.25028637576866,0.355030510522524,0.403940201668629,0.508924546418163,0.501168735423374,0.528868498335661,0.397138929295343,0.331489187594476,0.174003780635713,0.165204908178196,0.131593766178847,0.0992402383752692,0.0369600219897726,-0.00709956437295517,8.49836008741254e-05,0.0365586186351009,0.115970607812941,0.165909964320364,0.214914924101464,0.387606696684828,0.646093113016532,1,0.678278450061492,0.510114580795675,0.348429248177883
"217",0.0660023856585696,0.160543441970441,0.246537459130957,0.26941885026301,0.258253189946136,0.167498125922385,0.162108682568208,0.0985711500926715,0.0368909158333488,-0.0037003150543303,-0.0420719415875024,-0.0809966382292065,-0.151073343448055,-0.175211062641436,-0.262830121279174,-0.244423618654234,-0.258788689724393,-0.290377912273547,-0.257790219123557,-0.245320672628117,-0.218834694091529,-0.155667838427057,-0.0821210198655237,0.0540564775268979,0.119553184951076,0.112117656461832,0.0460687809093075,0.0852895854171559,0.0622584822682838,0.0250825042643091,0.0359993034924238,-0.0139079919647456,-0.0520768170409177,-0.0508623500081165,-0.0372869638993281,-0.0316323781521852,-0.021245915430385,-0.0389949858494278,-0.0365728754943702,-0.0496874099225825,-0.0404995209736307,-0.0207627218131381,-0.00269082551965379,0.0475945970286014,0.0609530995205883,0.0385069215113109,0.0613897823858144,0.100583332228088,0.0937086089224016,0.0780888706607464,0.0838540658023862,0.0985319991665594,0.0891802455951238,0.0660961286988019,0.0302327559517908,-0.00764908989932894,-0.0961286911187126,-0.124562185735333,-0.155384562932388,-0.188081731318316,-0.213648324041761,-0.26278951013836,-0.270295402097513,-0.252229977626041,-0.286556662947919,-0.322901768654025,-0.291435766575273,-0.249695123307285,-0.285932564519721,-0.297625851465452,-0.229980103647987,-0.203947227296742,-0.242856119162656,-0.218016468439203,-0.231954735383197,-0.176223405200831,-0.173090335176008,-0.167940483891149,-0.0863785069098579,-0.0671323355440575,-0.0906613792744081,-0.0858648020854814,-0.159311389319902,-0.17051958688016,-0.167905440143776,-0.0906057963891104,-0.0515083663701619,-0.0235878411561788,-0.0430329482372363,0.0214927275233729,0.0489276852481573,0.0728838709512937,0.104994890388263,0.105574783369277,0.0780222672178253,0.0646111952930444,0.0472265836746106,0.0396367041476564,0.0468582106010887,0.0375667234651658,0.0166227938180732,0.012676456496914,0.00690528464679308,0.00350891721975067,0.00663798499445973,0.00320973165046833,0.00521048139292368,0.0135783755598292,0.0266593209609957,0.0486960317087359,0.0404020289503061,0.0441916766116369,0.0638900931514618,0.0574417833011403,0.0724051012838213,0.0696579659363257,0.0626601846378177,0.0475050468513261,0.0319301823563082,0.0191137957112858,0.0218092427183755,0.0266693505994922,0.0225024163160743,0.0249991812027925,0.0199797920201247,0.0191105138120866,0.0209409082269113,0.0189718069112235,0.0265230992258797,0.0274406645234817,0.0389278364956578,0.0389173725285882,0.0306432569304953,0.0166424269838445,0.019777747375839,0.023598976565112,0.0188843530435508,0.00570630565102967,0.00169839966346342,0.00778330442171807,-0.020424288901168,-0.0314461821228351,-0.0224857865624786,-0.0422877604500232,-0.0772823340932844,-0.059690438767715,-0.0451108549693014,-0.0802974990900867,-0.0406986535744329,-0.0411792048367562,0.0122970816104267,0.0884188151270625,0.159844474996245,0.171762635850406,0.143926105190233,0.0991194179138651,0.0628376139688125,0.0641488440169481,0.0521138569414583,0.0866548337021058,0.125031489861167,0.106134125333863,0.0950836556716931,0.136297975446527,0.167829115049682,0.117903162948843,0.117286030657097,0.167730981031885,0.178457282646161,0.243111330284377,0.35769988440311,0.468343784153967,0.513780896784564,0.415595313420602,0.340912579002814,0.235523488755838,0.160193877530501,0.0803112921678227,0.0456279597257325,-0.0140249440944399,-0.0548439606667477,-0.0672210990536025,-0.0814229542973038,-0.0542175561603826,-0.0478137047557154,-0.00964010942239123,0.0336224335148799,0.0886431269593422,0.12152311689155,0.194205771971004,0.242828776472405,0.276730613391615,0.373808788529337,0.339186664312949,0.376754043418734,0.541598529357769,0.608459250216702,0.656089403506006,0.528815216681844,0.41689815525153,0.30013953421969,0.23549387526297,0.125386885534925,0.107112707058737,0.0781778776136409,0.0400931991060675,-0.00799590972378977,-0.0399459910161956,-0.0402749583257897,-0.0108997679511805,0.0532378915256141,0.104524515114664,0.154081790007317,0.294646538829956,0.410717978096729,0.678278450061492,1,0.744404963305727,0.485795288225393
"218",0.101462825666237,0.21293728707386,0.296892122894767,0.279610627061832,0.247521585928365,0.15296052746118,0.123835453872371,0.0612147245956286,-0.00815196830373244,-0.044926137154252,-0.0757342359939986,-0.106965640395403,-0.151297587533627,-0.164397125749906,-0.233551629939954,-0.218077217522259,-0.222937466332828,-0.252843779994723,-0.220037551046401,-0.214454235888029,-0.199169866050525,-0.148503013182514,-0.0906695947627587,0.0259416065869056,0.0895773630531044,0.0836095226424701,0.0124268102944788,0.0492600418252411,0.0317994519472541,-0.0151549436561823,0.00377873945584914,-0.0392661956506703,-0.0778084109978125,-0.0666296756287301,-0.0491197614756179,-0.0476164687305273,-0.0431663540276111,-0.0662528842401484,-0.0603578728754184,-0.0694480709941401,-0.0564921936168251,-0.0396045643090528,-0.0208114226850889,0.0304570075542329,0.0476115357080914,0.0313081753696736,0.0558370724365628,0.097040027649996,0.0962473717575884,0.088161381093126,0.0948702313263569,0.110287571540898,0.1082234899377,0.0917184648945819,0.0496116575463931,0.0170655699008061,-0.0796098656654534,-0.111755256877712,-0.146960315465487,-0.180729679654117,-0.20775047373283,-0.268769477174757,-0.275729507651493,-0.254288338916486,-0.298304415816192,-0.344491168094895,-0.306317811061635,-0.262682888576155,-0.312591630508074,-0.326066154770907,-0.250112675968492,-0.228193429473448,-0.275220818047919,-0.24995730525997,-0.264253066093683,-0.203990644579021,-0.20506154424456,-0.202178016824246,-0.117177793393386,-0.0946500026258793,-0.115164655636043,-0.103872035778837,-0.17868255679451,-0.195345526172613,-0.179045119980519,-0.0904337013191906,-0.0468072443715818,-0.0111089435253837,-0.020104047676209,0.0547941525533324,0.0865081663893871,0.107776307292358,0.13584753053495,0.130094148111073,0.0930678066693734,0.0784811516313262,0.0623419018929017,0.0485563004905028,0.0569639125572788,0.0527692837093271,0.0279392860548883,0.0205526154999509,0.0175581451112313,0.0162235805429207,0.0225364156375792,0.0193981320466342,0.0235311302989835,0.0342038113916898,0.0493437863880283,0.0730243317830789,0.0600919234578668,0.0689661464495876,0.0958445366116909,0.0920723999732374,0.103805954349581,0.0967430844396854,0.0849697201451638,0.0659125899920883,0.0469033992654974,0.0302435152510799,0.0334785425805048,0.0414293374698223,0.0394484466083279,0.0439529582628321,0.0371498025040767,0.0375284883837433,0.0402308082040508,0.0363352032576914,0.0479420420878465,0.0494158439258819,0.0632338559794473,0.0627978929350246,0.0532153473519861,0.0347035783297977,0.0362780421068993,0.0360993692490235,0.0295122972918652,0.0174224804423422,0.0184087191299801,0.0241973085840021,-0.00803474681929111,-0.0191029155497657,-0.00772232615737339,-0.0292478323240409,-0.0716357977724217,-0.0535061957354089,-0.0347955352906345,-0.0715121302333951,-0.017844058318961,-0.0135001381492521,0.0410194473706078,0.121984579167704,0.191844775669903,0.192477674001164,0.151845509385915,0.104247230330666,0.0618637313456978,0.0620257887801168,0.0582649130195713,0.103602589145203,0.142000144655126,0.123004894690406,0.127649121187817,0.180238282257658,0.203842818893185,0.151543999249605,0.166546781671359,0.218606274613317,0.239881618675118,0.306242781100866,0.446495243550933,0.544403438575176,0.449233397393679,0.36305768605106,0.282712026697906,0.192996357565452,0.118095166338939,0.0372347526622769,0.00795814165716959,-0.0482477819351082,-0.094156401594342,-0.0995424767778033,-0.110523468778457,-0.0833789807508536,-0.0697657854362197,-0.0312477269111315,0.00868086953210381,0.0706726930670704,0.11989674747262,0.198020321392405,0.244253208557204,0.286718611801909,0.360688195335906,0.342058936497919,0.421460344111541,0.577459939462518,0.592297856033537,0.534469861634061,0.512760683462051,0.379719425404404,0.247763704988241,0.193675021176406,0.102021540367649,0.0795757552248999,0.0523434883975308,0.00808359966283645,-0.0349572581381667,-0.0644361277594102,-0.0698901990175804,-0.0441447358622639,0.01564359819485,0.0664253206507324,0.121074702437042,0.235903174748981,0.325933326947015,0.510114580795675,0.744404963305727,1,0.695237880918812
"219",0.10076683618548,0.195741587464409,0.249803383477502,0.224675636596716,0.181430439453433,0.107300275852369,0.0690284202419753,0.0333158456213723,-0.0274173744519637,-0.0469289722255835,-0.0653760317918185,-0.0916778076926535,-0.129680496275833,-0.146385794948164,-0.192765825897039,-0.186860811279976,-0.179425974331857,-0.203255709720916,-0.16527990344705,-0.163189716273145,-0.159450040630749,-0.121851347546575,-0.0686240019582506,0.0242018905691886,0.0772796058935395,0.0793548977459377,0.0167993890773404,0.0372023020051775,0.0329258341700394,-0.0157591998363805,-0.000753069091014414,-0.0375835143894384,-0.0695822259212328,-0.0583582499280151,-0.0448293648392041,-0.0487927937506647,-0.0480663003756381,-0.0684701796539818,-0.0684525855840918,-0.0765471214272796,-0.0660901601456314,-0.0578458504551791,-0.0476471258665073,-0.0049632112828878,0.0181014864276686,0.00717323397551607,0.0256945812014599,0.0646522795261685,0.0708409635188799,0.0694839979651288,0.0778950449298549,0.091971106451715,0.0947181639394357,0.0899396132210768,0.0545150714575907,0.0345867797481555,-0.0464669026467692,-0.0706057735268154,-0.103477962346687,-0.138162932570726,-0.160749283873216,-0.217700916959945,-0.231137948684176,-0.218268853981962,-0.257647023917842,-0.304657201545724,-0.27814691137925,-0.245283693136371,-0.291660170989094,-0.306742690183163,-0.244025099076731,-0.227607723969212,-0.268154203473276,-0.239656055780229,-0.243587292149912,-0.184822891574079,-0.180087059670291,-0.170180876207438,-0.105363537842873,-0.0798114310909886,-0.0881312688109355,-0.0735992252694904,-0.133855078721747,-0.159344213140506,-0.145059866890112,-0.0647952580122633,-0.0204689560855561,0.0125299959508531,0.00814012140111732,0.0700598268508812,0.0927056922014354,0.103472555943942,0.120824958565834,0.109919710411776,0.0777556193830738,0.065569528482894,0.0512595693064435,0.0393546285686822,0.048767176066828,0.0461612744901396,0.0242288424617103,0.018926989047981,0.0175310098927643,0.0198992994740265,0.0259010214999108,0.0258756302908758,0.030462054984997,0.0373529989407953,0.049178165854005,0.0728944282664419,0.0600386207115722,0.0714780539686626,0.0969003838549034,0.0917039098930246,0.0955282757701307,0.081999853256261,0.0685979686823119,0.0474406370622465,0.0295445836244219,0.0104698452174614,0.0174070069343219,0.0274211694967199,0.0249782718117424,0.0321088756340097,0.027325102277982,0.0287434291828726,0.0338610976655456,0.033079906478568,0.0458469882353852,0.0482901822082751,0.0569098096633747,0.0520953007847946,0.0405008352459652,0.0211946547687095,0.0212471573469882,0.0195980486997414,0.0146114972280481,0.00453700245447291,0.0067452639446297,0.0120494956599951,-0.0177881462451054,-0.0264171552169568,-0.0129215080467025,-0.0319687551859882,-0.0715885097293135,-0.0513384804665602,-0.0292569168117984,-0.0560942232119264,-0.00435333723051306,0.00568150150048025,0.0449195577433861,0.111799428317138,0.166058449647402,0.16059988680716,0.119631919900554,0.0868878612877906,0.0539123482491356,0.0653489955695948,0.0670242157153536,0.10434938189934,0.137132112422104,0.131822102811433,0.148219020876601,0.196190835773112,0.210489166136271,0.171770449073487,0.197651310709009,0.237968916975107,0.254681554662498,0.299757777635715,0.429395217681246,0.406639565594856,0.33509410655176,0.259213414184156,0.197881767378933,0.118074446982868,0.0647590846689773,-0.00788364115403182,-0.023233196677572,-0.064629911048842,-0.0949802864412693,-0.095062104520461,-0.0989221983164278,-0.0715815968889808,-0.053690359399098,-0.0160665496028962,0.0205370642527714,0.071363191855672,0.13367333013803,0.224334417470239,0.253631734376824,0.3408833092013,0.37275464613055,0.370442260327257,0.472319788297895,0.6028959333207,0.459003470906043,0.368414944701791,0.337461823690733,0.237681114967419,0.146229637816169,0.113213760416021,0.0576186314243947,0.0315437736820849,0.00622125087518185,-0.0406500562237442,-0.0692920578223192,-0.0884289258088109,-0.098158877245921,-0.0778503345832475,-0.0335710310859055,0.0125918681517581,0.065074368346729,0.147653037585023,0.209397031359122,0.348429248177883,0.485795288225393,0.695237880918812,1
