segment,mutant,pos,wt,subs,frequency,column_conservation,prediction_epistatic,prediction_independent
,N20A,20,N,A,0.11526184,0.356540467,-1.925449909,0.367074617
,N20C,20,N,C,0.008399494,0.356540467,-4.814468129,-2.251909631
,N20D,20,N,D,0.006263931,0.356540467,-5.128915963,-2.545204257
,N20E,20,N,E,0.00939336,0.356540467,-4.157282056,-2.140096092
,N20F,20,N,F,0.00322211,0.356540467,-4.86830977,-3.209619315
,N20G,20,N,G,0.018929504,0.356540467,-5.729171056,-1.439428107
,N20H,20,N,H,0.013521288,0.356540467,-4.198916506,-1.775870456
,N20I,20,N,I,0.030497735,0.356540467,-2.56533002,-0.962500389
,N20K,20,N,K,0.038125854,0.356540467,-3.993659724,-0.739258019
,N20L,20,N,L,0.002456626,0.356540467,-4.698660466,-3.480582977
,N20M,20,N,M,0.001794095,0.356540467,-5.934464216,-3.794372517
,N20P,20,N,P,8.21E-05,0.356540467,-8.799554982,-6.807267442
,N20Q,20,N,Q,0.012531378,0.356540467,-3.946665962,-1.85189458
,N20R,20,N,R,0.013567254,0.356540467,-4.524582316,-1.772476886
,N20S,20,N,S,0.42604256,0.356540467,-1.68089588,1.674423953
,N20T,20,N,T,0.16633162,0.356540467,-2.792546126,0.733857463
,N20V,20,N,V,0.047547124,0.356540467,-4.635489041,-0.518426114
,N20W,20,N,W,0,0.356540467,-9.986039635,-9.076633586
,N20Y,20,N,Y,0.006183029,0.356540467,-3.872092158,-2.558199768
,E21A,21,E,A,0.081100166,0.457782834,-3.888519325,4.243218422
,E21C,21,E,C,0.008024927,0.457782834,-2.433805361,1.930030428
,E21D,21,E,D,0.000179344,0.457782834,-5.919718394,-1.848151069
,E21F,21,E,F,0.040462885,0.457782834,-5.523834004,3.547893278
,E21G,21,E,G,0.005878076,0.457782834,-2.91338,1.618739013
,E21H,21,E,H,0.0102887,0.457782834,-5.180818193,2.178515149
,E21I,21,E,I,0.24078196,0.457782834,-1.050081443,5.331450821
,E21K,21,E,K,7.17E-05,0.457782834,-7.918810072,-2.716428435
,E21L,21,E,L,0.45378426,0.457782834,-1.354228741,5.965189366
,E21M,21,E,M,0.103016205,0.457782834,-1.929510603,4.48242678
,E21N,21,E,N,0.000143475,0.457782834,-7.268892999,-2.063782982
,E21P,21,E,P,0.000231653,0.457782834,-6.559787671,-1.598688768
,E21Q,21,E,Q,0.004322845,0.457782834,-4.943565404,1.311490764
,E21R,21,E,R,0.000117478,0.457782834,-6.761436686,-2.255076203
,E21S,21,E,S,0.006613424,0.457782834,-3.272434619,1.736595652
,E21T,21,E,T,0.003260223,0.457782834,-4.864993283,1.02948472
,E21V,21,E,V,0.03343837,0.457782834,-1.321373855,3.357204342
,E21W,21,E,W,0.000143475,0.457782834,-7.20440205,-2.063782903
,E21Y,21,E,Y,0.006977859,0.457782834,-5.083999702,1.790230679
,V22A,22,V,A,0.006138401,0.734292885,-3.141700013,-3.527535687
,V22C,22,V,C,0.000895753,0.734292885,-3.705847857,-5.45256803
,V22D,22,V,D,0,0.734292885,-8.225763823,-10.49526439
,V22E,22,V,E,0,0.734292885,-8.225763823,-10.49527152
,V22F,22,V,F,0.001451937,0.734292885,-4.463502738,-4.96966132
,V22G,22,V,G,7.66E-06,0.734292885,-8.083963057,-9.729152058
,V22H,22,V,H,0.002058201,0.734292885,-5.354486984,-4.620653454
,V22I,22,V,I,0.73492503,0.734292885,0.051156611,1.258200833
,V22K,22,V,K,6.89E-05,0.734292885,-7.325083841,-7.981159258
,V22L,22,V,L,0.03242717,0.734292885,-3.381353479,-1.862728412
,V22M,22,V,M,0.008548832,0.734292885,-3.386876077,-3.196202337
,V22N,22,V,N,0,0.734292885,-8.225763823,-10.49527286
,V22P,22,V,P,0.000348731,0.734292885,-3.853835211,-6.393843019
,V22Q,22,V,Q,2.53E-05,0.734292885,-7.770735515,-8.884324688
,V22R,22,V,R,3.45E-05,0.734292885,-7.648937194,-8.617763797
,V22S,22,V,S,0.000740719,0.734292885,-2.006830895,-5.642468781
,V22T,22,V,T,0.000656259,0.734292885,-4.495346748,-5.763393131
,V22W,22,V,W,0,0.734292885,-8.225763823,-10.49527647
,V22Y,22,V,Y,0.002827609,0.734292885,-5.140422375,-4.302947941
,F23A,23,F,A,0.3547841,0.556227045,-3.318769964,3.136505147
,F23C,23,F,C,0.006497986,0.556227045,-5.311654793,-0.86378455
,F23D,23,F,D,8.84E-06,0.556227045,-10.18553776,-6.941622758
,F23E,23,F,E,0,0.556227045,-10.35712353,-7.691162571
,F23G,23,F,G,0.000528378,0.556227045,-7.445000554,-3.370317694
,F23H,23,F,H,0,0.556227045,-10.35712353,-7.691161837
,F23I,23,F,I,0.003870423,0.556227045,-5.199980006,-1.381936372
,F23K,23,F,K,0.000177187,0.556227045,-8.343399084,-4.449884005
,F23L,23,F,L,0.028039552,0.556227045,-4.774530613,0.598495826
,F23M,23,F,M,0.00164442,0.556227045,-6.432731116,-2.237658316
,F23N,23,F,N,0.000144754,0.556227045,-8.650394652,-4.646830488
,F23P,23,F,P,0.000227959,0.556227045,-8.010461217,-4.202788516
,F23Q,23,F,Q,0.000182368,0.556227045,-8.46492104,-4.421704412
,F23R,23,F,R,6.84E-05,0.556227045,-9.212823669,-5.360865992
,F23S,23,F,S,0.006349348,0.556227045,-5.1795197,-0.886926757
,F23T,23,F,T,0.003968878,0.556227045,-4.386994377,-1.356817115
,F23V,23,F,V,0.45468494,0.556227045,-2.212779756,3.384604161
,F23W,23,F,W,0.105664484,0.556227045,-6.062201608,1.925232102
,F23Y,23,F,Y,0.017745454,0.556227045,-6.383070897,0.140963895
,N24A,24,N,A,0.94798625,0.892577838,0.595002305,5.545385826
,N24C,24,N,C,0.010035032,0.892577838,-1.375436662,0.996862678
,N24D,24,N,D,0.000204965,0.892577838,-3.693686012,-2.882577711
,N24E,24,N,E,0.00016318,0.892577838,-4.97422502,-3.105926618
,N24F,24,N,F,0.000374823,0.892577838,-4.223140284,-2.286134486
,N24G,24,N,G,0.005808765,0.892577838,-2.717218454,0.450071892
,N24H,24,N,H,0.000890488,0.892577838,-3.708097235,-1.424463265
,N24I,24,N,I,0.004680422,0.892577838,-2.480091187,0.234068028
,N24K,24,N,K,0.000102224,0.892577838,-5.374003215,-3.558601151
,N24L,24,N,L,0.001499291,0.892577838,-3.322056279,-0.904129319
,N24M,24,N,M,0.002135355,0.892577838,-2.584062289,-0.550653388
,N24P,24,N,P,3.10E-06,0.892577838,-6.63069123,-5.96906035
,N24Q,24,N,Q,0.000204449,0.892577838,-4.894527734,-2.885056015
,N24R,24,N,R,0.001340401,0.892577838,-3.242125302,-1.016064981
,N24S,24,N,S,0.008753427,0.892577838,-0.222130288,0.860206029
,N24T,24,N,T,0.001649383,0.892577838,-2.598241303,-0.808780428
,N24V,24,N,V,0.009817328,0.892577838,-1.816336419,0.97492629
,N24W,24,N,W,6.81E-05,0.892577838,-5.864205601,-3.941944548
,N24Y,24,N,Y,0.000579272,0.892577838,-3.55236429,-1.853242301
,N25A,25,N,A,0.13422824,0.255581097,-2.484972599,5.070145515
,N25C,25,N,C,0.014477772,0.255581097,-2.955377658,2.843223421
,N25D,25,N,D,9.27E-05,0.255581097,-8.328378263,-2.142711607
,N25E,25,N,E,0.030939028,0.255581097,-4.762631747,3.602605135
,N25F,25,N,F,0.007074286,0.255581097,-3.010838645,2.127188578
,N25G,25,N,G,0.000681653,0.255581097,-6.103472337,-0.207157358
,N25H,25,N,H,0.01949182,0.255581097,-4.975852269,3.140588577
,N25I,25,N,I,0.08745836,0.255581097,-2.150358922,4.641760336
,N25K,25,N,K,0.012079339,0.255581097,-5.199404468,2.662121321
,N25L,25,N,L,0.055432197,0.255581097,-5.117763599,4.185751597
,N25M,25,N,M,0.20978105,0.255581097,-2.203158867,5.516673977
,N25P,25,N,P,0.000381605,0.255581097,-5.384732693,-0.781078793
,N25Q,25,N,Q,0.06870533,0.255581097,-4.818189771,4.400420728
,N25R,25,N,R,0.06424312,0.255581097,-7.995956313,4.333267689
,N25S,25,N,S,0.006264078,0.255581097,-3.745132289,2.005590932
,N25T,25,N,T,0.025940157,0.255581097,-1.482417073,3.42637997
,N25V,25,N,V,0.2416545,0.255581097,-2.539829031,5.65812023
,N25W,25,N,W,0.000339037,0.255581097,-7.003577843,-0.897456041
,N25Y,25,N,Y,0.01989607,0.255581097,-3.378225536,3.161115268
,Y26A,26,Y,A,0.3939509,0.443201822,-2.860012594,5.472904564
,Y26C,26,Y,C,0.022011077,0.443201822,0.162763621,2.588150663
,Y26D,26,Y,D,0.25000745,0.443201822,0.352478307,5.018163012
,Y26E,26,Y,E,0.006812651,0.443201822,-0.750671222,1.415415463
,Y26F,26,Y,F,0.000269101,0.443201822,-3.600193494,-1.801902583
,Y26G,26,Y,G,0.08033811,0.443201822,-1.009182772,3.882891706
,Y26H,26,Y,H,0.000829728,0.443201822,-2.70673247,-0.68713126
,Y26I,26,Y,I,0.000510171,0.443201822,-2.903618407,-1.170479394
,Y26K,26,Y,K,0.005241864,0.443201822,1.164029837,1.153359278
,Y26L,26,Y,L,0.00255646,0.443201822,-0.902479606,0.435661744
,Y26M,26,Y,M,0.001009129,0.443201822,-2.94278206,-0.492142716
,Y26N,26,Y,N,0.009219645,0.443201822,-0.58634037,1.717942945
,Y26P,26,Y,P,0.000713198,0.443201822,-2.914274618,-0.83773285
,Y26Q,26,Y,Q,0.001180681,0.443201822,-2.287524953,-0.335613127
,Y26R,26,Y,R,0.002645119,0.443201822,0.690772923,0.469726066
,Y26S,26,Y,S,0.13881075,0.443201822,0.420023695,4.429772967
,Y26T,26,Y,T,0.080154665,0.443201822,0.606364136,3.880605578
,Y26V,26,Y,V,0.002019293,0.443201822,-1.977927414,0.200030379
,Y26W,26,Y,W,6.73E-05,0.443201822,-5.133504772,-3.123081607
,T27A,27,T,A,0.06352948,0.232438167,-3.013116831,0.789189346
,T27C,27,T,C,0.000988828,0.232438167,-6.196823043,-3.369966411
,T27D,27,T,D,0.059767667,0.232438167,-5.465373012,0.728149612
,T27E,27,T,E,0.23029035,0.232438167,-3.701412433,2.077040922
,T27F,27,T,F,0.000535917,0.232438167,-7.175692443,-3.978041322
,T27G,27,T,G,0.007470788,0.232438167,-4.633091778,-1.35116663
,T27H,27,T,H,0.01936755,0.232438167,-6.323658249,-0.398704554
,T27I,27,T,I,0.006422106,0.232438167,-4.250346342,-1.502371158
,T27K,27,T,K,0.15010321,0.232438167,-2.632956753,1.649018487
,T27L,27,T,L,0.030941028,0.232438167,-3.453476996,0.069766916
,T27M,27,T,M,0.002642927,0.232438167,-5.720827131,-2.389551997
,T27N,27,T,N,0.047133174,0.232438167,-1.775683483,0.490660172
,T27P,27,T,P,0.0394732,0.232438167,-3.006329325,0.313304567
,T27Q,27,T,Q,0.06739131,0.232438167,-2.745739951,0.848202076
,T27R,27,T,R,0.19101909,0.232438167,-5.16240386,1.890071419
,T27S,27,T,S,0.047107846,0.232438167,-3.136507511,0.490122648
,T27V,27,T,V,0.006051312,0.232438167,-5.823032542,-1.56181906
,T27W,27,T,W,0.00027349,0.232438167,-8.512830863,-4.640004218
,T27Y,27,T,Y,0.000634806,0.232438167,-7.496539463,-3.810289215
,F28A,28,F,A,0.020938734,0.559361237,-5.583612707,3.007841216
,F28C,28,F,C,0.001717555,0.559361237,-6.709047888,0.508124094
,F28D,28,F,D,0.07874778,0.559361237,-5.406435014,4.332529164
,F28E,28,F,E,0.022544786,0.559361237,-5.441803418,3.081745932
,F28G,28,F,G,0.036510855,0.559361237,-5.878163276,3.563865379
,F28H,28,F,H,0.012916551,0.559361237,-5.335408209,2.524747725
,F28I,28,F,I,0.000273247,0.559361237,-8.885807194,-1.316760502
,F28K,28,F,K,0.035889287,0.559361237,-3.779045552,3.546694057
,F28L,28,F,L,0.002003952,0.559361237,-6.437144092,0.662114196
,F28M,28,F,M,0.00075715,0.559361237,-8.007394346,-0.308424211
,F28N,28,F,N,0.69216925,0.559361237,-3.112740361,6.50614446
,F28P,28,F,P,0.001420678,0.559361237,-6.863397088,0.31871821
,F28Q,28,F,Q,0.027127104,0.559361237,-4.583512428,3.266780209
,F28R,28,F,R,0.019555371,0.559361237,-5.098727832,2.93948924
,F28S,28,F,S,0.029932702,0.559361237,-5.70320489,3.365201269
,F28T,28,F,T,0.014471541,0.559361237,-3.79193284,2.638421073
,F28V,28,F,V,0.001157012,0.559361237,-7.595759162,0.113943869
,F28W,28,F,W,0,0.559361237,-10.70220266,-4.801552397
,F28Y,28,F,Y,0.000834384,0.559361237,-7.04792793,-0.211761611
,R29A,29,R,A,0.002391386,0.37671663,-6.580407819,-4.766631347
,R29C,29,R,C,0.001089474,0.37671663,-7.210992067,-5.5511756
,R29D,29,R,D,0.011771069,0.37671663,-5.448672654,-3.1734985
,R29E,29,R,E,0.001262434,0.37671663,-6.796196695,-5.404283921
,R29F,29,R,F,0.013740635,0.37671663,-3.252011585,-3.018791979
,R29G,29,R,G,0.32599708,0.37671663,-4.232855679,0.147789218
,R29H,29,R,H,0.034402907,0.37671663,-5.465386861,-2.10100385
,R29I,29,R,I,6.66E-05,0.37671663,-9.525456589,-8.262786144
,R29K,29,R,K,0.00898503,0.37671663,-3.91989519,-3.443562413
,R29L,29,R,L,0.032241706,0.37671663,-4.879400939,-2.165885555
,R29M,29,R,M,0.027070012,0.37671663,-3.24743702,-2.340723347
,R29N,29,R,N,0.16532709,0.37671663,-1.151073543,-0.531183038
,R29P,29,R,P,0.002252427,0.37671663,-7.864457968,-4.826425551
,R29Q,29,R,Q,0.01567454,0.37671663,-4.821966328,-2.887114564
,R29S,29,R,S,0.007242467,0.37671663,-5.910831262,-3.659130689
,R29T,29,R,T,1.45E-05,0.37671663,-10.25486921,-9.45397183
,R29V,29,R,V,6.85E-05,0.37671663,-9.461818152,-8.23661103
,R29W,29,R,W,0.052301034,0.37671663,-4.807527661,-1.682118307
,R29Y,29,R,Y,0.016891291,0.37671663,-5.022826725,-2.812355011
,G30A,30,G,A,0.1758731,0.463440763,-5.878339627,-0.035403658
,G30C,30,G,C,0.014835563,0.463440763,-5.839236888,-2.508221451
,G30D,30,G,D,0,0.463440763,-12.45817312,-10.00963057
,G30E,30,G,E,0.03407797,0.463440763,-6.070381383,-1.676567421
,G30F,30,G,F,0.002501347,0.463440763,-9.138145967,-4.288029583
,G30H,30,G,H,0.001329435,0.463440763,-8.92032322,-4.919237301
,G30I,30,G,I,0.037264053,0.463440763,-6.465528411,-1.587185695
,G30K,30,G,K,0.000312417,0.463440763,-10.01944778,-6.357697951
,G30L,30,G,L,0.04559777,0.463440763,-6.688597224,-1.385347908
,G30M,30,G,M,0.001518879,0.463440763,-9.5661297,-4.786276072
,G30N,30,G,N,0.002858285,0.463440763,-7.271214515,-4.154733245
,G30P,30,G,P,6.65E-05,0.463440763,-11.44890386,-7.838709108
,G30Q,30,G,Q,0.002647791,0.463440763,-8.450765694,-4.231176859
,G30R,30,G,R,0.000299123,0.463440763,-9.743320402,-6.400517883
,G30S,30,G,S,0.004224727,0.463440763,-7.999809814,-3.764180778
,G30T,30,G,T,0.022010962,0.463440763,-6.633685631,-2.113695677
,G30V,30,G,V,0.46985015,0.463440763,-7.916968667,0.94726203
,G30W,30,G,W,0.001462378,0.463440763,-9.505868749,-4.82411654
,G30Y,30,G,Y,0.001058512,0.463440763,-8.471751253,-5.146552621
,L31A,31,L,A,0,0.907906237,-9.38077834,-9.85845317
,L31C,31,L,C,0,0.907906237,-9.38077834,-9.858452655
,L31D,31,L,D,0,0.907906237,-9.38077834,-9.858452858
,L31E,31,L,E,0,0.907906237,-9.38077834,-9.858452848
,L31F,31,L,F,0.000365491,0.907906237,-6.204776286,-5.059133695
,L31G,31,L,G,0,0.907906237,-9.38077834,-9.85845193
,L31H,31,L,H,0,0.907906237,-9.38077834,-9.858451823
,L31I,31,L,I,0.93428457,0.907906237,-0.460348874,2.796223049
,L31K,31,L,K,0,0.907906237,-9.38077834,-9.858452132
,L31M,31,L,M,0.004549216,0.907906237,-4.369007689,-2.530043606
,L31N,31,L,N,0,0.907906237,-9.38077834,-9.858452161
,L31P,31,L,P,0,0.907906237,-9.38077834,-9.858452411
,L31Q,31,L,Q,0,0.907906237,-9.38077834,-9.858452135
,L31R,31,L,R,0,0.907906237,-9.38077834,-9.858452122
,L31S,31,L,S,0,0.907906237,-9.38077834,-9.858452006
,L31T,31,L,T,0.000137663,0.907906237,-7.57755562,-6.041242997
,L31V,31,L,V,0.003625081,0.907906237,-4.280593917,-2.757410856
,L31W,31,L,W,0,0.907906237,-9.38077834,-9.858451526
,L31Y,31,L,Y,0,0.907906237,-9.38077834,-9.85845156
,G32A,32,G,A,0.004767313,0.984969553,-5.603913713,-5.340812461
,G32C,32,G,C,0,0.984969553,-11.33749629,-12.84830782
,G32D,32,G,D,8.54E-05,0.984969553,-9.990631093,-9.384416289
,G32E,32,G,E,0,0.984969553,-11.33749629,-12.84830782
,G32F,32,G,F,0,0.984969553,-11.33749629,-12.84830782
,G32H,32,G,H,0,0.984969553,-11.33749629,-12.84830782
,G32I,32,G,I,0,0.984969553,-11.33749629,-12.84830782
,G32K,32,G,K,0,0.984969553,-11.33749629,-12.84830782
,G32L,32,G,L,0,0.984969553,-11.33749629,-12.84830782
,G32M,32,G,M,0,0.984969553,-11.33749629,-12.84830782
,G32N,32,G,N,0,0.984969553,-11.33749629,-12.84830782
,G32P,32,G,P,0,0.984969553,-11.33749629,-12.84830782
,G32Q,32,G,Q,0,0.984969553,-11.33749629,-12.84830782
,G32R,32,G,R,7.08E-05,0.984969553,-10.6310531,-9.572369416
,G32S,32,G,S,0.001591883,0.984969553,-6.506357977,-6.439799499
,G32T,32,G,T,3.32E-05,0.984969553,-10.81510344,-10.32705583
,G32V,32,G,V,1.70E-06,0.984969553,-11.30230713,-12.46884499
,G32W,32,G,W,8.86E-05,0.984969553,-10.2691893,-9.347779116
,G32Y,32,G,Y,0,0.984969553,-11.33749629,-12.84830782
,N33A,33,N,A,0.07315995,0.268143571,-7.194856726,0.336724111
,N33C,33,N,C,0.012443885,0.268143571,-5.607388601,-1.434636126
,N33D,33,N,D,0.020899534,0.268143571,-8.413437325,-0.91618416
,N33E,33,N,E,0.003019548,0.268143571,-6.906416807,-2.850043714
,N33F,33,N,F,0.021567548,0.268143571,-3.462020236,-0.88472277
,N33G,33,N,G,0.005931944,0.268143571,-9.908569433,-2.175314478
,N33H,33,N,H,0.019180827,0.268143571,-6.978508027,-1.001995204
,N33I,33,N,I,0.052061558,0.268143571,-4.79193741,-0.003499241
,N33K,33,N,K,0.33710128,0.268143571,-2.217567038,1.864474006
,N33L,33,N,L,0.05556919,0.268143571,-4.292286152,0.061703115
,N33M,33,N,M,0.007113542,0.268143571,-6.258586078,-1.993737912
,N33P,33,N,P,6.64E-05,0.268143571,-10.98052978,-6.565895599
,N33Q,33,N,Q,0.019826598,0.268143571,-6.275690114,-0.968883915
,N33R,33,N,R,0.20896527,0.268143571,-4.764301745,1.386254521
,N33S,33,N,S,0.023257438,0.268143571,-5.918987856,-0.809290717
,N33T,33,N,T,0.005399294,0.268143571,-7.172041731,-2.269352595
,N33V,33,N,V,0.039756596,0.268143571,-4.531171705,-0.273150165
,N33W,33,N,W,0.001146843,0.268143571,-6.730816878,-3.815819484
,N33Y,33,N,Y,0.041288685,0.268143571,-3.680006824,-0.235337597
,K34A,34,K,A,0.03757955,0.398678149,-5.338425263,-0.606403129
,K34C,34,K,C,0.001105587,0.398678149,-7.282540782,-4.13107808
,K34D,34,K,D,0.39845553,0.398678149,-4.801784767,1.75480088
,K34E,34,K,E,0.07093469,0.398678149,-5.216613836,0.028924107
,K34F,34,K,F,8.30E-05,0.398678149,-10.5404899,-6.666086084
,K34G,34,K,G,0.100110635,0.398678149,-6.934354616,0.373452292
,K34H,34,K,H,0.01425708,0.398678149,-6.338083703,-1.575657668
,K34I,34,K,I,0.000132737,0.398678149,-10.38214583,-6.220995329
,K34L,34,K,L,0.001627685,0.398678149,-6.608065118,-3.745030576
,K34M,34,K,M,0.000331842,0.398678149,-9.150525595,-5.326781457
,K34N,34,K,N,0.22913769,0.398678149,-3.238701328,1.201519649
,K34P,34,K,P,0,0.398678149,-11.59128612,-9.06948962
,K34Q,34,K,Q,0.03832331,0.398678149,-4.485157834,-0.586803919
,K34R,34,K,R,0.022104988,0.398678149,-4.092644659,-1.137087152
,K34S,34,K,S,0.013993775,0.398678149,-5.481979083,-1.59429947
,K34T,34,K,T,0.002139642,0.398678149,-7.965150055,-3.471859274
,K34V,34,K,V,0.000319674,0.398678149,-9.836199321,-5.363642745
,K34W,34,K,W,0,0.398678149,-11.59128612,-9.069485579
,K34Y,34,K,Y,0.000450199,0.398678149,-9.200659508,-5.025005744
,G35A,35,G,A,0.004140287,0.667850584,-7.080256649,-4.600658206
,G35C,35,G,C,0.000674515,0.667850584,-6.973446788,-6.412829525
,G35D,35,G,D,0.011141081,0.667850584,-6.800647727,-3.610758494
,G35E,35,G,E,0.004586815,0.667850584,-7.385326488,-4.498244754
,G35F,35,G,F,0,0.667850584,-11.12531685,-10.93317525
,G35H,35,G,H,0.001525951,0.667850584,-7.56805836,-5.598336063
,G35I,35,G,I,0.000165864,0.667850584,-9.346548931,-7.798362755
,G35K,35,G,K,0.005246366,0.667850584,-6.376783379,-4.363899217
,G35L,35,G,L,0.001921821,0.667850584,-7.856901449,-5.367887994
,G35M,35,G,M,0.001281199,0.667850584,-7.204530262,-5.772932702
,G35N,35,G,N,0.5315382,0.667850584,-2.320466679,0.254563843
,G35P,35,G,P,0.002898571,0.667850584,-7.654765648,-4.957141311
,G35Q,35,G,Q,0.011076761,0.667850584,-4.850591975,-3.616548917
,G35R,35,G,R,0.002027858,0.667850584,-7.346053881,-5.314217573
,G35S,35,G,S,0.007228874,0.667850584,-6.440000374,-4.043344518
,G35T,35,G,T,0.001691816,0.667850584,-7.718424107,-5.495255333
,G35V,35,G,V,0.000233462,0.667850584,-9.451929988,-7.463950301
,G35W,35,G,W,1.11E-05,0.667850584,-10.95678617,-10.07846458
,G35Y,35,G,Y,0.000530766,0.667850584,-7.98853865,-6.651339556
,V36A,36,V,A,0.091469556,0.230015823,-4.599245439,2.114501046
,V36C,36,V,C,0.001225375,0.230015823,-3.179855146,-2.195952926
,V36D,36,V,D,0.1914016,0.230015823,-0.983321143,2.852879939
,V36E,36,V,E,0.05477714,0.230015823,-4.714472053,1.601759184
,V36F,36,V,F,0.000339899,0.230015823,-6.518993183,-3.46755732
,V36G,36,V,G,0.10876843,0.230015823,-1.059338763,2.287718886
,V36H,36,V,H,0.013550771,0.230015823,-3.668544168,0.204943336
,V36I,36,V,I,0.002564612,0.230015823,-3.67470785,-1.45895552
,V36K,36,V,K,0.14334624,0.230015823,-0.732931511,2.563764969
,V36L,36,V,L,0.002318106,0.230015823,-5.29151404,-1.559879612
,V36M,36,V,M,0.00218976,0.230015823,-3.615214136,-1.616754546
,V36N,36,V,N,0.024184167,0.230015823,-1.110783344,0.784178227
,V36P,36,V,P,0,0.230015823,-8.97164855,-7.090100574
,V36Q,36,V,Q,0.13732846,0.230015823,-2.748265287,2.520876978
,V36R,36,V,R,0.070878595,0.230015823,-3.9175401,1.859458979
,V36S,36,V,S,0.041008838,0.230015823,-2.135637034,1.312269656
,V36T,36,V,T,0.10079839,0.230015823,-0.998123575,2.211618868
,V36W,36,V,W,0.00187098,0.230015823,-5.778645177,-1.773816862
,V36Y,36,V,Y,0.000939559,0.230015823,-5.294348889,-2.460485764
,L37A,37,L,A,0,0.696129721,-12.31692395,-11.81335792
,L37C,37,L,C,1.32E-05,0.696129721,-12.08269266,-10.60561846
,L37D,37,L,D,0,0.696129721,-12.31692395,-11.81335419
,L37E,37,L,E,0.000132489,0.696129721,-10.93844837,-8.52593903
,L37F,37,L,F,0.000610972,0.696129721,-7.96730199,-7.004588418
,L37G,37,L,G,0,0.696129721,-12.31692395,-11.81335168
,L37H,37,L,H,0,0.696129721,-12.31692395,-11.81335974
,L37I,37,L,I,0.12144587,0.696129721,-3.664358111,-1.710313968
,L37K,37,L,K,6.62E-05,0.696129721,-11.46903029,-9.200955354
,L37M,37,L,M,0.19530144,0.696129721,-5.731692824,-1.235215875
,L37N,37,L,N,6.62E-05,0.696129721,-11.53757308,-9.200956031
,L37P,37,L,P,0.000264978,0.696129721,-10.40459805,-7.838697879
,L37Q,37,L,Q,0.004454134,0.696129721,-8.061156524,-5.016763974
,L37R,37,L,R,6.62E-05,0.696129721,-11.35864314,-9.200955695
,L37S,37,L,S,0.000132489,0.696129721,-10.93688763,-8.52593889
,L37T,37,L,T,0.001126156,0.696129721,-9.050348549,-6.392793175
,L37V,37,L,V,0.004674267,0.696129721,-8.932853296,-4.968496116
,L37W,37,L,W,0,0.696129721,-12.31692395,-11.81336257
,L37Y,37,L,Y,0,0.696129721,-12.31692395,-11.81335237
,P38A,38,P,A,0.006819514,0.72712981,-6.930803266,-4.703272135
,P38C,38,P,C,0.000496777,0.72712981,-10.093414,-7.32302553
,P38D,38,P,D,0,0.72712981,-13.05960273,-11.83451274
,P38E,38,P,E,6.62E-05,0.72712981,-12.00238427,-9.305234119
,P38F,38,P,F,0.000132474,0.72712981,-11.70829825,-8.634395151
,P38G,38,P,G,1.89E-06,0.72712981,-13.02463371,-11.58247155
,P38H,38,P,H,1.32E-05,0.72712981,-12.82329216,-10.68570958
,P38I,38,P,I,0.044858277,0.72712981,-7.687556831,-2.819123609
,P38K,38,P,K,0,0.72712981,-13.05960273,-11.83451258
,P38L,38,P,L,0.16765708,0.72712981,-7.287551422,-1.500617551
,P38M,38,P,M,0.006302313,0.72712981,-9.06617319,-4.782174027
,P38N,38,P,N,0.000132474,0.72712981,-11.45993955,-8.634395148
,P38Q,38,P,Q,0.000695488,0.72712981,-9.584513236,-6.986923442
,P38R,38,P,R,0,0.72712981,-13.05960273,-11.83451168
,P38S,38,P,S,0.001146845,0.72712981,-9.437788524,-6.4868299
,P38T,38,P,T,8.46E-05,0.72712981,-11.95556532,-9.071049106
,P38V,38,P,V,0.019734837,0.72712981,-7.917669599,-3.640372188
,P38W,38,P,W,0,0.72712981,-13.05960273,-11.83451336
,P38Y,38,P,Y,3.31E-05,0.72712981,-12.54019186,-9.944133846
,W39A,39,W,A,0.005922545,0.835619791,-7.412793202,-5.032828741
,W39C,39,W,C,0.015692497,0.835619791,-6.181932158,-4.058296697
,W39D,39,W,D,0.000264941,0.835619791,-9.252482512,-8.131314846
,W39E,39,W,E,0.000850021,0.835619791,-8.549931513,-6.972989036
,W39F,39,W,F,0.019677522,0.835619791,-6.374508658,-3.831976832
,W39G,39,W,G,1.32E-05,0.835619791,-11.08162144,-10.77988178
,W39H,39,W,H,0.000278189,0.835619791,-8.842434265,-8.083138598
,W39I,39,W,I,0.004024407,0.835619791,-7.95953869,-5.419240759
,W39K,39,W,K,0.000921775,0.835619791,-8.87997083,-6.892123577
,W39L,39,W,L,0.00099353,0.835619791,-7.503766838,-6.817303
,W39M,39,W,M,0.000264941,0.835619791,-9.204033796,-8.131314444
,W39N,39,W,N,0.000380853,0.835619791,-9.141382999,-7.772129286
,W39P,39,W,P,1.89E-06,0.835619791,-11.29171317,-11.56965918
,W39Q,39,W,Q,0.001766276,0.835619791,-7.728641957,-6.242569001
,W39R,39,W,R,0.000709568,0.835619791,-8.039574927,-7.153106291
,W39S,39,W,S,0.000141933,0.835619791,-9.582004722,-8.742866571
,W39T,39,W,T,0.002798444,0.835619791,-6.680511608,-5.78253377
,W39V,39,W,V,0.02438717,0.835619791,-6.42668745,-3.617374324
,W39Y,39,W,Y,0.012870654,0.835619791,-5.651107223,-4.256553343
,K40A,40,K,A,0.00352856,0.452810438,-6.568277096,-2.883111785
,K40C,40,K,C,0.001135767,0.452810438,-7.163119049,-4.014700161
,K40D,40,K,D,0.019350931,0.452810438,-5.87807134,-1.181644394
,K40E,40,K,E,0.00415154,0.452810438,-7.344600828,-2.720622515
,K40F,40,K,F,0.002540677,0.452810438,-7.705444033,-3.211274193
,K40G,40,K,G,0.001798875,0.452810438,-5.922074414,-3.556035271
,K40H,40,K,H,0.49463984,0.452810438,-3.824630383,2.059489536
,K40I,40,K,I,0.000741758,0.452810438,-7.217765802,-4.438763495
,K40L,40,K,L,0.000427557,0.452810438,-8.314130908,-4.984891969
,K40M,40,K,M,0.000689829,0.452810438,-7.659600401,-4.510884235
,K40N,40,K,N,0.03681121,0.452810438,-4.434392407,-0.538579154
,K40P,40,K,P,0.020560361,0.452810438,-4.309298625,-1.121020517
,K40Q,40,K,Q,0.012580286,0.452810438,-5.73193077,-1.612238897
,K40R,40,K,R,0.23717478,0.452810438,-4.334640368,1.324449357
,K40S,40,K,S,0.038939867,0.452810438,-4.77350185,-0.482362043
,K40T,40,K,T,0.010540766,0.452810438,-4.910622033,-1.789105496
,K40V,40,K,V,0.001859046,0.452810438,-7.050176901,-3.523192738
,K40W,40,K,W,0.005504346,0.452810438,-8.630825685,-2.438687008
,K40Y,40,K,Y,0.04394605,0.452810438,-6.296995625,-0.361415678
,C41A,41,C,A,0.009066222,0.597543653,-5.825449391,1.17363002
,C41D,41,C,D,0.000927108,0.597543653,-6.105794279,-1.10386452
,C41E,41,C,E,0.001964585,0.597543653,-4.992485841,-0.354817674
,C41F,41,C,F,0.007523329,0.597543653,-1.788504051,0.987104532
,C41G,41,C,G,0.007346057,0.597543653,-3.963484074,0.963263158
,C41H,41,C,H,0.003423242,0.597543653,-3.003268251,0.199946964
,C41I,41,C,I,0.20367782,0.597543653,-1.273100908,4.285644469
,C41K,41,C,K,0.002364125,0.597543653,-4.417653618,-0.169924127
,C41L,41,C,L,0.6563863,0.597543653,-1.818835344,5.455867657
,C41M,41,C,M,0.01456755,0.597543653,-3.296834148,1.647848116
,C41N,41,C,N,0.00462138,0.597543653,-3.801058148,0.499907208
,C41P,41,C,P,0.004107208,0.597543653,-3.526691731,0.382005906
,C41Q,41,C,Q,0.005958624,0.597543653,-3.826105909,0.753978415
,C41R,41,C,R,0.007913585,0.597543653,-2.989655834,1.03766999
,C41S,41,C,S,0.006656333,0.597543653,-1.253715232,0.864684874
,C41T,41,C,T,0.000627076,0.597543653,-4.248513132,-1.49277171
,C41V,41,C,V,0.04334228,0.597543653,-4.677182876,2.738197651
,C41W,41,C,W,7.58E-05,0.597543653,-7.251924217,-3.53861732
,C41Y,41,C,Y,0.016648935,0.597543653,-1.49864729,1.781396918
,N42A,42,N,A,0.009153621,0.644518549,-4.068110647,2.070060164
,N42C,42,N,C,0.000132434,0.644518549,-7.542248374,-2.136792667
,N42D,42,N,D,0.000731037,0.644518549,-5.769589774,-0.454926234
,N42E,42,N,E,0.002178727,0.644518549,-4.949922563,0.634939872
,N42F,42,N,F,0.000201758,0.644518549,-7.378982824,-1.728212718
,N42G,42,N,G,0.002121505,0.644518549,-5.713612091,0.608344048
,N42H,42,N,H,0.001379523,0.644518549,-5.904042772,0.178433565
,N42I,42,N,I,0.007679768,0.644518549,-2.752526838,1.894495471
,N42K,42,N,K,0.0722366,0.644518549,-3.671238935,4.135976576
,N42L,42,N,L,0.02136414,0.644518549,-4.050522753,2.917674944
,N42M,42,N,M,0.00046352,0.644518549,-6.602004021,-0.90795574
,N42P,42,N,P,0.7130696,0.644518549,-3.628935461,6.425658702
,N42Q,42,N,Q,0.001655428,0.644518549,-4.95220522,0.360510027
,N42R,42,N,R,0.031432297,0.644518549,-4.753461774,3.303822236
,N42S,42,N,S,0.12935102,0.644518549,-3.941823121,4.718580233
,N42T,42,N,T,0.004765802,0.644518549,-3.896650664,1.417390593
,N42V,42,N,V,0.000697728,0.644518549,-6.079703706,-0.501366067
,N42W,42,N,W,0,0.644518549,-9.268461396,-5.018124259
,N42Y,42,N,Y,0.00023176,0.644518549,-7.176349958,-1.592442603
,S43A,43,S,A,0.23133318,0.309190368,-1.418204426,1.116002508
,S43C,43,S,C,0.000614171,0.309190368,-5.947678639,-4.809539117
,S43D,43,S,D,0.1104237,0.309190368,-3.459196367,0.376457168
,S43E,43,S,E,0.28886455,0.309190368,-3.271138046,1.338104006
,S43F,43,S,F,0.000151145,0.309190368,-6.807888706,-6.182508522
,S43G,43,S,G,0.06386956,0.309190368,-3.95479454,-0.17103486
,S43H,43,S,H,0.002411066,0.309190368,-4.017025568,-3.447032463
,S43I,43,S,I,0.002272933,0.309190368,-2.544752269,-3.505952016
,S43K,43,S,K,0.0647872,0.309190368,-2.039819682,-0.156769364
,S43L,43,S,L,0.003753079,0.309190368,-2.920745178,-3.004942607
,S43M,43,S,M,0.000595823,0.309190368,-5.617210034,-4.839625385
,S43N,43,S,N,0.07037904,0.309190368,-2.15404694,-0.073980368
,S43P,43,S,P,0.007116927,0.309190368,-2.514540986,-2.365311652
,S43Q,43,S,Q,0.015281469,0.309190368,-3.036686264,-1.601239357
,S43R,43,S,R,0.024829762,0.309190368,-1.698458635,-1.115846723
,S43T,43,S,T,0.03177728,0.309190368,-1.839273326,-0.869137064
,S43V,43,S,V,0.00456166,0.309190368,-4.201513962,-2.809945039
,S43W,43,S,W,0.000530392,0.309190368,-5.436354642,-4.954929305
,S43Y,43,S,Y,0.000664014,0.309190368,-5.15249735,-4.73209355
,D45A,45,D,A,0,0.885063363,-12.126465,-12.66040174
,D45C,45,D,C,0,0.885063363,-12.126465,-12.66040175
,D45E,45,D,E,0.10514818,0.885063363,-3.585912502,-2.140393562
,D45F,45,D,F,0,0.885063363,-12.126465,-12.66040174
,D45G,45,D,G,0.000137379,0.885063363,-10.82312066,-8.796974155
,D45H,45,D,H,0,0.885063363,-12.126465,-12.66040175
,D45I,45,D,I,0,0.885063363,-12.126465,-12.66040175
,D45K,45,D,K,0,0.885063363,-12.126465,-12.66040175
,D45L,45,D,L,6.61E-05,0.885063363,-11.19187991,-9.530800473
,D45M,45,D,M,0,0.885063363,-12.126465,-12.66040177
,D45N,45,D,N,1.32E-05,0.885063363,-11.88720139,-11.06587861
,D45P,45,D,P,0,0.885063363,-12.126465,-12.66040177
,D45Q,45,D,Q,0.000523653,0.885063363,-9.655986742,-7.450226053
,D45R,45,D,R,0,0.885063363,-12.126465,-12.66040177
,D45S,45,D,S,0,0.885063363,-12.126465,-12.66040178
,D45T,45,D,T,6.61E-05,0.885063363,-11.14138817,-9.530800473
,D45V,45,D,V,0,0.885063363,-12.126465,-12.66040177
,D45W,45,D,W,0,0.885063363,-12.126465,-12.66040179
,D45Y,45,D,Y,7.23E-05,0.885063363,-11.08279698,-9.44158262
,M46A,46,M,A,0.001988657,0.616398149,-7.788381388,-4.712640032
,M46C,46,M,C,8.34E-06,0.616398149,-11.23793998,-9.605126984
,M46D,46,M,D,0,0.616398149,-11.39501611,-10.29454073
,M46E,46,M,E,0.000309742,0.616398149,-9.179266173,-6.563836483
,M46F,46,M,F,0.0856625,0.616398149,-5.41183288,-0.949829648
,M46G,46,M,G,0.000319095,0.616398149,-9.475353104,-6.53445183
,M46H,46,M,H,0.002745922,0.616398149,-6.592210749,-4.390161262
,M46I,46,M,I,0.005344215,0.616398149,-4.878735552,-3.724383461
,M46K,46,M,K,0.00284141,0.616398149,-7.030278213,-4.355990421
,M46L,46,M,L,0.6274467,0.616398149,-4.436761368,1.041457666
,M46N,46,M,N,0.000198059,0.616398149,-9.648286115,-7.003458471
,M46P,46,M,P,6.60E-05,0.616398149,-10.40280954,-8.051330057
,M46Q,46,M,Q,0.026575308,0.616398149,-7.506701726,-2.120327857
,M46R,46,M,R,0.005421309,0.616398149,-6.736557568,-3.71006133
,M46S,46,M,S,0.002618727,0.616398149,-7.416787211,-4.437570324
,M46T,46,M,T,0.00262698,0.616398149,-6.977268631,-4.434425306
,M46V,46,M,V,0.003605728,0.616398149,-7.08554194,-4.117832194
,M46W,46,M,W,0.00732896,0.616398149,-7.152985858,-3.408564433
,M46Y,46,M,Y,0.003437967,0.616398149,-6.188839356,-4.165465478
,K47A,47,K,A,0.22337107,0.476362857,-2.750396754,-0.76737232
,K47C,47,K,C,0.000264061,0.476362857,-8.294335043,-7.492323316
,K47D,47,K,D,0.004774635,0.476362857,-4.601492655,-4.61279755
,K47E,47,K,E,0.017691769,0.476362857,-3.25239839,-3.303164098
,K47F,47,K,F,0.000264061,0.476362857,-8.147794358,-7.492323377
,K47G,47,K,G,0.006943858,0.476362857,-6.111086177,-4.23835022
,K47H,47,K,H,0.006567973,0.476362857,-5.346025088,-4.293992735
,K47I,47,K,I,0.003947506,0.476362857,-5.625750052,-4.802953346
,K47L,47,K,L,0.005401456,0.476362857,-4.987413281,-4.489484734
,K47M,47,K,M,0.002385453,0.476362857,-6.776026003,-5.306274821
,K47N,47,K,N,0.008452143,0.476362857,-2.947131739,-4.041814322
,K47P,47,K,P,0.003633118,0.476362857,-8.698256558,-4.885903317
,K47Q,47,K,Q,0.08858653,0.476362857,-4.295840183,-1.692245219
,K47R,47,K,R,0.122430585,0.476362857,-4.180135641,-1.368673409
,K47S,47,K,S,0.012456979,0.476362857,-3.604639181,-3.653978436
,K47T,47,K,T,0.006833818,0.476362857,-4.922575424,-4.254321593
,K47V,47,K,V,0.004462003,0.476362857,-7.004201641,-4.68049251
,K47W,47,K,W,0.000132031,0.476362857,-8.963778203,-8.163829503
,K47Y,47,K,Y,0.000242056,0.476362857,-8.201908518,-7.57749016
,Y48A,48,Y,A,0.001935563,0.409890463,-6.843170246,-4.582096775
,Y48C,48,Y,C,0.000236718,0.409890463,-7.816541126,-6.667487644
,Y48D,48,Y,D,0.000265237,0.409890463,-7.509718745,-6.55603883
,Y48E,48,Y,E,0.001416998,0.409890463,-6.643994806,-4.893437998
,Y48F,48,Y,F,0.16366144,0.409890463,-1.689480554,-0.145348933
,Y48G,48,Y,G,0.000563354,0.409890463,-7.770386093,-5.811969578
,Y48H,48,Y,H,0.28717938,0.409890463,-2.222298632,0.416967752
,Y48I,48,Y,I,0.003075726,0.409890463,-5.436018652,-4.119382804
,Y48K,48,Y,K,0.003993556,0.409890463,-5.396248725,-3.858372521
,Y48L,48,Y,L,0.02003019,0.409890463,-5.320265436,-2.245972346
,Y48M,48,Y,M,0.007469667,0.409890463,-5.442948436,-3.232344719
,Y48N,48,Y,N,0.017937077,0.409890463,-3.147921198,-2.356345741
,Y48P,48,Y,P,0,0.409890463,-10.01402295,-10.02916351
,Y48Q,48,Y,Q,0.007252841,0.409890463,-3.323436739,-3.261798772
,Y48R,48,Y,R,0.25078437,0.409890463,-4.140757458,0.281452199
,Y48S,48,Y,S,0.001386822,0.409890463,-6.429790953,-4.914918835
,Y48T,48,Y,T,0.001837885,0.409890463,-5.989038465,-4.633809293
,Y48V,48,Y,V,0.001298181,0.409890463,-6.340988416,-4.980821906
,Y48W,48,Y,W,0.040410407,0.409890463,-4.361705199,-1.54410182
,F49A,49,F,A,6.60E-05,0.945599606,-10.54885632,-9.600961492
,F49C,49,F,C,1.03E-06,0.945599606,-11.42871029,-12.31276926
,F49D,49,F,D,0,0.945599606,-11.44995269,-12.50810126
,F49E,49,F,E,0,0.945599606,-11.44995269,-12.50810126
,F49G,49,F,G,0,0.945599606,-11.44995269,-12.50810126
,F49H,49,F,H,0,0.945599606,-11.44995269,-12.50810126
,F49I,49,F,I,3.85E-05,0.945599606,-10.84618562,-10.12452228
,F49K,49,F,K,6.60E-05,0.945599606,-10.51105582,-9.600961492
,F49L,49,F,L,0.009717158,0.945599606,-5.956658393,-4.606645597
,F49M,49,F,M,0.002211453,0.945599606,-7.201456427,-6.088372173
,F49N,49,F,N,0,0.945599606,-11.44995269,-12.50810126
,F49P,49,F,P,0,0.945599606,-11.44995269,-12.50810126
,F49Q,49,F,Q,2.28E-06,0.945599606,-11.40171375,-12.11045341
,F49R,49,F,R,0,0.945599606,-11.44995269,-12.50810126
,F49S,49,F,S,0,0.945599606,-11.44995269,-12.50810126
,F49T,49,F,T,0.000198041,0.945599606,-9.466171913,-8.507464599
,F49V,49,F,V,0.009170722,0.945599606,-7.378752437,-4.664555866
,F49W,49,F,W,0,0.945599606,-11.44995269,-12.50810127
,F49Y,49,F,Y,0.006041738,0.945599606,-5.020686734,-5.082167093
,C50A,50,C,A,0.032543052,0.644201241,-0.216812001,4.221002593
,C50D,50,C,D,0.000150395,0.644201241,-3.388961402,-1.129671652
,C50E,50,C,E,0.002850845,0.644201241,-1.168707966,1.786212
,C50F,50,C,F,0.000814152,0.644201241,-1.875632093,0.535162531
,C50G,50,C,G,0.000446614,0.644201241,-2.677183038,-0.061707088
,C50H,50,C,H,0.002133926,0.644201241,-1.297067239,1.496760122
,C50I,50,C,I,0.002440254,0.644201241,-1.719893655,1.630793351
,C50K,50,C,K,0.70429736,0.644201241,1.681695899,7.295721599
,C50L,50,C,L,0.005226742,0.644201241,-0.974374747,2.392203127
,C50M,50,C,M,0.010035944,0.644201241,-1.591231506,3.044558473
,C50N,50,C,N,0.003144468,0.644201241,-0.175642054,1.884194529
,C50P,50,C,P,7.33E-06,0.644201241,-5.131850901,-3.498959323
,C50Q,50,C,Q,0.02418019,0.644201241,-0.677110145,3.923956621
,C50R,50,C,R,0.1758562,0.644201241,1.934023544,5.908167921
,C50S,50,C,S,0.014592533,0.644201241,2.780674726,3.418907205
,C50T,50,C,T,0.009461044,0.644201241,0.305414103,2.985567529
,C50V,50,C,V,0.009924403,0.644201241,0.218374972,3.03338196
,C50W,50,C,W,0.000132025,0.644201241,-3.949578547,-1.25513544
,C50Y,50,C,Y,0.00128724,0.644201241,-0.719260423,0.991984308
,A51C,51,A,C,0.000471508,0.289027223,-2.880155039,-5.92090571
,A51D,51,A,D,0.040034324,0.289027223,1.938953685,-1.487074582
,A51E,51,A,E,0.16609366,0.289027223,2.219666933,-0.064229872
,A51F,51,A,F,0.00081825,0.289027223,-1.450945623,-5.373789369
,A51G,51,A,G,0.003257994,0.289027223,-1.546378137,-3.995305522
,A51H,51,A,H,0.008636833,0.289027223,-0.283728119,-3.020740856
,A51I,51,A,I,0.000992368,0.289027223,-1.889430291,-5.181739406
,A51K,51,A,K,0.1412282,0.289027223,2.735644963,-0.226407495
,A51L,51,A,L,0.004610043,0.289027223,0.018796637,-3.648378287
,A51M,51,A,M,0.002672352,0.289027223,-1.093892618,-4.193286461
,A51N,51,A,N,0.046426848,0.289027223,1.738270886,-1.33893055
,A51P,51,A,P,0,0.289027223,-5.494477018,-9.904417786
,A51Q,51,A,Q,0.107880645,0.289027223,1.66770693,-0.495764147
,A51R,51,A,R,0.21273421,0.289027223,1.877114071,0.183265615
,A51S,51,A,S,0.049761344,0.289027223,3.208858368,-1.269568412
,A51T,51,A,T,0.03202142,0.289027223,0.162296879,-1.710411232
,A51V,51,A,V,0.003148911,0.289027223,-1.908652955,-4.029334474
,A51W,51,A,W,0.000199354,0.289027223,-3.371014521,-6.765947769
,A51Y,51,A,Y,0.001900022,0.289027223,-0.409313414,-4.533937891
,V52A,52,V,A,0.016248895,0.305275648,-4.890290434,-2.266141606
,V52C,52,V,C,0.007419458,0.305275648,-7.059647715,-3.049958543
,V52D,52,V,D,0.000989372,0.305275648,-8.301873427,-5.06162907
,V52E,52,V,E,0.024301482,0.305275648,-7.775591415,-1.86364068
,V52F,52,V,F,0.00195385,0.305275648,-6.921879703,-4.383170802
,V52G,52,V,G,0.000625772,0.305275648,-7.745677952,-5.516917213
,V52H,52,V,H,0.01395976,0.305275648,-5.407428846,-2.417978375
,V52I,52,V,I,0.12424947,0.305275648,-0.314339177,-0.231869877
,V52K,52,V,K,0.045155883,0.305275648,-4.961148756,-1.244055961
,V52L,52,V,L,0.30994457,0.305275648,-2.100963973,0.682243561
,V52M,52,V,M,0.04727885,0.305275648,-4.450821703,-1.198112899
,V52N,52,V,N,0.014086682,0.305275648,-6.532648634,-2.408928091
,V52P,52,V,P,0.000132022,0.305275648,-9.16615682,-7.036301752
,V52Q,52,V,Q,0.027277164,0.305275648,-3.784041164,-1.74812913
,V52R,52,V,R,0.012856896,0.305275648,-5.413706251,-2.500270461
,V52S,52,V,S,0.009283546,0.305275648,-7.26868642,-2.825867021
,V52T,52,V,T,0.17924419,0.305275648,-2.729620461,0.1345929
,V52W,52,V,W,0.000132022,0.305275648,-9.509571908,-7.036301495
,V52Y,52,V,Y,0.008187574,0.305275648,-5.927440076,-2.951469491
,T53A,53,T,A,0.000279266,0.970848324,-10.19689094,-8.176231704
,T53C,53,T,C,0.000396094,0.970848324,-10.22455964,-7.826174412
,T53D,53,T,D,6.60E-05,0.970848324,-11.72654373,-9.608971928
,T53E,53,T,E,0,0.970848324,-12.62797029,-12.43161649
,T53F,53,T,F,0,0.970848324,-12.62797029,-12.43161649
,T53G,53,T,G,1.03E-06,0.970848324,-12.60726129,-12.24847733
,T53H,53,T,H,0,0.970848324,-12.62797029,-12.43161649
,T53I,53,T,I,0.003711648,0.970848324,-9.344891354,-5.584652745
,T53K,53,T,K,6.60E-05,0.970848324,-11.83398999,-9.608971928
,T53L,53,T,L,0.000132031,0.970848324,-10.94695166,-8.924456117
,T53M,53,T,M,6.60E-05,0.970848324,-11.70128446,-9.608971928
,T53N,53,T,N,6.60E-05,0.970848324,-11.92298691,-9.608971928
,T53P,53,T,P,0.000112227,0.970848324,-11.12814223,-9.0859599
,T53Q,53,T,Q,0,0.970848324,-12.62797029,-12.43161649
,T53R,53,T,R,0,0.970848324,-12.62797029,-12.43161649
,T53S,53,T,S,0.005408413,0.970848324,-7.419164553,-5.207839009
,T53V,53,T,V,0.002581,0.970848324,-9.035982661,-5.948361248
,T53W,53,T,W,0,0.970848324,-12.62797029,-12.43161649
,T53Y,53,T,Y,0,0.970848324,-12.62797029,-12.43161649
,T54A,54,T,A,0.020293726,0.272423371,-5.746048893,-2.296454781
,T54C,54,T,C,0.001623382,0.272423371,-5.188436755,-4.820437459
,T54D,54,T,D,0.004853532,0.272423371,-5.675422885,-3.726733984
,T54E,54,T,E,0.016683418,0.272423371,-3.525155582,-2.492339958
,T54F,54,T,F,0.004976247,0.272423371,-7.127356838,-3.701778976
,T54G,54,T,G,0.007804464,0.272423371,-5.856205816,-3.251940665
,T54H,54,T,H,0.002521165,0.272423371,-7.1888783,-4.381096137
,T54I,54,T,I,0.039868247,0.272423371,-5.285176016,-1.62119925
,T54K,54,T,K,0.04819854,0.272423371,-4.403485269,-1.431450378
,T54L,54,T,L,0.20165437,0.272423371,-4.763887011,-0.000209248
,T54M,54,T,M,0.23577498,0.272423371,-4.416364479,0.156114976
,T54N,54,T,N,0.007234915,0.272423371,-5.26693336,-3.327695394
,T54P,54,T,P,6.60E-05,0.272423371,-9.88990676,-7.924014286
,T54Q,54,T,Q,0.020812513,0.272423371,-4.267081677,-2.271213235
,T54R,54,T,R,0.026422674,0.272423371,-4.628727551,-2.032552737
,T54S,54,T,S,0.10717284,0.272423371,-1.074053409,-0.63232872
,T54V,54,T,V,0.022951985,0.272423371,-5.295944574,-2.173366948
,T54W,54,T,W,0.024653794,0.272423371,-7.811199978,-2.101842718
,T54Y,54,T,Y,0.004736615,0.272423371,-5.957226972,-3.751103664
,Y55A,55,Y,A,0.016920459,0.64010216,-6.395384374,1.511049992
,Y55C,55,Y,C,0.000957506,0.64010216,-7.569424436,-1.35825873
,Y55D,55,Y,D,0.02180849,0.64010216,-8.460242608,1.764827883
,Y55E,55,Y,E,0.010715649,0.64010216,-4.943062206,1.054242927
,Y55F,55,Y,F,0.002193469,0.64010216,-6.403104273,-0.531286807
,Y55G,55,Y,G,0.7697922,0.64010216,-6.397812216,5.328715887
,Y55H,55,Y,H,0.01721445,0.64010216,-7.057734067,1.528275631
,Y55I,55,Y,I,0.000261157,0.64010216,-9.043109352,-2.644302792
,Y55K,55,Y,K,0.017697275,0.64010216,-5.750385577,1.55593723
,Y55L,55,Y,L,0.002853337,0.64010216,-6.747044943,-0.268546979
,Y55M,55,Y,M,0.000611684,0.64010216,-8.120219466,-1.803979006
,Y55N,55,Y,N,0.061340082,0.64010216,-6.715908598,2.798988241
,Y55P,55,Y,P,0.001412539,0.64010216,-7.936068986,-0.970629072
,Y55Q,55,Y,Q,0.005917904,0.64010216,-6.539705509,0.4605983
,Y55R,55,Y,R,0.025421299,0.64010216,-6.553781818,1.918118647
,Y55S,55,Y,S,0.02115887,0.64010216,-5.702084604,1.734587323
,Y55T,55,Y,T,0.018590296,0.64010216,-6.030343855,1.605166532
,Y55V,55,Y,V,0.000805989,0.64010216,-8.374536804,-1.529761985
,Y55W,55,Y,W,0.000594314,0.64010216,-8.770115798,-1.832580187
,N91A,91,N,A,0.000535204,0.510369237,-9.669001033,-5.760450047
,N91C,91,N,C,0.000658337,0.510369237,-9.12883555,-5.554287
,N91D,91,N,D,0.002715991,0.510369237,-8.343135999,-4.139103429
,N91E,91,N,E,0.003126312,0.510369237,-8.374549674,-3.998431657
,N91F,91,N,F,0,0.510369237,-12.48099256,-10.08675533
,N91G,91,N,G,0.03988862,0.510369237,-6.699957143,-1.452018418
,N91H,91,N,H,0.4022875,0.510369237,-5.968660498,0.859145242
,N91I,91,N,I,0.000249455,0.510369237,-10.30815025,-6.516836398
,N91K,91,N,K,0.31383982,0.510369237,-8.341781424,0.610856902
,N91L,91,N,L,0.000688673,0.510369237,-10.28106985,-5.50940017
,N91M,91,N,M,7.31E-05,0.510369237,-11.58803478,-7.700451795
,N91P,91,N,P,0.000365743,0.510369237,-9.654866216,-6.138588098
,N91Q,91,N,Q,0.024638731,0.510369237,-6.616156712,-1.933829673
,N91R,91,N,R,0.024351051,0.510369237,-7.723233778,-1.945575369
,N91S,91,N,S,0.015139295,0.510369237,-5.165809361,-2.420904802
,N91T,91,N,T,0.000438891,0.510369237,-9.581901563,-5.957675848
,N91V,91,N,V,0.000621763,0.510369237,-8.789339893,-5.611222547
,N91W,91,N,W,0,0.510369237,-12.48099256,-10.086755
,N91Y,91,N,Y,0,0.510369237,-12.48099256,-10.08675464
,V92A,92,V,A,0.14698324,0.393540701,-1.0275122,0.535476365
,V92C,92,V,C,0.011688971,0.393540701,-4.639809457,-1.996192759
,V92D,92,V,D,0.00344391,0.393540701,-5.728190866,-3.217815817
,V92E,92,V,E,0.000111771,0.393540701,-8.749160687,-6.595674321
,V92F,92,V,F,0.005081217,0.393540701,-4.623239763,-2.829099774
,V92G,92,V,G,0.002608106,0.393540701,-4.888998353,-3.495533077
,V92H,92,V,H,0.046864573,0.393540701,-6.90343224,-0.607599904
,V92I,92,V,I,0.030617679,0.393540701,-1.893442702,-1.033289444
,V92K,92,V,K,0.010114115,0.393540701,-5.632023966,-2.140891006
,V92L,92,V,L,0.008189713,0.393540701,-4.218236907,-2.351911619
,V92M,92,V,M,0.004689099,0.393540701,-4.428776344,-2.909373573
,V92N,92,V,N,0.004343032,0.393540701,-4.644757905,-2.986001969
,V92P,92,V,P,0.43804923,0.393540701,-6.017448825,1.627501925
,V92Q,92,V,Q,0.000722017,0.393540701,-7.15595855,-4.775826206
,V92R,92,V,R,0.002994323,0.393540701,-7.020269034,-3.357584408
,V92S,92,V,S,0.024182089,0.393540701,-5.645645498,-1.269255063
,V92T,92,V,T,0.16128805,0.393540701,-4.609011833,0.62835113
,V92W,92,V,W,0.000723221,0.393540701,-7.338880393,-4.774170471
,V92Y,92,V,Y,0.011262313,0.393540701,-5.025073351,-2.033372979
,V93A,93,V,A,0.001620775,0.605806412,-7.987390788,-5.771079526
,V93C,93,V,C,0.012671184,0.605806412,-7.041460644,-3.713924913
,V93D,93,V,D,0,0.605806412,-12.89225017,-11.42736582
,V93E,93,V,E,0,0.605806412,-12.89225017,-11.42734129
,V93F,93,V,F,0.00173263,0.605806412,-9.240115757,-5.704324241
,V93G,93,V,G,0,0.605806412,-12.89225017,-11.4273508
,V93H,93,V,H,0.000284756,0.605806412,-10.47120911,-7.507184057
,V93I,93,V,I,0.32128125,0.605806412,-3.366703512,-0.480614777
,V93K,93,V,K,0,0.605806412,-12.89225017,-11.42730374
,V93L,93,V,L,0.07645266,0.605806412,-8.00501941,-1.916321895
,V93M,93,V,M,0.06243946,0.605806412,-9.750919033,-2.118811846
,V93N,93,V,N,0.001445684,0.605806412,-9.615201615,-5.885428223
,V93P,93,V,P,0,0.605806412,-12.89225017,-11.42739485
,V93Q,93,V,Q,0.000394277,0.605806412,-10.4257969,-7.183347636
,V93R,93,V,R,0,0.605806412,-12.89225017,-11.42734658
,V93S,93,V,S,0.000394277,0.605806412,-10.01395231,-7.18334764
,V93T,93,V,T,0.001688336,0.605806412,-8.266589997,-5.730228479
,V93W,93,V,W,0,0.605806412,-12.89225017,-11.4273825
,V93Y,93,V,Y,6.57E-05,0.605806412,-11.91175007,-8.939475561
,V94A,94,V,A,0.00473339,0.665177377,-7.133589954,-4.14609233
,V94C,94,V,C,0.000328479,0.665177377,-8.891380925,-6.817706511
,V94D,94,V,D,0,0.665177377,-11.39433119,-11.18270033
,V94E,94,V,E,0,0.665177377,-11.39433119,-11.18273324
,V94F,94,V,F,0.00123727,0.665177377,-7.215357368,-5.489427089
,V94G,94,V,G,0.000131392,0.665177377,-9.98691561,-7.732001021
,V94H,94,V,H,0,0.665177377,-11.39433119,-11.1826962
,V94I,94,V,I,0.55985224,0.665177377,-1.796250789,0.627987981
,V94K,94,V,K,0,0.665177377,-11.39433119,-11.18267907
,V94L,94,V,L,0.13324666,0.665177377,-4.275682677,-0.807533495
,V94M,94,V,M,0.001528643,0.665177377,-6.897633006,-5.277626761
,V94N,94,V,N,0,0.665177377,-11.39433119,-11.18271095
,V94P,94,V,P,0,0.665177377,-11.39433119,-11.18271651
,V94Q,94,V,Q,0,0.665177377,-11.39433119,-11.18270749
,V94R,94,V,R,0,0.665177377,-11.39433119,-11.18267228
,V94S,94,V,S,0,0.665177377,-11.39433119,-11.18266349
,V94T,94,V,T,0.000164239,0.665177377,-9.634189324,-7.510080063
,V94W,94,V,W,0,0.665177377,-11.39433119,-11.18269962
,V94Y,94,V,Y,0,0.665177377,-11.39433119,-11.18266115
,M95A,95,M,A,0.003560498,0.876466684,-7.942478083,-5.573273772
,M95C,95,M,C,0.001583658,0.876466684,-6.811915087,-6.383307839
,M95D,95,M,D,0,0.876466684,-11.0156172,-11.85133809
,M95E,95,M,E,0.000196592,0.876466684,-9.030171158,-8.458054306
,M95F,95,M,F,0.003265611,0.876466684,-5.491582366,-5.659731969
,M95G,95,M,G,0.000524245,0.876466684,-7.909009475,-7.48669916
,M95H,95,M,H,0.00067715,0.876466684,-7.92502076,-7.231673217
,M95I,95,M,I,0.003916035,0.876466684,-5.669767091,-5.478087076
,M95K,95,M,K,0.000524245,0.876466684,-8.690706926,-7.486699314
,M95L,95,M,L,0.020490019,0.876466684,-5.953251341,-3.822990558
,M95N,95,M,N,0,0.876466684,-11.0156172,-11.85133809
,M95P,95,M,P,0,0.876466684,-11.0156172,-11.85133809
,M95Q,95,M,Q,0.000890125,0.876466684,-6.980321261,-6.958828285
,M95R,95,M,R,0.000267691,0.876466684,-8.719584019,-8.153822146
,M95S,95,M,S,0.002338352,0.876466684,-7.429985,-5.993718757
,M95T,95,M,T,0.005892237,0.876466684,-7.613903458,-5.069479196
,M95V,95,M,V,0.012077106,0.876466684,-5.849344067,-4.351689839
,M95W,95,M,W,0.00431873,0.876466684,-8.05984841,-5.380195468
,M95Y,95,M,Y,0.002414492,0.876466684,-7.141126643,-5.961680291
,G96A,96,G,A,0.00036585,0.998399422,-11.96432897,-7.927285444
,G96C,96,G,C,3.85E-06,0.998399422,-14.70291056,-12.34246383
,G96D,96,G,D,5.57E-06,0.998399422,-14.67090463,-12.07142355
,G96E,96,G,E,3.85E-06,0.998399422,-14.6899058,-12.34265191
,G96F,96,G,F,0,0.998399422,-14.77503261,-13.27154104
,G96H,96,G,H,0,0.998399422,-14.77503261,-13.27154104
,G96I,96,G,I,0,0.998399422,-14.77503261,-13.27154104
,G96K,96,G,K,0,0.998399422,-14.77503261,-13.27154104
,G96L,96,G,L,0,0.998399422,-14.77503261,-13.27154104
,G96M,96,G,M,0,0.998399422,-14.77503261,-13.27154104
,G96N,96,G,N,0,0.998399422,-14.77503261,-13.27154104
,G96P,96,G,P,0,0.998399422,-14.77503261,-13.27154104
,G96Q,96,G,Q,0,0.998399422,-14.77503261,-13.27154104
,G96R,96,G,R,9.93E-07,0.998399422,-14.75375858,-12.97229277
,G96S,96,G,S,0.000135538,0.998399422,-13.02265584,-8.935354333
,G96T,96,G,T,0,0.998399422,-14.77503261,-13.27154105
,G96V,96,G,V,0,0.998399422,-14.77503261,-13.27154105
,G96W,96,G,W,0,0.998399422,-14.77503261,-13.27154105
,G96Y,96,G,Y,0,0.998399422,-14.77503261,-13.27154105
,R97A,97,R,A,0.003106557,0.884210342,-5.380289057,-5.714571232
,R97C,97,R,C,0.000131032,0.884210342,-8.220879182,-8.855130871
,R97D,97,R,D,0.001375839,0.884210342,-6.63259878,-6.528569606
,R97E,97,R,E,0.002473234,0.884210342,-6.612548236,-5.942504509
,R97F,97,R,F,0.000868089,0.884210342,-6.580897405,-6.98828634
,R97G,97,R,G,0.000742516,0.884210342,-7.056819462,-7.144090527
,R97H,97,R,H,0.003380014,0.884210342,-4.198908403,-5.630218349
,R97I,97,R,I,0.000152871,0.884210342,-7.809952804,-8.705768794
,R97K,97,R,K,0.021065334,0.884210342,-1.966405304,-3.800358506
,R97L,97,R,L,0.001823533,0.884210342,-6.075036773,-6.247108115
,R97M,97,R,M,0.000458613,0.884210342,-7.346648318,-7.623666392
,R97N,97,R,N,0.000491371,0.884210342,-6.372307307,-7.555102789
,R97P,97,R,P,0.000196548,0.884210342,-7.962475056,-8.460522431
,R97Q,97,R,Q,0.004483488,0.884210342,-6.63927786,-5.347713548
,R97S,97,R,S,0.009585558,0.884210342,-3.945847976,-4.587809816
,R97T,97,R,T,0.001059178,0.884210342,-5.870157572,-6.789758777
,R97V,97,R,V,0.00016379,0.884210342,-7.915750638,-8.638637393
,R97W,97,R,W,0.00112279,0.884210342,-5.910711833,-6.731535581
,R97Y,97,R,Y,0.005475933,0.884210342,-5.183804346,-5.147748475
,T98A,98,T,A,0.020260066,0.609338315,-4.259300866,0.002163264
,T98C,98,T,C,0.000547184,0.609338315,-6.75903312,-3.604735213
,T98D,98,T,D,0.000360318,0.609338315,-6.849255512,-4.01865546
,T98E,98,T,E,0.002493579,0.609338315,-4.376053113,-2.092440531
,T98F,98,T,F,0.000251131,0.609338315,-6.57101752,-4.374168993
,T98G,98,T,G,0.005201925,0.609338315,-4.951997819,-1.357430778
,T98H,98,T,H,0.008040818,0.609338315,-4.763802297,-0.921971611
,T98I,98,T,I,0.003567156,0.609338315,-4.863719456,-1.734588467
,T98K,98,T,K,0.68828464,0.609338315,-0.54456778,3.527812299
,T98L,98,T,L,0.018586727,0.609338315,-4.278130082,-0.084044437
,T98M,98,T,M,0.001282841,0.609338315,-6.071387611,-2.756197241
,T98N,98,T,N,0.0638168,0.609338315,-2.770039502,1.149578316
,T98P,98,T,P,0.000589611,0.609338315,-6.391729792,-3.530552881
,T98Q,98,T,Q,0.001665339,0.609338315,-5.336716113,-2.495704102
,T98R,98,T,R,0.14515904,0.609338315,-3.119017371,1.971416798
,T98S,98,T,S,0.006108099,0.609338315,-1.536489361,-1.196866572
,T98V,98,T,V,0.013046538,0.609338315,-4.676105458,-0.437981354
,T98W,98,T,W,0,0.609338315,-9.249384333,-7.827106654
,T98Y,98,T,Y,0.000521915,0.609338315,-6.250769412,-3.651675576
,S99A,99,S,A,0.000414965,0.89137785,-6.983044853,-3.814251337
,S99C,99,S,C,0.008742525,0.89137785,-4.129220426,-0.764319451
,S99D,99,S,D,0,0.89137785,-9.536663593,-8.28874663
,S99E,99,S,E,0,0.89137785,-9.536663593,-8.28874663
,S99F,99,S,F,0.000131042,0.89137785,-8.216138955,-4.961438465
,S99G,99,S,G,0.000131042,0.89137785,-8.196772571,-4.961438761
,S99H,99,S,H,0,0.89137785,-9.536663593,-8.28874663
,S99I,99,S,I,2.22E-05,0.89137785,-9.148623817,-6.630521267
,S99K,99,S,K,0,0.89137785,-9.536663593,-8.28874663
,S99L,99,S,L,6.55E-05,0.89137785,-8.606362633,-5.638492284
,S99M,99,S,M,0,0.89137785,-9.536663593,-8.28874663
,S99N,99,S,N,0.026199918,0.89137785,-2.842241938,0.333574626
,S99P,99,S,P,0.000207483,0.89137785,-7.451739753,-4.505787168
,S99Q,99,S,Q,0.003365069,0.89137785,-6.299652848,-1.71963795
,S99R,99,S,R,6.81E-05,0.89137785,-8.642184676,-5.60070243
,S99T,99,S,T,0.93719846,0.89137785,-0.533194626,3.910952401
,S99V,99,S,V,0.004683648,0.89137785,-5.632567071,-1.388776117
,S99W,99,S,W,0,0.89137785,-9.536663593,-8.28874663
,S99Y,99,S,Y,0,0.89137785,-9.536663593,-8.28874663
,W100A,100,W,A,0.01140107,0.528029055,-8.469118485,-3.287151722
,W100C,100,W,C,0.00151144,0.528029055,-7.91163177,-5.308013182
,W100D,100,W,D,0,0.528029055,-12.03895169,-10.77551521
,W100E,100,W,E,0.00013105,0.528029055,-10.67107017,-7.734623755
,W100F,100,W,F,0.38788623,0.528029055,-3.204416277,0.240133165
,W100G,100,W,G,6.81E-05,0.528029055,-11.07735996,-8.360563329
,W100H,100,W,H,0.02707291,0.528029055,-9.386138938,-2.422193061
,W100I,100,W,I,0.000724414,0.528029055,-8.582550046,-6.04270289
,W100K,100,W,K,0,0.528029055,-12.03895169,-10.77551393
,W100L,100,W,L,0.05092909,0.528029055,-6.645773682,-1.790229745
,W100M,100,W,M,0.00368905,0.528029055,-6.113934467,-4.41571834
,W100N,100,W,N,0,0.528029055,-12.03895169,-10.77551488
,W100P,100,W,P,6.55E-05,0.528029055,-11.00754519,-8.397284393
,W100Q,100,W,Q,0.000578803,0.528029055,-8.946027419,-6.266534934
,W100R,100,W,R,0.001478622,0.528029055,-8.74648727,-5.329957692
,W100S,100,W,S,2.25E-05,0.528029055,-11.63844951,-9.334119586
,W100T,100,W,T,0,0.528029055,-12.03895169,-10.77551465
,W100V,100,W,V,0.000627167,0.528029055,-8.868193598,-6.18651494
,W100Y,100,W,Y,0.20873113,0.528029055,-1.869368294,-0.379545858
,E101A,101,E,A,0.025179833,0.574533229,-3.622894181,-3.218978322
,E101C,101,E,C,0.000524197,0.574533229,-6.345892337,-7.084963742
,E101D,101,E,D,0.20901525,0.574533229,-2.303249261,-1.10255865
,E101F,101,E,F,0.015564677,0.574533229,-3.737764123,-3.700025711
,E101G,101,E,G,0.001525562,0.574533229,-5.659978486,-6.021472025
,E101H,101,E,H,0.002846578,0.574533229,-4.997728935,-5.398517928
,E101I,101,E,I,0.003478052,0.574533229,-4.926161405,-5.198294419
,E101K,101,E,K,0.00749883,0.574533229,-4.843063823,-4.4302485
,E101L,101,E,L,0.030745072,0.574533229,-3.271742387,-3.019286271
,E101M,101,E,M,0.003199865,0.574533229,-4.85462762,-5.281608658
,E101N,101,E,N,0.007124966,0.574533229,-3.072463349,-4.481383835
,E101P,101,E,P,9.83E-05,0.574533229,-8.252750575,-8.713092974
,E101Q,101,E,Q,0.04226047,0.574533229,-2.80735838,-2.701153837
,E101R,101,E,R,0.005517735,0.574533229,-4.802729548,-4.736973949
,E101S,101,E,S,0.003055552,0.574533229,-5.347887819,-5.327726562
,E101T,101,E,T,0.003312053,0.574533229,-4.61080832,-5.247170385
,E101V,101,E,V,0.005834028,0.574533229,-4.331651867,-4.68124634
,E101W,101,E,W,6.55E-05,0.574533229,-8.67821898,-9.086776859
,E101Y,101,E,Y,0.0036364,0.574533229,-4.375683466,-5.153796164
,S102A,102,S,A,0.027756412,0.834066293,-3.058038788,-3.479970539
,S102C,102,S,C,0.003158661,0.834066293,-6.388082083,-5.653613621
,S102D,102,S,D,0.003525054,0.834066293,-6.352196459,-5.543856949
,S102E,102,S,E,0.009802088,0.834066293,-3.961955073,-4.520991144
,S102F,102,S,F,0.000759375,0.834066293,-7.225099519,-7.0780868
,S102G,102,S,G,0.021515623,0.834066293,-4.780015153,-3.734688209
,S102H,102,S,H,0.000327573,0.834066293,-7.959219671,-7.914935888
,S102I,102,S,I,0.000131029,0.834066293,-8.934874952,-8.815816137
,S102K,102,S,K,0.000393088,0.834066293,-7.75665827,-7.733945348
,S102L,102,S,L,0.000360331,0.834066293,-7.260656818,-7.820366235
,S102M,102,S,M,0,0.834066293,-10.07073051,-11.82911103
,S102N,102,S,N,0.000880808,0.834066293,-6.868314069,-6.930024644
,S102P,102,S,P,0.00059662,0.834066293,-6.791895425,-7.318649859
,S102Q,102,S,Q,0.000524117,0.834066293,-7.874190596,-7.447740375
,S102R,102,S,R,0.000110518,0.834066293,-8.909262814,-8.980519971
,S102T,102,S,T,0.028795805,0.834066293,-3.045851794,-3.443203697
,S102V,102,S,V,0.000196544,0.834066293,-8.332145334,-8.419515531
,S102W,102,S,W,0,0.834066293,-10.07073051,-11.82911103
,S102Y,102,S,Y,0.000360331,0.834066293,-7.994784571,-7.820366272
,I103A,103,I,A,0.001063895,0.579276277,-9.404824583,-6.129975307
,I103C,103,I,C,0.001113665,0.579276277,-9.166913074,-6.084363204
,I103D,103,I,D,0.000917258,0.579276277,-9.206354075,-6.277874906
,I103E,103,I,E,0.000589666,0.579276277,-9.128027283,-6.717840296
,I103F,103,I,F,0.11071265,0.579276277,-6.085684698,-1.486222544
,I103G,103,I,G,0.000131037,0.579276277,-10.55423344,-8.195412249
,I103H,103,I,H,0.001428563,0.579276277,-9.735917126,-5.835820003
,I103K,103,I,K,0.000720703,0.579276277,-9.122928469,-6.518162365
,I103L,103,I,L,0.32878417,0.579276277,-2.78962321,-0.397734704
,I103M,103,I,M,0.035030212,0.579276277,-5.89075912,-2.637000341
,I103N,103,I,N,0.001268405,0.579276277,-8.407020116,-5.954526625
,I103P,103,I,P,0.001863999,0.579276277,-9.34630569,-5.570097948
,I103Q,103,I,Q,0.000568323,0.579276277,-9.604308913,-6.754493615
,I103R,103,I,R,0.000750599,0.579276277,-8.975761223,-6.477687834
,I103S,103,I,S,0.000410681,0.579276277,-9.297620052,-7.076928267
,I103T,103,I,T,0.002074572,0.579276277,-8.102319891,-5.463164668
,I103V,103,I,V,0.020684559,0.579276277,-8.089628899,-3.163855573
,I103W,103,I,W,0.000589666,0.579276277,-9.030915409,-6.717840306
,I103Y,103,I,Y,0.001921406,0.579276277,-8.26102633,-5.53979431
,P104A,104,P,A,0.008108998,0.590689501,-7.813800845,-3.946099257
,P104C,104,P,C,0.000762936,0.590689501,-9.991514074,-6.306281947
,P104D,104,P,D,0.010188057,0.590689501,-8.428640532,-3.717872474
,P104E,104,P,E,0.003749852,0.590689501,-8.790226299,-4.717169017
,P104F,104,P,F,0.000917395,0.590689501,-9.753070384,-6.12273422
,P104G,104,P,G,0.4724001,0.590689501,-5.244677472,0.118810156
,P104H,104,P,H,0.002136948,0.590689501,-8.529716396,-5.279073488
,P104I,104,P,I,0.003774738,0.590689501,-8.269413486,-4.710557674
,P104K,104,P,K,0.018372916,0.590689501,-6.519238006,-3.128215199
,P104L,104,P,L,0.010338381,0.590689501,-9.124913556,-3.703225944
,P104M,104,P,M,0.001212272,0.590689501,-9.323706322,-5.844924479
,P104N,104,P,N,0.019637043,0.590689501,-7.434889884,-3.061673763
,P104Q,104,P,Q,0.004071175,0.590689501,-9.353102587,-4.634989624
,P104R,104,P,R,0.005877669,0.590689501,-9.349093143,-4.267868061
,P104S,104,P,S,0.006738725,0.590689501,-7.330122874,-4.131180984
,P104T,104,P,T,0.001901532,0.590689501,-9.347081505,-5.395643651
,P104V,104,P,V,0.009457481,0.590689501,-7.536347674,-3.792278783
,P104W,104,P,W,6.55E-05,0.590689501,-11.97252698,-8.681778258
,P104Y,104,P,Y,0.000807635,0.590689501,-9.861412509,-6.249619113
,K108A,108,K,A,0.008202024,0.562118459,-4.598117298,-3.554117512
,K108C,108,K,C,0.001749222,0.562118459,-5.042556922,-5.098289069
,K108D,108,K,D,0.000857945,0.562118459,-6.827959586,-5.808550226
,K108E,108,K,E,0.006140509,0.562118459,-6.041260622,-3.84353988
,K108F,108,K,F,0.007418046,0.562118459,-4.125950367,-3.654568333
,K108G,108,K,G,0.066409476,0.562118459,-4.811141831,-1.462672082
,K108H,108,K,H,0.012380004,0.562118459,-4.002321723,-3.142448717
,K108I,108,K,I,0.002200366,0.562118459,-5.168530907,-4.869179249
,K108L,108,K,L,0.007164903,0.562118459,-3.686253042,-3.689283824
,K108M,108,K,M,0.003803856,0.562118459,-5.302433079,-4.322255402
,K108N,108,K,N,0.006367075,0.562118459,-5.559398686,-3.807315444
,K108P,108,K,P,0.001083072,0.562118459,-5.816447371,-5.576463272
,K108Q,108,K,Q,0.016623793,0.562118459,-3.313860875,-2.847703002
,K108R,108,K,R,0.55575496,0.562118459,-1.383575747,0.661850409
,K108S,108,K,S,0.009854444,0.562118459,-4.793353937,-3.370594875
,K108T,108,K,T,0.002871349,0.562118459,-6.017867668,-4.603297079
,K108V,108,K,V,0.002267923,0.562118459,-5.506854137,-4.838975594
,K108W,108,K,W,0.000832171,0.562118459,-7.62077988,-5.838907264
,K108Y,108,K,Y,0.001305276,0.562118459,-6.068286571,-5.390411112
,P109A,109,P,A,0.1078459,0.709685107,-7.665493598,-1.984341495
,P109C,109,P,C,0.000997264,0.709685107,-9.117243366,-6.66644259
,P109D,109,P,D,0.000657537,0.709685107,-9.088765737,-7.081463546
,P109E,109,P,E,0.000920552,0.709685107,-9.509429435,-6.746263983
,P109F,109,P,F,0.001386933,0.709685107,-8.703358905,-6.337283041
,P109G,109,P,G,0.0034779,0.709685107,-6.282587911,-5.418669046
,P109H,109,P,H,0.000394522,0.709685107,-9.666463029,-7.588757981
,P109I,109,P,I,0.012730685,0.709685107,-8.857129084,-4.121144971
,P109K,109,P,K,0.001621924,0.709685107,-8.50559213,-6.1809809
,P109L,109,P,L,0.0428104,0.709685107,-6.884417598,-2.90830371
,P109M,109,P,M,0.002029597,0.709685107,-7.972083337,-5.956982823
,P109N,109,P,N,0.001205484,0.709685107,-8.728683552,-6.477251074
,P109Q,109,P,Q,0.000821921,0.709685107,-8.761776813,-6.859230932
,P109R,109,P,R,0.001463019,0.709685107,-8.427125293,-6.283955551
,P109S,109,P,S,0.005150754,0.709685107,-7.761187979,-5.026022731
,P109T,109,P,T,0.00458701,0.709685107,-8.023973475,-5.141924822
,P109V,109,P,V,0.027131803,0.709685107,-7.265397927,-3.364405106
,P109W,109,P,W,0,0.709685107,-12.43093051,-11.5353605
,P109Y,109,P,Y,0.000295892,0.709685107,-10.49300908,-7.873094415
,L110A,110,L,A,0.000480357,0.958202968,-9.384864415,-7.62314773
,L110C,110,L,C,0,0.958202968,-11.51639403,-12.01850021
,L110D,110,L,D,0.000131006,0.958202968,-10.13475638,-8.908729828
,L110E,110,L,E,0.000262013,0.958202968,-9.754236083,-8.225980658
,L110F,110,L,F,0.004732768,0.958202968,-6.153683411,-5.336364087
,L110G,110,L,G,0.000131006,0.958202968,-9.971866607,-8.908729876
,L110H,110,L,H,0.001541508,0.958202968,-8.102076215,-6.458395284
,L110I,110,L,I,0.001303864,0.958202968,-8.505694122,-6.625816267
,L110K,110,L,K,0.000131006,0.958202968,-10.11803506,-8.908729688
,L110M,110,L,M,0.00462586,0.958202968,-7.245577693,-5.359219421
,L110N,110,L,N,0.000764204,0.958202968,-8.689051504,-7.159768645
,L110P,110,L,P,9.83E-05,0.958202968,-10.49165612,-9.188121716
,L110Q,110,L,Q,0.000263501,0.958202968,-9.183901189,-8.220363435
,L110R,110,L,R,0.000524026,0.958202968,-9.293739283,-7.536382921
,L110S,110,L,S,0.00019651,0.958202968,-9.988082313,-8.510560536
,L110T,110,L,T,0.00019651,0.958202968,-9.68397633,-8.51056055
,L110V,110,L,V,0.000317963,0.958202968,-9.378932307,-8.033869845
,L110W,110,L,W,0.00054586,0.958202968,-8.942297425,-7.495662586
,L110Y,110,L,Y,0.001069885,0.958202968,-8.717802994,-6.823545199
,S111A,111,S,A,0.023081768,0.708030437,-2.08790087,0.132992906
,S111C,111,S,C,0.0001626,0.708030437,-6.525812912,-4.798022645
,S111D,111,S,D,0.012150597,0.708030437,-3.159580743,-0.508697966
,S111E,111,S,E,0.008205941,0.708030437,-4.106623841,-0.901218673
,S111F,111,S,F,0.000646105,0.708030437,-5.010722709,-3.439285436
,S111G,111,S,G,0.003251368,0.708030437,-4.110921668,-1.826830752
,S111H,111,S,H,0.001293302,0.708030437,-4.496311869,-2.747719271
,S111I,111,S,I,0.001388273,0.708030437,-4.539416129,-2.676994342
,S111K,111,S,K,0.091381036,0.708030437,-0.482710064,1.509047254
,S111L,111,S,L,0.003284022,0.708030437,-4.142120349,-1.816841967
,S111M,111,S,M,0.00036016,0.708030437,-6.027134,-4.01887539
,S111N,111,S,N,0.0041063,0.708030437,-3.279271642,-1.593466414
,S111P,111,S,P,0.80383915,0.708030437,-0.061483576,3.683446111
,S111Q,111,S,Q,0.005958888,0.708030437,-1.402577112,-1.22117291
,S111R,111,S,R,0.009973536,0.708030437,-2.081418546,-0.706143938
,S111T,111,S,T,0.0041737,0.708030437,-3.430342857,-1.577190403
,S111V,111,S,V,0.005589542,0.708030437,-3.080564974,-1.285151933
,S111W,111,S,W,0,0.708030437,-8.149837502,-7.835378952
,S111Y,111,S,Y,0.000946135,0.708030437,-6.036725198,-3.059480977
,N112A,112,N,A,0.002753555,0.514548472,-7.273318867,-4.585868498
,N112C,112,N,C,0.000196463,0.514548472,-9.840707252,-7.209786393
,N112D,112,N,D,0.0750847,0.514548472,-3.602345565,-1.28012062
,N112E,112,N,E,0.024016412,0.514548472,-4.456445084,-2.420067059
,N112F,112,N,F,0.000654875,0.514548472,-8.647301583,-6.019479304
,N112G,112,N,G,0.5013513,0.514548472,-4.327287876,0.618616303
,N112H,112,N,H,0.014908229,0.514548472,-6.193653697,-2.896927339
,N112I,112,N,I,0,0.514548472,-11.55933217,-10.49139706
,N112K,112,N,K,0.06524383,0.514548472,-3.699941812,-1.420612265
,N112L,112,N,L,0.001582615,0.514548472,-7.416501641,-5.139287473
,N112M,112,N,M,0.001392233,0.514548472,-8.748321356,-5.267294075
,N112P,112,N,P,0.000130975,0.514548472,-10.22802894,-7.603426753
,N112Q,112,N,Q,0.014732231,0.514548472,-5.801876681,-2.90880388
,N112R,112,N,R,0.017823307,0.514548472,-7.331792958,-2.71832
,N112S,112,N,S,0.007845135,0.514548472,-5.363550408,-3.538987615
,N112T,112,N,T,0.000458413,0.514548472,-9.246986315,-6.374072378
,N112V,112,N,V,0,0.514548472,-11.55933217,-10.49139659
,N112W,112,N,W,0,0.514548472,-11.55933217,-10.49139682
,N112Y,112,N,Y,0.0017507,0.514548472,-8.002091271,-5.038455747
,R113A,113,R,A,0.001071946,0.968214377,-10.2685056,-6.827172743
,R113C,113,R,C,0.002353028,0.968214377,-9.305269355,-6.040734634
,R113D,113,R,D,0,0.968214377,-13.02529235,-12.07991619
,R113E,113,R,E,0.000163731,0.968214377,-11.37970385,-8.697843419
,R113F,113,R,F,0.000163731,0.968214377,-11.2236458,-8.697843475
,R113G,113,R,G,0.000203754,0.968214377,-11.07518738,-8.481933982
,R113H,113,R,H,0.000138262,0.968214377,-11.43005049,-8.864048687
,R113I,113,R,I,0.00036103,0.968214377,-10.99798578,-7.913845692
,R113K,113,R,K,0.001104276,0.968214377,-10.24794212,-6.797458883
,R113L,113,R,L,0.000392955,0.968214377,-10.7940633,-7.829424843
,R113M,113,R,M,7.20E-05,0.968214377,-12.2150018,-9.495635681
,R113N,113,R,N,0.000146539,0.968214377,-11.68048071,-8.806972815
,R113P,113,R,P,0,0.968214377,-13.02529235,-12.07991619
,R113Q,113,R,Q,0.000130985,0.968214377,-11.49685949,-8.917037616
,R113S,113,R,S,0.000992052,0.968214377,-10.27187911,-6.90462257
,R113T,113,R,T,0.001487524,0.968214377,-9.874678475,-6.499491365
,R113V,113,R,V,0.001976295,0.968214377,-9.988323928,-6.215285254
,R113W,113,R,W,0.000294716,0.968214377,-11.01849634,-8.115804089
,R113Y,113,R,Y,0.001159431,0.968214377,-10.53279416,-6.748718298
,I114A,114,I,A,0.017336987,0.215769055,-6.802516556,-1.292081277
,I114C,114,I,C,0.001658924,0.215769055,-8.520749005,-3.636804901
,I114D,114,I,D,0.025344051,0.215769055,-6.187961563,-0.912402411
,I114E,114,I,E,0.060999393,0.215769055,-7.090733318,-0.034094173
,I114F,114,I,F,0.012312707,0.215769055,-4.847045556,-1.634250952
,I114G,114,I,G,0.000894946,0.215769055,-8.977672477,-4.251400234
,I114H,114,I,H,0.03351564,0.215769055,-4.950543947,-0.632942185
,I114K,114,I,K,0.07339137,0.215769055,-4.31354148,0.150849016
,I114L,114,I,L,0.12023156,0.215769055,-4.241112899,0.644465891
,I114M,114,I,M,0.007953597,0.215769055,-6.205834614,-2.071158334
,I114N,114,I,N,0.006980473,0.215769055,-7.46228641,-2.201620423
,I114P,114,I,P,0.03187299,0.215769055,-7.181256026,-0.683194356
,I114Q,114,I,Q,0.04072487,0.215769055,-7.323673533,-0.438118088
,I114R,114,I,R,0.2180055,0.215769055,-6.888999719,1.239571789
,I114S,114,I,S,0.009002845,0.215769055,-8.564938995,-1.947277712
,I114T,114,I,T,0.22115107,0.215769055,-4.119483019,1.253897683
,I114V,114,I,V,0.046430193,0.215769055,-3.770977697,-0.307007965
,I114W,114,I,W,0.000927688,0.215769055,-7.880313522,-4.215677753
,I114Y,114,I,Y,0.008150243,0.215769055,-6.042496759,-2.046742451
,N115A,115,N,A,0.000622053,0.717437453,-9.403266206,-7.131936856
,N115C,115,N,C,0.002316447,0.717437453,-7.089366345,-5.819320937
,N115D,115,N,D,0,0.717437453,-12.6117659,-11.61177859
,N115E,115,N,E,0.000130958,0.717437453,-11.08839109,-8.667794825
,N115F,115,N,F,0.001448442,0.717437453,-9.585814424,-6.28857723
,N115G,115,N,G,0.000327396,0.717437453,-10.53594311,-7.76952454
,N115H,115,N,H,0.09688217,0.717437453,-7.0017107,-2.085690626
,N115I,115,N,I,0.004347431,0.717437453,-7.83841013,-5.189854725
,N115K,115,N,K,0.000425615,0.717437453,-9.960496267,-7.509382311
,N115L,115,N,L,0.001244105,0.717437453,-9.42500122,-6.44047857
,N115M,115,N,M,0.005319948,0.717437453,-8.982816656,-4.987969426
,N115P,115,N,P,0.000458355,0.717437453,-9.826254093,-7.435766846
,N115Q,115,N,Q,0.000261917,0.717437453,-10.7314794,-7.990033147
,N115R,115,N,R,0.000261917,0.717437453,-10.40775836,-7.990033171
,N115S,115,N,S,0.042274896,0.717437453,-6.485382446,-2.915039156
,N115T,115,N,T,0.06082079,0.717437453,-7.211203399,-2.551277596
,N115V,115,N,V,0.001863872,0.717437453,-7.785227897,-6.036601327
,N115W,115,N,W,6.55E-05,0.717437453,-11.84446732,-9.32485441
,N115Y,115,N,Y,0.001047668,0.717437453,-10.17040188,-6.612070387
,V116A,116,V,A,0.004232057,0.653180619,-4.092974456,-3.909560481
,V116C,116,V,C,0.002956383,0.653180619,-4.377123095,-4.268327606
,V116D,116,V,D,0,0.653180619,-9.249925729,-10.39059879
,V116E,116,V,E,0.000130958,0.653180619,-7.477180722,-7.365592509
,V116F,116,V,F,0.011398277,0.653180619,-3.009887893,-2.918602103
,V116G,116,V,G,0.000120045,0.653180619,-7.728873326,-7.449985961
,V116H,116,V,H,0.000857777,0.653180619,-6.385124082,-5.505089178
,V116I,116,V,I,0.6609491,0.653180619,-0.092819539,1.141889397
,V116K,116,V,K,0,0.653180619,-9.249925729,-10.39060409
,V116L,116,V,L,0.08164962,0.653180619,-3.801433853,-0.949409331
,V116M,116,V,M,0.007522256,0.653180619,-3.539842468,-3.334275267
,V116N,116,V,N,6.55E-05,0.653180619,-8.406741254,-8.027375005
,V116P,116,V,P,0,0.653180619,-9.249925729,-10.39061128
,V116Q,116,V,Q,0,0.653180619,-9.249925729,-10.39061466
,V116R,116,V,R,0.001069493,0.653180619,-5.870537278,-5.28478224
,V116S,116,V,S,0.000130958,0.653180619,-7.767880242,-7.365592758
,V116T,116,V,T,0.000780605,0.653180619,-5.803803435,-5.599196148
,V116W,116,V,W,0.006969141,0.653180619,-5.789019742,-3.410664141
,V116Y,116,V,Y,0.010178369,0.653180619,-2.64689522,-3.031819742
,I117A,117,I,A,0.001948333,0.822331527,-7.626684746,-4.543961777
,I117C,117,I,C,0.000261919,0.822331527,-8.822666107,-6.556003804
,I117D,117,I,D,0,0.822331527,-11.01854872,-10.83849981
,I117E,117,I,E,0,0.822331527,-11.01854872,-10.83849384
,I117F,117,I,F,0,0.822331527,-11.01854872,-10.83850087
,I117G,117,I,G,1.64E-05,0.822331527,-10.77364319,-9.233889033
,I117H,117,I,H,0,0.822331527,-11.01854872,-10.83850256
,I117K,117,I,K,0,0.822331527,-11.01854872,-10.83850529
,I117L,117,I,L,0.00484224,0.822331527,-5.294432612,-3.632375361
,I117M,117,I,M,0.001151353,0.822331527,-6.939597438,-5.071055302
,I117N,117,I,N,0,0.822331527,-11.01854872,-10.8385053
,I117P,117,I,P,0,0.822331527,-11.01854872,-10.8385088
,I117Q,117,I,Q,0,0.822331527,-11.01854872,-10.83850529
,I117R,117,I,R,6.55E-05,0.822331527,-9.974716307,-7.937770818
,I117S,117,I,S,0,0.822331527,-11.01854872,-10.83850599
,I117T,117,I,T,0.00013096,0.822331527,-9.458874548,-7.249928949
,I117V,117,I,V,0.808745,0.822331527,-0.931327071,1.486923912
,I117W,117,I,W,0,0.822331527,-11.01854872,-10.83850707
,I117Y,117,I,Y,0,0.822331527,-11.01854872,-10.8385049
,L118A,118,L,A,0.002184622,0.599841683,-9.239400449,-5.207456151
,L118C,118,L,C,0.000780246,0.599841683,-9.835164873,-6.237959511
,L118D,118,L,D,0,0.599841683,-13.18094704,-11.32554724
,L118E,118,L,E,0,0.599841683,-13.18094704,-11.32554035
,L118F,118,L,F,0.001517933,0.599841683,-8.120992965,-5.571880102
,L118G,118,L,G,0,0.599841683,-13.18094704,-11.32555189
,L118H,118,L,H,0,0.599841683,-13.18094704,-11.32555074
,L118I,118,L,I,0.3054659,0.599841683,-5.742166509,-0.265623246
,L118K,118,L,K,0,0.599841683,-13.18094704,-11.32553755
,L118M,118,L,M,0.020882817,0.599841683,-6.090683853,-2.948798365
,L118N,118,L,N,3.27E-05,0.599841683,-12.66969095,-9.341255169
,L118P,118,L,P,0,0.599841683,-13.18094704,-11.32554481
,L118Q,118,L,Q,0,0.599841683,-13.18094704,-11.32554252
,L118R,118,L,R,0,0.599841683,-13.18094704,-11.32558807
,L118S,118,L,S,6.55E-05,0.599841683,-12.2000123,-8.692804209
,L118T,118,L,T,0.000611224,0.599841683,-9.642822864,-6.482240699
,L118V,118,L,V,0.2699287,0.599841683,-7.289121311,-0.389307163
,L118W,118,L,W,6.55E-05,0.599841683,-12.33330894,-8.692801708
,L118Y,118,L,Y,6.55E-05,0.599841683,-12.48941274,-8.692803816
,S119A,119,S,A,0.00172062,0.761833447,-8.144880717,-5.37754699
,S119C,119,S,C,0.000938752,0.761833447,-8.74751396,-5.98369195
,S119D,119,S,D,0.000785932,0.761833447,-9.759749009,-6.161383233
,S119E,119,S,E,0,0.761833447,-12.23020935,-11.15956978
,S119F,119,S,F,0.000130989,0.761833447,-10.79312369,-7.943305045
,S119G,119,S,G,0.000534013,0.761833447,-9.814586834,-6.547635939
,S119H,119,S,H,0.000130989,0.761833447,-10.91979322,-7.943305023
,S119I,119,S,I,6.99E-05,0.761833447,-11.31091741,-8.553554026
,S119K,119,S,K,0,0.761833447,-12.23020935,-11.15957255
,S119L,119,S,L,6.55E-05,0.761833447,-11.42302822,-8.615143417
,S119M,119,S,M,0.000130989,0.761833447,-10.99270816,-7.943305058
,S119N,119,S,N,0.00123757,0.761833447,-8.564531387,-5.70724934
,S119P,119,S,P,6.55E-05,0.761833447,-11.32953092,-8.615143167
,S119Q,119,S,Q,0,0.761833447,-12.23020935,-11.15956643
,S119R,119,S,R,0.000133571,0.761833447,-10.58316171,-7.924125472
,S119T,119,S,T,0.6210477,0.761833447,-4.020194385,0.512483441
,S119V,119,S,V,6.55E-05,0.761833447,-11.35565704,-8.615143539
,S119W,119,S,W,0.000371135,0.761833447,-10.20833235,-6.910819287
,S119Y,119,S,Y,0.000556702,0.761833447,-9.583461246,-6.506067201
,R120A,120,R,A,0.006671275,0.611976878,-3.486471118,-4.688628734
,R120C,120,R,C,0.00046835,0.611976878,-5.882372611,-7.338702704
,R120D,120,R,D,0.007830473,0.611976878,-5.416228933,-4.528431129
,R120E,120,R,E,0.002267542,0.611976878,-3.826393537,-5.767283546
,R120F,120,R,F,0.002226818,0.611976878,-5.543507186,-5.785388891
,R120G,120,R,G,0.015695784,0.611976878,-2.913226657,-3.83307053
,R120H,120,R,H,0.03406969,0.611976878,-2.384811049,-3.058026541
,R120I,120,R,I,0.000622199,0.611976878,-6.452182648,-7.05677634
,R120K,120,R,K,0.041499704,0.611976878,0.32672381,-2.860740457
,R120L,120,R,L,0.004797483,0.611976878,-4.426307341,-5.018291034
,R120M,120,R,M,0.000556705,0.611976878,-6.064625592,-7.167264999
,R120N,120,R,N,0.01625041,0.611976878,-1.689338741,-3.798343739
,R120P,120,R,P,0.002095829,0.611976878,-5.270445447,-5.84595116
,R120Q,120,R,Q,0.011787741,0.611976878,-4.931873829,-4.119406342
,R120S,120,R,S,0.08768452,0.611976878,-0.111133953,-2.112655053
,R120T,120,R,T,0.039369427,0.611976878,-0.518804214,-2.913439309
,R120V,120,R,V,0,0.611976878,-8.721013822,-11.38840917
,R120W,120,R,W,0.000196484,0.611976878,-7.149957298,-8.193234608
,R120Y,120,R,Y,0.000769562,0.611976878,-5.802308939,-6.845352386
,T121A,121,T,A,0.011826691,0.343904459,-5.694908583,-1.676281816
,T121C,121,T,C,0.000442588,0.343904459,-8.204093053,-4.95341621
,T121D,121,T,D,0.26114193,0.343904459,-5.133758727,1.418456829
,T121E,121,T,E,0.012304132,0.343904459,-4.872871805,-1.636707837
,T121F,121,T,F,0.000726723,0.343904459,-7.933179666,-4.461625386
,T121G,121,T,G,0.01634222,0.343904459,-4.945683078,-1.352900475
,T121H,121,T,H,0.010798833,0.343904459,-7.189088031,-1.767196517
,T121I,121,T,I,0.00285384,0.343904459,-7.309491835,-3.097484899
,T121K,121,T,K,0.036498733,0.343904459,-4.782065712,-0.549368916
,T121L,121,T,L,0.001199262,0.343904459,-7.268840432,-3.962894846
,T121M,121,T,M,0.000746231,0.343904459,-7.625644865,-4.435289972
,T121N,121,T,N,0.23873925,0.343904459,-3.225988537,1.32876357
,T121P,121,T,P,0.00026198,0.343904459,-9.019664146,-5.469570617
,T121Q,121,T,Q,0.19250372,0.343904459,-4.156738649,1.113503983
,T121R,121,T,R,0.045863647,0.343904459,-6.845139959,-0.320968515
,T121S,121,T,S,0.10068764,0.343904459,-2.432782907,0.465399776
,T121V,121,T,V,0.002711993,0.343904459,-6.962426956,-3.14841876
,T121W,121,T,W,0.00013099,0.343904459,-9.845774008,-6.14001557
,T121Y,121,T,Y,0.0009988,0.343904459,-7.989923934,-4.145164766
,L122A,122,L,A,0.11580467,0.150775577,-5.802317753,0.665586258
,L122C,122,L,C,0.001760449,0.150775577,-6.643024456,-3.518696821
,L122D,122,L,D,0.03448036,0.150775577,-5.428236748,-0.545921299
,L122E,122,L,E,0.06494319,0.150775577,-4.654513477,0.087193061
,L122F,122,L,F,0.007045942,0.150775577,-4.722962265,-2.133598592
,L122G,122,L,G,0.041493636,0.150775577,-5.863303325,-0.360775434
,L122H,122,L,H,0.016823292,0.150775577,-6.173559774,-1.26350028
,L122I,122,L,I,0.012102841,0.150775577,-3.427700749,-1.592773893
,L122K,122,L,K,0.12899944,0.150775577,-2.137008187,0.773490003
,L122M,122,L,M,0.021178138,0.150775577,-2.913994469,-1.03331716
,L122N,122,L,N,0.0201393,0.150775577,-3.958001446,-1.083609496
,L122P,122,L,P,0.2182058,0.150775577,-4.399137688,1.299123838
,L122Q,122,L,Q,0.043911774,0.150775577,-5.325674643,-0.304134008
,L122R,122,L,R,0.061469704,0.150775577,-6.040552894,0.032224833
,L122S,122,L,S,0.055461176,0.150775577,-4.888809422,-0.070635788
,L122T,122,L,T,0.067187816,0.150775577,-5.365755847,0.121172065
,L122V,122,L,V,0.0220157,0.150775577,-4.474113904,-0.994533583
,L122W,122,L,W,0.002569502,0.150775577,-6.318669566,-3.141386646
,L122Y,122,L,Y,0.00488686,0.150775577,-5.054492869,-2.499291305
,K123A,123,K,A,0.080289505,0.170577115,-4.870669456,0.694580793
,K123C,123,K,C,0.002629092,0.170577115,-6.537712789,-2.723268339
,K123D,123,K,D,0.24073909,0.170577115,-4.808677788,1.792662063
,K123E,123,K,E,0.08030679,0.170577115,-4.163427376,0.694796058
,K123F,123,K,F,0.015820645,0.170577115,-6.00521686,-0.929683863
,K123G,123,K,G,0.10577864,0.170577115,-5.747812623,0.970291578
,K123H,123,K,H,0.022472646,0.170577115,-6.145097276,-0.578733037
,K123I,123,K,I,0.017565042,0.170577115,-6.010778376,-0.82510073
,K123L,123,K,L,0.028483994,0.170577115,-6.166058986,-0.341702051
,K123M,123,K,M,0.00443872,0.170577115,-6.089126832,-2.200156589
,K123N,123,K,N,0.11269333,0.170577115,-2.723451958,1.033613547
,K123P,123,K,P,0.019979676,0.170577115,-3.90183831,-0.696307637
,K123Q,123,K,Q,0.032581996,0.170577115,-4.88930318,-0.207289286
,K123R,123,K,R,0.026046198,0.170577115,-4.432668374,-0.431168535
,K123S,123,K,S,0.101696745,0.170577115,-3.217697418,0.930938045
,K123T,123,K,T,0.046574675,0.170577115,-2.577819523,0.150000621
,K123V,123,K,V,0.013776412,0.170577115,-3.993241419,-1.068022681
,K123W,123,K,W,0.001284598,0.170577115,-7.602311772,-3.43755076
,K123Y,123,K,Y,0.006755129,0.170577115,-6.768521567,-1.780479216
,K124A,124,K,A,0.034414407,0.232596766,-5.475432167,0.619668874
,K124C,124,K,C,0.002864369,0.232596766,-6.734346638,-1.865478791
,K124D,124,K,D,0.034090787,0.232596766,-5.280413184,0.610220999
,K124E,124,K,E,0.045747325,0.232596766,-2.981022748,0.904322266
,K124F,124,K,F,0.1855104,0.232596766,-5.077574502,2.304304187
,K124G,124,K,G,0.010687594,0.232596766,-6.030125268,-0.549610991
,K124H,124,K,H,0.005677612,0.232596766,-5.226449431,-1.181932026
,K124I,124,K,I,0.015490106,0.232596766,-5.058226742,-0.178554743
,K124L,124,K,L,0.08864132,0.232596766,-4.821331804,1.565786445
,K124M,124,K,M,0.003076097,0.232596766,-6.684282059,-1.794262109
,K124N,124,K,N,0.014205787,0.232596766,-5.289392119,-0.265095596
,K124P,124,K,P,0.01987511,0.232596766,-3.678973698,0.070687535
,K124Q,124,K,Q,0.013686318,0.232596766,-3.700458845,-0.302343025
,K124R,124,K,R,0.012210881,0.232596766,-5.694302897,-0.416393642
,K124S,124,K,S,0.031012787,0.232596766,-4.104177386,0.515596014
,K124T,124,K,T,0.019187044,0.232596766,-6.010750832,0.035457485
,K124V,124,K,V,0.020431988,0.232596766,-5.980118558,0.098319006
,K124W,124,K,W,0.14242424,0.232596766,-9.366203532,2.040001509
,K124Y,124,K,Y,0.28224725,0.232596766,-4.91223301,2.723979734
,E125A,125,E,A,0.10415544,0.088669703,-5.479213021,0.289353173
,E125C,125,E,C,0.006672274,0.088669703,-7.898215346,-2.458242835
,E125D,125,E,D,0.048682988,0.088669703,-3.440090705,-0.471197655
,E125F,125,E,F,0.024746355,0.088669703,-6.010467012,-1.147823501
,E125G,125,E,G,0.015375411,0.088669703,-6.97264392,-1.62368241
,E125H,125,E,H,0.041418515,0.088669703,-4.509491056,-0.632796021
,E125I,125,E,I,0.036420975,0.088669703,-4.437499779,-0.761375559
,E125K,125,E,K,0.09238646,0.088669703,-5.240874625,0.169449048
,E125L,125,E,L,0.046457935,0.088669703,-4.538114104,-0.517979197
,E125M,125,E,M,0.00541834,0.088669703,-5.780111914,-2.666291345
,E125N,125,E,N,0.03455841,0.088669703,-4.849668385,-0.813867625
,E125P,125,E,P,0.038291764,0.088669703,-6.015147524,-0.711287115
,E125Q,125,E,Q,0.115905546,0.088669703,-4.45130604,0.396244598
,E125R,125,E,R,0.07565885,0.088669703,-4.245891988,-0.030296756
,E125S,125,E,S,0.102176465,0.088669703,-3.340806894,0.270170075
,E125T,125,E,T,0.06674593,0.088669703,-4.713380712,-0.155637332
,E125V,125,E,V,0.055631965,0.088669703,-5.261795595,-0.337771172
,E125W,125,E,W,0.001465147,0.088669703,-7.444914413,-3.971785767
,E125Y,125,E,Y,0.009845076,0.088669703,-5.544334529,-2.069384825
,D126A,126,D,A,0.33210084,0.204592929,-4.691398288,2.011003142
,D126C,126,D,C,0.007845184,0.204592929,-6.814792817,-1.734320588
,D126E,126,D,E,0.051853757,0.204592929,-3.045918659,0.153985164
,D126F,126,D,F,0.03819586,0.204592929,-6.912433978,-0.151710581
,D126G,126,D,G,0.02037247,0.204592929,-4.039224869,-0.780223381
,D126H,126,D,H,0.028705811,0.204592929,-5.416183164,-0.437329095
,D126I,126,D,I,0.04736389,0.204592929,-5.504360852,0.063418784
,D126K,126,D,K,0.026196146,0.204592929,-2.276461741,-0.528812082
,D126L,126,D,L,0.049782477,0.204592929,-4.712618262,0.113221207
,D126M,126,D,M,0.004653408,0.204592929,-6.119355098,-2.256332958
,D126N,126,D,N,0.014580939,0.204592929,-3.585578259,-1.114655713
,D126P,126,D,P,0.13858598,0.204592929,-4.534184363,1.137049854
,D126Q,126,D,Q,0.021414656,0.204592929,-3.847821285,-0.730336256
,D126R,126,D,R,0.017999638,0.204592929,-6.523926736,-0.904044918
,D126S,126,D,S,0.0326111,0.204592929,-4.852529496,-0.309780767
,D126T,126,D,T,0.019034503,0.204592929,-4.621311669,-0.848148704
,D126V,126,D,V,0.085570835,0.204592929,-5.028286871,0.654901166
,D126W,126,D,W,0.001328851,0.204592929,-7.727608408,-3.507157069
,D126Y,126,D,Y,0.017350286,0.204592929,-5.182064857,-0.940783695
,E129A,129,E,A,0.07821934,0.320424251,-3.562039031,-1.509090522
,E129C,129,E,C,0.001211454,0.320424251,-5.4765925,-5.674235199
,E129D,129,E,D,0.17165917,0.320424251,-1.349753228,-0.723085807
,E129F,129,E,F,0.003491782,0.320424251,-4.271392182,-4.617685363
,E129G,129,E,G,0.027754871,0.320424251,-2.839970995,-2.545202914
,E129H,129,E,H,0.010267944,0.320424251,-2.975074684,-3.539524474
,E129I,129,E,I,0.003314127,0.320424251,-4.874338017,-4.669856878
,E129K,129,E,K,0.050893646,0.320424251,-0.850880001,-1.938874759
,E129L,129,E,L,0.00484209,0.320424251,-5.227305346,-4.290972965
,E129M,129,E,M,0.000603304,0.320424251,-6.43681255,-6.367360258
,E129N,129,E,N,0.02546903,0.320424251,-1.227141372,-2.631150043
,E129P,129,E,P,0.1613697,0.320424251,-1.973021342,-0.784899545
,E129Q,129,E,Q,0.026417742,0.320424251,-0.74628615,-2.594577913
,E129R,129,E,R,0.010685627,0.320424251,-2.583669392,-3.499657572
,E129S,129,E,S,0.038545355,0.320424251,-1.952283549,-2.216779336
,E129T,129,E,T,0.022643201,0.320424251,-4.117060158,-2.74875133
,E129V,129,E,V,0.006620484,0.320424251,-3.696475923,-3.97828198
,E129W,129,E,W,0.000236233,0.320424251,-6.904682932,-7.289848944
,E129Y,129,E,Y,0.002005359,0.320424251,-3.825357323,-5.171557945
,D130A,130,D,A,0.02015402,0.559917105,-4.779923343,-1.446592493
,D130C,130,D,C,0.001469208,0.559917105,-6.206368911,-4.063749958
,D130E,130,D,E,0.036839932,0.559917105,-3.072888823,-0.843406496
,D130F,130,D,F,0.001169321,0.559917105,-5.505663388,-4.291421994
,D130G,130,D,G,0.6833908,0.559917105,-1.628138666,2.077125616
,D130H,130,D,H,0.007983068,0.559917105,-2.83993704,-2.372618563
,D130I,130,D,I,0.001270644,0.559917105,-4.584173594,-4.208572841
,D130K,130,D,K,0.013398649,0.559917105,-2.398732158,-1.854834542
,D130L,130,D,L,0.002878757,0.559917105,-4.727257917,-3.392134444
,D130M,130,D,M,0.001592504,0.559917105,-5.147658866,-3.983344895
,D130N,130,D,N,0.07441243,0.559917105,-0.959334745,-0.14034988
,D130P,130,D,P,0.007905472,0.559917105,-4.315978499,-2.382384567
,D130Q,130,D,Q,0.013526562,0.559917105,-3.8662924,-1.845333549
,D130R,130,D,R,0.015365571,0.559917105,-2.908773548,-1.717863632
,D130S,130,D,S,0.021836447,0.559917105,-3.34711972,-1.366415726
,D130T,130,D,T,0.006860373,0.559917105,-3.588618501,-2.524152008
,D130V,130,D,V,0.003197916,0.559917105,-3.869032862,-3.287080791
,D130W,130,D,W,0.000133637,0.559917105,-7.594868833,-6.424128388
,D130Y,130,D,Y,0.000990332,0.559917105,-5.308958726,-4.456965338
,V131A,131,V,A,0.29749054,0.403033084,-2.910531445,-0.079173759
,V131C,131,V,C,0.18793468,0.403033084,-1.408103462,-0.538467455
,V131D,131,V,D,0.004490865,0.403033084,-4.361349932,-4.272289725
,V131E,131,V,E,0.001875408,0.403033084,-4.700465594,-5.14461326
,V131F,131,V,F,0.009371512,0.403033084,-1.351734079,-3.536870518
,V131G,131,V,G,0.013068339,0.403033084,-3.191043229,-3.204384659
,V131H,131,V,H,0.014985939,0.403033084,-3.38038181,-3.067472088
,V131I,131,V,I,0.05774597,0.403033084,-0.685260504,-1.71852915
,V131K,131,V,K,0.000770276,0.403033084,-5.114028674,-6.03136435
,V131L,131,V,L,0.024244243,0.403033084,-2.630080187,-2.586414534
,V131M,131,V,M,0.010412413,0.403033084,-5.12123402,-3.431559096
,V131N,131,V,N,0.001791694,0.403033084,-3.62735635,-5.190193126
,V131P,131,V,P,0.007950068,0.403033084,-4.095990709,-3.701338128
,V131Q,131,V,Q,0.002692446,0.403033084,-4.619848424,-4.783498897
,V131R,131,V,R,0.000751489,0.403033084,-5.175755627,-6.05591002
,V131S,131,V,S,0.00858858,0.403033084,-2.999858317,-3.624098497
,V131T,131,V,T,0.028861225,0.403033084,-2.006524793,-2.412094237
,V131W,131,V,W,0.000132616,0.403033084,-7.22894423,-7.754314987
,V131Y,131,V,Y,0.004840474,0.403033084,-3.004363341,-4.197357424
,Y132A,132,Y,A,0.020048996,0.186198812,-5.350279894,-0.287119957
,Y132C,132,Y,C,0.002695363,0.186198812,-5.581286914,-2.292728762
,Y132D,132,Y,D,0.037596095,0.186198812,-6.814662475,0.341574622
,Y132E,132,Y,E,0.23648481,0.186198812,-5.395721168,2.180562204
,Y132F,132,Y,F,0.027105534,0.186198812,-2.003454623,0.014421726
,Y132G,132,Y,G,0.001809042,0.186198812,-5.554533101,-2.690663821
,Y132H,132,Y,H,0.037961863,0.186198812,-3.772207197,0.3512563
,Y132I,132,Y,I,0.12851205,0.186198812,-2.276197176,1.57069637
,Y132K,132,Y,K,0.03781251,0.186198812,-5.156035748,0.347314285
,Y132L,132,Y,L,0.10362779,0.186198812,-3.12323931,1.355477775
,Y132M,132,Y,M,0.00958466,0.186198812,-3.728812819,-1.025023559
,Y132N,132,Y,N,0.004803896,0.186198812,-6.043359421,-1.715451129
,Y132P,132,Y,P,0.002656959,0.186198812,-6.063943362,-2.307057131
,Y132Q,132,Y,Q,0.037257265,0.186198812,-5.494380924,0.332521558
,Y132R,132,Y,R,0.038412552,0.186198812,-6.541314079,0.36305834
,Y132S,132,Y,S,0.02222948,0.186198812,-4.507383868,-0.183886778
,Y132T,132,Y,T,0.10611582,0.186198812,-4.440009302,1.379203473
,Y132V,132,Y,V,0.114575334,0.186198812,-4.052743282,1.455905401
,Y132W,132,Y,W,0.003992565,0.186198812,-6.50797828,-1.900296457
,I133A,133,I,A,0.04188659,0.401437055,-6.974394321,-1.031985706
,I133C,133,I,C,0.014803422,0.401437055,-6.959123597,-2.07206513
,I133D,133,I,D,0.000196759,0.401437055,-9.291341469,-6.365036189
,I133E,133,I,E,0.004005135,0.401437055,-5.949366105,-3.378937957
,I133F,133,I,F,0.013042065,0.401437055,-2.941892037,-2.198731784
,I133G,133,I,G,0.00406846,0.401437055,-6.117077433,-3.363262022
,I133H,133,I,H,0.008598193,0.401437055,-5.531770076,-2.615293837
,I133K,133,I,K,0.007315884,0.401437055,-4.744770313,-2.776756634
,I133L,133,I,L,0.06876027,0.401437055,-1.415948288,-0.536321123
,I133M,133,I,M,0.013891566,0.401437055,-6.300919063,-2.135636084
,I133N,133,I,N,0.0019552,0.401437055,-6.338165721,-4.095123027
,I133P,133,I,P,0.010178625,0.401437055,-8.250290709,-2.446588592
,I133Q,133,I,Q,0.004515993,0.401437055,-5.375237264,-3.258970428
,I133R,133,I,R,0.040575773,0.401437055,-9.082284992,-1.063780397
,I133S,133,I,S,0.0130445,0.401437055,-5.065848864,-2.198545161
,I133T,133,I,T,0.08465559,0.401437055,-4.702128305,-0.328353497
,I133V,133,I,V,0.5264314,0.401437055,-2.781471269,1.499195476
,I133W,133,I,W,0.016585963,0.401437055,-4.179864748,-1.958374972
,I133Y,133,I,Y,0.007929645,0.401437055,-4.505295624,-2.696218289
,I134A,134,I,A,0.2748132,0.377127057,-2.49489382,1.848097777
,I134C,134,I,C,0.06377557,0.377127057,-3.146298658,0.387354069
,I134D,134,I,D,0.000278844,0.377127057,-7.624428592,-5.028497605
,I134E,134,I,E,0.004542534,0.377127057,-4.313045314,-2.254266332
,I134F,134,I,F,0.10141337,0.377127057,-2.487446068,0.851196949
,I134G,134,I,G,0.001192092,0.377127057,-5.472467885,-3.589939815
,I134H,134,I,H,0.007331959,0.377127057,-4.975426136,-1.775680268
,I134K,134,I,K,0.004240382,0.377127057,-4.764339384,-2.323060676
,I134L,134,I,L,0.032791972,0.377127057,-3.620849564,-0.277841827
,I134M,134,I,M,0.012414375,0.377127057,-3.92451066,-1.249146004
,I134N,134,I,N,0.00178158,0.377127057,-5.391540102,-3.189212846
,I134P,134,I,P,0.000262319,0.377127057,-7.601119118,-5.088260375
,I134Q,134,I,Q,0.00337859,0.377127057,-5.457434313,-2.550100234
,I134R,134,I,R,0.005643075,0.377127057,-5.168664377,-2.037416717
,I134S,134,I,S,0.01488338,0.377127057,-3.298016675,-1.067768061
,I134T,134,I,T,0.025878564,0.377127057,-4.948103402,-0.514611313
,I134V,134,I,V,0.3686517,0.377127057,-2.526299062,2.141861407
,I134W,134,I,W,0.001559702,0.377127057,-6.86599092,-3.321927541
,I134Y,134,I,Y,0.03187245,0.377127057,-3.853877765,-0.306283723
,N135A,135,N,A,0.074229255,0.214406593,-4.632364685,-0.353507791
,N135C,135,N,C,0.003957995,0.214406593,-6.033647625,-3.284395609
,N135D,135,N,D,0.04732524,0.214406593,-4.751134065,-0.803623929
,N135E,135,N,E,0.017065076,0.214406593,-3.868484385,-1.823601672
,N135F,135,N,F,0.004401106,0.214406593,-6.92906109,-3.178360185
,N135G,135,N,G,0.07696886,0.214406593,-5.123198438,-0.31726491
,N135H,135,N,H,0.27993,0.214406593,-3.280668349,0.973885281
,N135I,135,N,I,0.001603871,0.214406593,-6.213302219,-4.186232548
,N135K,135,N,K,0.028980767,0.214406593,-1.00385018,-1.294029628
,N135L,135,N,L,0.007129712,0.214406593,-6.623241859,-2.696196492
,N135M,135,N,M,0.001994541,0.214406593,-6.075069141,-3.968770489
,N135P,135,N,P,0.06150953,0.214406593,-5.264160582,-0.541475086
,N135Q,135,N,Q,0.017342415,0.214406593,-5.010198091,-1.807481808
,N135R,135,N,R,0.06704976,0.214406593,-3.178765872,-0.455231807
,N135S,135,N,S,0.11598051,0.214406593,-2.787332875,0.092759864
,N135T,135,N,T,0.06714138,0.214406593,-4.356390221,-0.453866287
,N135V,135,N,V,0.003657144,0.214406593,-6.585257927,-3.363380623
,N135W,135,N,W,0.000345361,0.214406593,-8.758933587,-5.708896836
,N135Y,135,N,Y,0.017681314,0.214406593,-7.076042574,-1.788130192
,K136A,136,K,A,0.007793571,0.614224901,-3.415699048,0.954395702
,K136C,136,K,C,0.002803229,0.614224901,-2.147354395,-0.067913465
,K136D,136,K,D,0.11969945,0.614224901,-2.541718393,3.686187101
,K136E,136,K,E,0.006850536,0.614224901,-2.740345312,0.825428124
,K136F,136,K,F,0.000295037,0.614224901,-5.983074188,-2.308837622
,K136G,136,K,G,0.025071936,0.614224901,-4.245525481,2.122885213
,K136H,136,K,H,0.004293334,0.614224901,-3.698083094,0.35822315
,K136I,136,K,I,0.000491728,0.614224901,-5.167285149,-1.803565959
,K136L,136,K,L,0.000380214,0.614224901,-5.710931124,-2.058419273
,K136M,136,K,M,0.000152982,0.614224901,-6.861539094,-2.950526314
,K136N,136,K,N,0.058581896,0.614224901,-0.190961833,2.97160369
,K136P,136,K,P,0.000504841,0.614224901,-5.726254082,-1.777446219
,K136Q,136,K,Q,0.002843282,0.614224901,-4.505767768,-0.053734068
,K136R,136,K,R,0.002761056,0.614224901,-3.880307485,-0.083064134
,K136S,136,K,S,0.6881645,0.614224901,0.207197047,5.435260173
,K136T,136,K,T,0.07352413,0.614224901,-1.727811654,3.198800726
,K136V,136,K,V,0.000145333,0.614224901,-6.729789039,-3.000053337
,K136W,136,K,W,7.96E-05,0.614224901,-7.363384538,-3.570915404
,K136Y,136,K,Y,0.00256303,0.614224901,-4.866582496,-0.157442768
,V137A,137,V,A,0.011895236,0.453003295,-3.438127784,-2.466087977
,V137C,137,V,C,0.001572777,0.453003295,-6.121475257,-4.488071824
,V137D,137,V,D,0.000640478,0.453003295,-5.70236651,-5.382809939
,V137E,137,V,E,0.003434668,0.453003295,-3.75451277,-3.707971762
,V137F,137,V,F,0.057453398,0.453003295,-2.719372065,-0.891242732
,V137G,137,V,G,0.00046451,0.453003295,-6.778482867,-5.701299538
,V137H,137,V,H,0.000579272,0.453003295,-6.184899106,-5.482512204
,V137I,137,V,I,0.1845286,0.453003295,-0.798480941,0.275612118
,V137K,137,V,K,0.015033973,0.453003295,-2.429507744,-2.231921935
,V137L,137,V,L,0.4873923,0.453003295,-1.759644721,1.246888735
,V137M,137,V,M,0.02528081,0.453003295,-2.50420021,-1.712189334
,V137N,137,V,N,0.000262312,0.453003295,-6.751016068,-6.264131602
,V137P,137,V,P,0.041827485,0.453003295,-2.075349494,-1.208671074
,V137Q,137,V,Q,0.001198198,0.453003295,-5.813884178,-4.759407567
,V137R,137,V,R,0.005129911,0.453003295,-3.151909818,-3.306997527
,V137S,137,V,S,0.001555272,0.453003295,-4.733416877,-4.499240825
,V137T,137,V,T,0.00845283,0.453003295,-3.979528934,-2.807694924
,V137W,137,V,W,0.00882854,0.453003295,-5.180556583,-2.764211721
,V137Y,137,V,Y,0.004391739,0.453003295,-3.104579633,-3.462300382
,E138A,138,E,A,0.08012513,0.352420479,-3.569447552,-1.581700896
,E138C,138,E,C,0.000785734,0.352420479,-6.525675842,-6.201810858
,E138D,138,E,D,0.2428386,0.352420479,-0.744360425,-0.472878977
,E138F,138,E,F,0.002252167,0.352420479,-5.692928355,-5.152373901
,E138G,138,E,G,0.023755826,0.352420479,-4.305345318,-2.79746782
,E138H,138,E,H,0.008323085,0.352420479,-3.534536363,-3.846163735
,E138I,138,E,I,0.003326144,0.352420479,-5.273815876,-4.762926868
,E138K,138,E,K,0.038417898,0.352420479,-1.689960919,-2.316774972
,E138L,138,E,L,0.006912882,0.352420479,-3.718757455,-4.031761894
,E138M,138,E,M,0.001527891,0.352420479,-5.223782145,-5.539576988
,E138N,138,E,N,0.030719286,0.352420479,-2.191899403,-2.540407852
,E138P,138,E,P,0.03720088,0.352420479,-2.895974882,-2.348966147
,E138Q,138,E,Q,0.057406567,0.352420479,-2.099878553,-1.915136168
,E138R,138,E,R,0.012722464,0.352420479,-4.758334635,-3.421892931
,E138S,138,E,S,0.03609238,0.352420479,-1.635009077,-2.379216915
,E138T,138,E,T,0.020507215,0.352420479,-4.117888395,-2.944515107
,E138V,138,E,V,0.005548548,0.352420479,-5.633796793,-4.251532978
,E138W,138,E,W,0.000442782,0.352420479,-7.203954,-6.770147123
,E138Y,138,E,Y,0.001435671,0.352420479,-6.244689781,-5.601661368
,D139A,139,D,A,0.16413659,0.375594356,-3.792570546,0.038273638
,D139C,139,D,C,0.000558092,0.375594356,-7.434861756,-5.638986905
,D139E,139,D,E,0.40987247,0.375594356,-2.157754865,0.953431403
,D139F,139,D,F,0.000613432,0.375594356,-7.371298639,-5.545237658
,D139G,139,D,G,0.016271101,0.375594356,-4.26293158,-2.273054219
,D139H,139,D,H,0.008829867,0.375594356,-3.93786606,-2.884249798
,D139I,139,D,I,0.002103241,0.375594356,-6.233666826,-4.317976323
,D139K,139,D,K,0.034909297,0.375594356,-2.867517218,-1.509697777
,D139L,139,D,L,0.005801454,0.375594356,-4.16693635,-3.304179638
,D139M,139,D,M,0.003151579,0.375594356,-5.402369819,-3.914034961
,D139N,139,D,N,0.01526863,0.375594356,-2.824065833,-2.336641723
,D139P,139,D,P,0.002583583,0.375594356,-5.818051495,-4.112558781
,D139Q,139,D,Q,0.07122286,0.375594356,-4.460052316,-0.796625675
,D139R,139,D,R,0.011814971,0.375594356,-5.392181317,-2.593057843
,D139S,139,D,S,0.06406245,0.375594356,-2.244884624,-0.902583074
,D139T,139,D,T,0.025421785,0.375594356,-4.359418551,-1.826846139
,D139V,139,D,V,0.00397793,0.375594356,-5.555321174,-3.681349902
,D139W,139,D,W,0.000262632,0.375594356,-8.344970923,-6.381688181
,D139Y,139,D,Y,0.001164771,0.375594356,-6.457047283,-4.907507768
,L140A,140,L,A,0.7596552,0.665147947,-3.764827357,2.408086798
,L140C,140,L,C,0.007285634,0.665147947,-3.832643333,-2.239040354
,L140D,140,L,D,0.000261196,0.665147947,-7.946951975,-5.555619418
,L140E,140,L,E,0.000400111,0.665147947,-7.275725458,-5.134540204
,L140F,140,L,F,0.011528747,0.665147947,-5.430534663,-1.78008823
,L140G,140,L,G,0.029748172,0.665147947,-4.547984761,-0.832105628
,L140H,140,L,H,0.000295605,0.665147947,-7.41506762,-5.433747335
,L140I,140,L,I,0.034787927,0.665147947,-3.083187601,-0.675593562
,L140K,140,L,K,0.000229915,0.665147947,-7.518167275,-5.680902902
,L140M,140,L,M,0.004759782,0.665147947,-4.887330463,-2.664719466
,L140N,140,L,N,0.000251811,0.665147947,-7.43396032,-5.59159488
,L140P,140,L,P,0.000394139,0.665147947,-7.044482791,-5.149433368
,L140Q,140,L,Q,6.57E-05,0.665147947,-8.65543462,-6.877233979
,L140R,140,L,R,0.000240863,0.665147947,-7.105075806,-5.635259448
,L140S,140,L,S,0.009426954,0.665147947,-3.915202334,-1.981367368
,L140T,140,L,T,0.004290158,0.665147947,-4.192611706,-2.768582892
,L140V,140,L,V,0.06630731,0.665147947,-2.425011606,-0.030531049
,L140W,140,L,W,0.000656899,0.665147947,-6.753763521,-4.642165465
,L140Y,140,L,Y,0.001051038,0.665147947,-6.675718562,-4.173803918
,I141A,141,I,A,0.00942607,0.480390057,-4.066462058,-3.112535905
,I141C,141,I,C,0.004411901,0.480390057,-3.959365839,-3.871463426
,I141D,141,I,D,0.004476945,0.480390057,-4.387382908,-3.856836329
,I141E,141,I,E,0.006536196,0.480390057,-4.676977521,-3.478578399
,I141F,141,I,F,0.04180963,0.480390057,-1.969111279,-1.622949407
,I141G,141,I,G,0.0011131,0.480390057,-5.349907449,-5.246222614
,I141H,141,I,H,0.002552666,0.480390057,-4.259874875,-4.418158084
,I141K,141,I,K,0.01767301,0.480390057,-3.442353905,-2.484031739
,I141L,141,I,L,0.5462445,0.480390057,-0.533211427,0.947023689
,I141M,141,I,M,0.030499782,0.480390057,-2.601295808,-1.938358769
,I141N,141,I,N,0.002925897,0.480390057,-4.731266294,-4.281850242
,I141P,141,I,P,0.002319102,0.480390057,-4.514514658,-4.513987775
,I141Q,141,I,Q,0.007957184,0.480390057,-4.889595394,-3.281908795
,I141R,141,I,R,0.012714186,0.480390057,-5.763780857,-2.813332419
,I141S,141,I,S,0.003715471,0.480390057,-3.852397899,-4.04315349
,I141T,141,I,T,0.005404558,0.480390057,-3.617774196,-3.668624124
,I141V,141,I,V,0.07224249,0.480390057,-1.748663352,-1.076039707
,I141W,141,I,W,0.003837148,0.480390057,-4.263459689,-4.0109525
,I141Y,141,I,Y,0.012253377,0.480390057,-3.917896987,-2.850245936
,V142A,142,V,A,0.24651675,0.232271624,-0.632810227,2.889058752
,V142C,142,V,C,0.001774471,0.232271624,-3.892426149,-2.043116733
,V142D,142,V,D,0.10061951,0.232271624,-0.914321165,1.992966822
,V142E,142,V,E,0.20724301,0.232271624,0.226840549,2.715519386
,V142F,142,V,F,0.005997366,0.232271624,-1.580563252,-0.826787961
,V142G,142,V,G,0.018342827,0.232271624,-2.291179056,0.290882751
,V142H,142,V,H,0.012752577,0.232271624,-1.569740051,-0.072584381
,V142I,142,V,I,0.00730825,0.232271624,-2.597152417,-0.629184478
,V142K,142,V,K,0.089684114,0.232271624,-0.060145164,1.877913314
,V142L,142,V,L,0.018274967,0.232271624,1.238907005,0.287176633
,V142M,142,V,M,0.00411422,0.232271624,-3.19870206,-1.203425196
,V142N,142,V,N,0.03751746,0.232271624,-0.361129193,1.006424715
,V142P,142,V,P,0.005681469,0.232271624,-1.545694735,-0.880872241
,V142Q,142,V,Q,0.062357295,0.232271624,-1.725824829,1.51449796
,V142R,142,V,R,0.056135852,0.232271624,-0.85954718,1.409391627
,V142S,142,V,S,0.067986354,0.232271624,-0.742302112,1.600924723
,V142T,142,V,T,0.041074097,0.232271624,-0.549148191,1.096995225
,V142W,142,V,W,0.000757967,0.232271624,-4.519607798,-2.889951102
,V142Y,142,V,Y,0.002148669,0.232271624,-2.765981768,-1.852189304
,L143A,143,L,A,0.14047632,0.179214609,-4.491068261,-0.739702374
,L143C,143,L,C,0.004767668,0.179214609,-6.35415438,-4.122387749
,L143D,143,L,D,0.009779672,0.179214609,-3.641742211,-3.404281723
,L143E,143,L,E,0.049094137,0.179214609,-3.042230994,-1.791001925
,L143F,143,L,F,0.034987163,0.179214609,-3.557295634,-2.129753877
,L143G,143,L,G,0.005968473,0.179214609,-5.134860137,-3.897900019
,L143H,143,L,H,0.026639627,0.179214609,-4.637178614,-2.402324671
,L143I,143,L,I,0.07158857,0.179214609,-2.835093279,-1.413808179
,L143K,143,L,K,0.05789676,0.179214609,-3.926142129,-1.626081506
,L143M,143,L,M,0.03641134,0.179214609,-4.1760349,-2.089855875
,L143N,143,L,N,0.008947859,0.179214609,-4.804416782,-3.49314759
,L143P,143,L,P,0.001495201,0.179214609,-7.630267788,-5.279920742
,L143Q,143,L,Q,0.030038543,0.179214609,-4.371699906,-2.282248604
,L143R,143,L,R,0.05334094,0.179214609,-5.728769603,-1.708038173
,L143S,143,L,S,0.024966469,0.179214609,-3.731902204,-2.467187345
,L143T,143,L,T,0.02856117,0.179214609,-4.646952362,-2.332679744
,L143V,143,L,V,0.047332264,0.179214609,-4.011514267,-1.827548916
,L143W,143,L,W,0.019369125,0.179214609,-6.75910961,-2.721022074
,L143Y,143,L,Y,0.053998377,0.179214609,-3.157493946,-1.69578845
,L144A,144,L,A,0.46058896,0.361910105,-5.840432801,1.227562023
,L144C,144,L,C,0.1079835,0.361910105,-5.811321037,-0.22298032
,L144D,144,L,D,0.005644142,0.361910105,-8.120829186,-3.174103393
,L144E,144,L,E,0.006270253,0.361910105,-6.54316455,-3.068947863
,L144F,144,L,F,0.019522661,0.361910105,-5.841496182,-1.9333799
,L144G,144,L,G,0.030405616,0.361910105,-8.234684359,-1.490339817
,L144H,144,L,H,0.006604865,0.361910105,-7.398993836,-3.016977065
,L144I,144,L,I,0.039193746,0.361910105,-2.602181912,-1.23645109
,L144K,144,L,K,0.003134311,0.361910105,-7.482266011,-3.761895937
,L144M,144,L,M,0.005978822,0.361910105,-5.324691936,-3.116522169
,L144N,144,L,N,0.008073043,0.361910105,-8.234810245,-2.816312926
,L144P,144,L,P,0.00664958,0.361910105,-7.794743857,-3.010231699
,L144Q,144,L,Q,0.00186687,0.361910105,-7.189391967,-4.279253381
,L144R,144,L,R,0.001504646,0.361910105,-8.184817359,-4.494430936
,L144S,144,L,S,0.02852494,0.361910105,-5.738929752,-1.554187542
,L144T,144,L,T,0.025463054,0.361910105,-6.446358081,-1.667735884
,L144V,144,L,V,0.08173061,0.361910105,-4.809321413,-0.501533603
,L144W,144,L,W,0.000632685,0.361910105,-8.927188633,-5.356322141
,L144Y,144,L,Y,0.02527071,0.361910105,-4.955437137,-1.675318249
,G145A,145,G,A,0.12671325,0.164991452,-0.933600319,0.127559158
,G145C,145,G,C,0.00554549,0.164991452,-3.105632679,-3.001014561
,G145D,145,G,D,0.05789249,0.164991452,-0.691894836,-0.655782257
,G145E,145,G,E,0.12794036,0.164991452,0.360291176,0.137196786
,G145F,145,G,F,0.004387333,0.164991452,-4.014642447,-3.235115629
,G145H,145,G,H,0.014794593,0.164991452,-3.354450112,-2.020044028
,G145I,145,G,I,0.008441712,0.164991452,-1.864234298,-2.581000026
,G145K,145,G,K,0.16022016,0.164991452,1.497282812,0.362183038
,G145L,145,G,L,0.014241784,0.164991452,-3.421262202,-2.058120381
,G145M,145,G,M,0.004439814,0.164991452,-3.066871306,-3.22323425
,G145N,145,G,N,0.035540693,0.164991452,-0.251175484,-1.143685868
,G145P,145,G,P,0.028751396,0.164991452,-2.129061271,-1.35567144
,G145Q,145,G,Q,0.06943373,0.164991452,-0.342176546,-0.473997408
,G145R,145,G,R,0.11467502,0.164991452,-1.593749607,0.027734126
,G145S,145,G,S,0.06770594,0.164991452,-0.974304577,-0.499196274
,G145T,145,G,T,0.025834618,0.164991452,-2.286337988,-1.462637765
,G145V,145,G,V,0.010501944,0.164991452,-3.589853764,-2.362684363
,G145W,145,G,W,0.001256432,0.164991452,-4.220082181,-4.482985575
,G145Y,145,G,Y,0.010144925,0.164991452,-2.487393,-2.397263052
,K146A,146,K,A,0.11547659,0.161907681,-3.544309943,0.263370353
,K146C,146,K,C,0.002510035,0.161907681,-4.78849309,-3.564255345
,K146D,146,K,D,0.14799494,0.161907681,-3.26227683,0.511482512
,K146E,146,K,E,0.13768886,0.161907681,-2.114513141,0.43930038
,K146F,146,K,F,0.002053841,0.161907681,-5.206720925,-3.764462775
,K146G,146,K,G,0.09417362,0.161907681,-5.262073359,0.059441132
,K146H,146,K,H,0.01726795,0.161907681,-4.697979538,-1.636808767
,K146I,146,K,I,0.006278056,0.161907681,-4.597349066,-2.648358711
,K146L,146,K,L,0.012767537,0.161907681,-4.430017801,-1.938717993
,K146M,146,K,M,0.004817696,0.161907681,-4.661027456,-2.912972717
,K146N,146,K,N,0.075946815,0.161907681,-1.299527206,-0.155666821
,K146P,146,K,P,0.027111646,0.161907681,-5.120906571,-1.18572577
,K146Q,146,K,Q,0.07407372,0.161907681,-2.080927948,-0.180639446
,K146R,146,K,R,0.040116016,0.161907681,-3.841312319,-0.793922861
,K146S,146,K,S,0.085390046,0.161907681,-1.904887066,-0.038469995
,K146T,146,K,T,0.05132942,0.161907681,-2.682183139,-0.547436388
,K146V,146,K,V,0.010823,0.161907681,-5.533411898,-2.103920376
,K146W,146,K,W,0.000617524,0.161907681,-7.781919593,-4.9602021
,K146Y,146,K,Y,0.004823722,0.161907681,-4.709020882,-2.911723605
,L147A,147,L,A,0.08652736,0.075335362,-3.095816496,-0.030839045
,L147C,147,L,C,0.005265858,0.075335362,-4.096537085,-2.829553036
,L147D,147,L,D,0.120696776,0.075335362,-2.577810932,0.301981611
,L147E,147,L,E,0.13258222,0.075335362,-3.682624625,0.39590336
,L147F,147,L,F,0.01743407,0.075335362,-3.845825113,-1.63280271
,L147G,147,L,G,0.026171656,0.075335362,-3.461970951,-1.226591791
,L147H,147,L,H,0.03854484,0.075335362,-3.422793054,-0.839465591
,L147I,147,L,I,0.043819014,0.075335362,-0.911272873,-0.71122378
,L147K,147,L,K,0.041901197,0.075335362,-2.270353271,-0.755976014
,L147M,147,L,M,0.013613656,0.075335362,-2.652936789,-1.880115513
,L147N,147,L,N,0.050204758,0.075335362,-2.311654028,-0.575184806
,L147P,147,L,P,0.04179352,0.075335362,-3.36435582,-0.758549004
,L147Q,147,L,Q,0.068453714,0.075335362,-3.642427793,-0.26514075
,L147R,147,L,R,0.04006867,0.075335362,-3.082602418,-0.800694341
,L147S,147,L,S,0.06116889,0.075335362,-3.947032498,-0.377658771
,L147T,147,L,T,0.04144138,0.075335362,-2.581798816,-0.76701018
,L147V,147,L,V,0.022135172,0.075335362,-3.216401156,-1.394087686
,L147W,147,L,W,0.007563442,0.075335362,-6.294655771,-2.467682307
,L147Y,147,L,Y,0.051376443,0.075335362,-3.248541727,-0.552115254
,Y150A,150,Y,A,0.05307277,0.258922984,-6.845100877,2.889939711
,Y150C,150,Y,C,0.003062074,0.258922984,-8.16278702,0.038072126
,Y150D,150,Y,D,0.19624089,0.258922984,-6.651138884,4.197632957
,Y150E,150,Y,E,0.3041431,0.258922984,-4.654923574,4.635792601
,Y150F,150,Y,F,0.002399834,0.258922984,-7.432692299,-0.20530262
,Y150G,150,Y,G,0.08344203,0.258922984,-3.294699501,3.342432305
,Y150H,150,Y,H,0.016622638,0.258922984,-5.704389683,1.729063508
,Y150I,150,Y,I,0.001664005,0.258922984,-8.64669439,-0.570749612
,Y150K,150,Y,K,0.07506582,0.258922984,-5.012759744,3.236644288
,Y150L,150,Y,L,0.00503504,0.258922984,-7.651885172,0.535008662
,Y150M,150,Y,M,0.001594389,0.258922984,-8.447451062,-0.613377106
,Y150N,150,Y,N,0.036661763,0.258922984,-4.699866683,2.520009156
,Y150P,150,Y,P,0.058455553,0.258922984,-7.076221178,2.986543165
,Y150Q,150,Y,Q,0.036810998,0.258922984,-7.43931937,2.524071471
,Y150R,150,Y,R,0.03466069,0.258922984,-8.136711289,2.463881254
,Y150S,150,Y,S,0.048437476,0.258922984,-6.065677901,2.798549001
,Y150T,150,Y,T,0.034408092,0.258922984,-6.001561573,2.456566902
,Y150V,150,Y,V,0.005173409,0.258922984,-8.134769951,0.562104734
,Y150W,150,Y,W,0.000101878,0.258922984,-11.18147605,-3.304405596
,K151A,151,K,A,0.014994315,0.383131146,-5.01909191,-1.482492089
,K151C,151,K,C,0.001297481,0.383131146,-7.047328928,-3.927361161
,K151D,151,K,D,0.106781825,0.383131146,-1.497077244,0.480607595
,K151E,151,K,E,0.5114335,0.383131146,-0.930027141,2.047053343
,K151F,151,K,F,0.001381098,0.383131146,-6.772009051,-3.865108965
,K151G,151,K,G,0.003416573,0.383131146,-5.713270684,-2.960986468
,K151H,151,K,H,0.013010636,0.383131146,-4.836959951,-1.624382987
,K151I,151,K,I,0.007622832,0.383131146,-4.477723471,-2.158906959
,K151L,151,K,L,0.012349371,0.383131146,-5.988711293,-1.676539254
,K151M,151,K,M,0.003432106,0.383131146,-4.919345222,-2.956454731
,K151N,151,K,N,0.031529456,0.383131146,-2.726937243,-0.739267495
,K151P,151,K,P,0.020960208,0.383131146,-6.253132005,-1.147555981
,K151Q,151,K,Q,0.043413136,0.383131146,-3.449443322,-0.419427755
,K151R,151,K,R,0.074715726,0.383131146,-4.21810657,0.123505878
,K151S,151,K,S,0.019477557,0.383131146,-3.313777501,-1.220916008
,K151T,151,K,T,0.056549635,0.383131146,-2.901651826,-0.155069093
,K151V,151,K,V,0.008594607,0.383131146,-5.351005116,-2.038949586
,K151W,151,K,W,0.00223575,0.383131146,-7.774678089,-3.384519978
,K151Y,151,K,Y,0.000769103,0.383131146,-6.547742582,-4.44780861
,C152A,152,C,A,0.107279815,0.410655434,-6.921220748,1.702619894
,C152D,152,C,D,7.45E-05,0.410655434,-10.67833814,-5.493145537
,C152E,152,C,E,6.55E-05,0.410655434,-10.8568947,-5.609921275
,C152F,152,C,F,0.010619329,0.410655434,-5.361628707,-0.610160047
,C152G,152,C,G,0.003945463,0.410655434,-7.899387273,-1.600022778
,C152H,152,C,H,0.00153125,0.410655434,-8.470662449,-2.545383853
,C152I,152,C,I,0.2771927,0.410655434,-1.753675438,2.65190811
,C152K,152,C,K,0.000786377,0.410655434,-8.244911799,-3.20943734
,C152L,152,C,L,0.1166153,0.410655434,-6.997090973,1.786061594
,C152M,152,C,M,0.006877549,0.410655434,-7.569113324,-1.044517149
,C152N,152,C,N,0.006799609,0.410655434,-6.603633942,-1.055912027
,C152P,152,C,P,0.025241511,0.410655434,-8.271499043,0.255637038
,C152Q,152,C,Q,0.000950205,0.410655434,-8.322861236,-3.021085943
,C152R,152,C,R,0.001908134,0.410655434,-7.700792525,-2.325753803
,C152S,152,C,S,0.009999303,0.410655434,-6.027682263,-0.670315615
,C152T,152,C,T,0.026646767,0.410655434,-5.150163756,0.309815768
,C152V,152,C,V,0.37026483,0.410655434,-2.496813881,2.941416951
,C152W,152,C,W,0.002951762,0.410655434,-7.044272577,-1.889991197
,C152Y,152,C,Y,0.010702367,0.410655434,-7.45012567,-0.602371567
,F153A,153,F,A,0.02499428,0.448500518,-6.843155063,-2.984568324
,F153C,153,F,C,0.037514396,0.448500518,-4.509140473,-2.578473941
,F153D,153,F,D,0.001070239,0.448500518,-6.733789985,-6.133544995
,F153E,153,F,E,0,0.448500518,-10.82290698,-11.00691317
,F153G,153,F,G,0.000573243,0.448500518,-8.317347834,-6.754990195
,F153H,153,F,H,0.005881787,0.448500518,-3.707667081,-4.431332587
,F153I,153,F,I,0.020961758,0.448500518,-3.159209273,-3.160522383
,F153K,153,F,K,6.55E-05,0.448500518,-9.804151318,-8.849631704
,F153L,153,F,L,0.004744448,0.448500518,-5.898718518,-4.646175651
,F153M,153,F,M,0.15530679,0.448500518,-5.274988005,-1.157750842
,F153N,153,F,N,0.000513278,0.448500518,-7.945876393,-6.864670985
,F153P,153,F,P,0.000480516,0.448500518,-8.112683786,-6.930085157
,F153Q,153,F,Q,0.00013105,0.448500518,-9.330673723,-8.201359365
,F153R,153,F,R,0.00104949,0.448500518,-7.82343499,-6.153065401
,F153S,153,F,S,0.012188868,0.448500518,-6.70621679,-3.702712112
,F153T,153,F,T,0.002548917,0.448500518,-7.254921587,-5.267186949
,F153V,153,F,V,0.023784759,0.448500518,-5.772565378,-3.034172315
,F153W,153,F,W,0.11973343,0.448500518,-2.509173479,-1.417891556
,F153Y,153,F,Y,0.094160706,0.448500518,-3.7006574,-1.658163001
,I154A,154,I,A,0.004594002,0.660534068,-6.833305159,-4.524511696
,I154C,154,I,C,0.008328561,0.660534068,-4.777397899,-3.929429243
,I154D,154,I,D,0.000262006,0.660534068,-8.377148784,-7.383109194
,I154E,154,I,E,0,0.660534068,-10.75479311,-11.12850719
,I154F,154,I,F,0.008972092,0.660534068,-6.990841032,-3.854984355
,I154G,154,I,G,0.010001207,0.660534068,-8.535469814,-3.746373699
,I154H,154,I,H,6.55E-05,0.660534068,-9.781183882,-8.728490128
,I154K,154,I,K,0,0.660534068,-10.75479311,-11.1285131
,I154L,154,I,L,0.03016119,0.660534068,-3.797465096,-2.642341035
,I154M,154,I,M,0.001499363,0.660534068,-5.712382158,-5.644335176
,I154N,154,I,N,0.004474852,0.660534068,-5.939621999,-4.550796345
,I154P,154,I,P,6.55E-05,0.660534068,-9.961852663,-8.728490101
,I154Q,154,I,Q,6.55E-05,0.660534068,-9.676703384,-8.728490439
,I154R,154,I,R,0,0.660534068,-10.75479311,-11.12852373
,I154S,154,I,S,0.001120516,0.660534068,-7.219412315,-5.935463291
,I154T,154,I,T,0.000196505,0.660534068,-8.743141354,-7.667246836
,I154V,154,I,V,0.50628054,0.660534068,-1.420745233,0.178339156
,I154W,154,I,W,0,0.660534068,-10.75479311,-11.12847841
,I154Y,154,I,Y,0.000327508,0.660534068,-8.377377354,-7.161847637
,I155A,155,I,A,0.043109044,0.654630875,-5.616557319,-2.869773376
,I155C,155,I,C,0.022022858,0.654630875,-6.528370596,-3.541490102
,I155D,155,I,D,6.55E-05,0.654630875,-11.87964532,-9.303993216
,I155E,155,I,E,0,0.654630875,-12.72625741,-11.63074223
,I155F,155,I,F,0.01388352,0.654630875,-8.260635835,-4.002927151
,I155G,155,I,G,0.01279455,0.654630875,-8.944240636,-4.084621873
,I155H,155,I,H,0.000196507,0.654630875,-10.50989027,-8.248685559
,I155K,155,I,K,0,0.654630875,-12.72625741,-11.63074278
,I155L,155,I,L,0.023161337,0.654630875,-7.361845563,-3.491080942
,I155M,155,I,M,0.04179706,0.654630875,-7.555705416,-2.900682632
,I155N,155,I,N,0.000926388,0.654630875,-9.772403554,-6.709523392
,I155P,155,I,P,9.83E-05,0.654630875,-11.57628514,-8.921476847
,I155Q,155,I,Q,0.000262009,0.654630875,-10.85865875,-7.96533807
,I155R,155,I,R,6.55E-05,0.654630875,-11.80212496,-9.303993212
,I155S,155,I,S,0.004674094,0.654630875,-7.186545284,-5.091748239
,I155T,155,I,T,0.014142661,0.654630875,-5.577761365,-3.984431263
,I155V,155,I,V,0.06273272,0.654630875,-5.321647905,-2.494596642
,I155W,155,I,W,0,0.654630875,-12.72625741,-11.63074238
,I155Y,155,I,Y,0,0.654630875,-12.72625741,-11.63074271
,G156A,156,G,A,9.13E-05,0.998251084,-12.65470803,-9.332070805
,G156C,156,G,C,0,0.998251084,-13.86930852,-13.07275397
,G156D,156,G,D,0,0.998251084,-13.86930852,-13.07275397
,G156E,156,G,E,0,0.998251084,-13.86930852,-13.07275397
,G156F,156,G,F,6.55E-05,0.998251084,-12.97178873,-9.669455288
,G156H,156,G,H,0,0.998251084,-13.86930852,-13.07275397
,G156I,156,G,I,0,0.998251084,-13.86930852,-13.07275397
,G156K,156,G,K,0,0.998251084,-13.86930852,-13.07275397
,G156L,156,G,L,0,0.998251084,-13.86930852,-13.07275397
,G156M,156,G,M,0,0.998251084,-13.86930852,-13.07275397
,G156N,156,G,N,0,0.998251084,-13.86930852,-13.07275397
,G156P,156,G,P,0,0.998251084,-13.86930852,-13.07275397
,G156Q,156,G,Q,0,0.998251084,-13.86930852,-13.07275397
,G156R,156,G,R,0.000165171,0.998251084,-11.55201618,-8.729948889
,G156S,156,G,S,0.000131014,0.998251084,-12.35265917,-8.965020126
,G156T,156,G,T,6.55E-05,0.998251084,-12.89449223,-9.669455288
,G156V,156,G,V,0,0.998251084,-13.86930852,-13.07275397
,G156W,156,G,W,0,0.998251084,-13.86930852,-13.07275397
,G156Y,156,G,Y,0,0.998251084,-13.86930852,-13.07275397
,G157A,157,G,A,0,0.998294281,-14.35469328,-12.97240742
,G157C,157,G,C,0,0.998294281,-14.35469328,-12.97240743
,G157D,157,G,D,6.55E-05,0.998294281,-13.39140403,-9.663949523
,G157E,157,G,E,0,0.998294281,-14.35469328,-12.97240742
,G157F,157,G,F,0,0.998294281,-14.35469328,-12.97240742
,G157H,157,G,H,1.48E-05,0.998294281,-14.08892742,-11.12791933
,G157I,157,G,I,0,0.998294281,-14.35469328,-12.97240742
,G157K,157,G,K,0,0.998294281,-14.35469328,-12.97240742
,G157L,157,G,L,0,0.998294281,-14.35469328,-12.97240743
,G157M,157,G,M,0,0.998294281,-14.35469328,-12.97240742
,G157N,157,G,N,0,0.998294281,-14.35469328,-12.97240742
,G157P,157,G,P,0,0.998294281,-14.35469328,-12.97240742
,G157Q,157,G,Q,0,0.998294281,-14.35469328,-12.97240742
,G157R,157,G,R,6.55E-05,0.998294281,-13.4290989,-9.663949523
,G157S,157,G,S,0.000147401,0.998294281,-12.77317209,-8.843006377
,G157T,157,G,T,6.55E-05,0.998294281,-13.38570771,-9.663949523
,G157V,157,G,V,0,0.998294281,-14.35469328,-12.97240743
,G157W,157,G,W,6.55E-05,0.998294281,-13.32560914,-9.663949523
,G157Y,157,G,Y,6.55E-05,0.998294281,-13.38090414,-9.663949523
,S158A,158,S,A,0.44107008,0.510131532,0.230203845,1.806769046
,S158C,158,S,C,0.000514066,0.510131532,-5.931646653,-4.941992924
,S158D,158,S,D,0.004490932,0.510131532,-4.406405483,-2.780322105
,S158E,158,S,E,0.07879393,0.510131532,-2.859016843,0.084369058
,S158F,158,S,F,0.000804692,0.510131532,-6.08445967,-4.49670992
,S158G,158,S,G,0.33586574,0.510131532,-2.479906077,1.534273681
,S158H,158,S,H,0.00283802,0.510131532,-4.640751067,-3.239041315
,S158I,158,S,I,0.000425821,0.510131532,-6.206119852,-5.128551922
,S158K,158,S,K,0.005818991,0.510131532,-3.675071768,-2.521322715
,S158L,158,S,L,0.00057322,0.510131532,-5.525308743,-4.833920503
,S158M,158,S,M,0.001495257,0.510131532,-5.131562956,-3.879043538
,S158N,158,S,N,0.00327036,0.510131532,-4.637489905,-3.097340653
,S158P,158,S,P,0.001036064,0.510131532,-5.582553142,-4.244973169
,S158Q,158,S,Q,0.017374406,0.510131532,-3.681431701,-1.427515168
,S158R,158,S,R,0.007872139,0.510131532,-3.045833134,-2.219162635
,S158T,158,S,T,0.014478252,0.510131532,-2.799087987,-1.609867535
,S158V,158,S,V,0.007594346,0.510131532,-4.349871887,-2.255084832
,S158W,158,S,W,9.83E-05,0.510131532,-7.619738368,-6.551749954
,S158Y,158,S,Y,0.003166358,0.510131532,-4.322807483,-3.129639516
,V159A,159,V,A,0.0483331,0.337670057,-0.698692452,2.004978471
,V159C,159,V,C,0.000950985,0.337670057,-3.637615209,-1.920082667
,V159D,159,V,D,0.031520687,0.337670057,-1.908713427,1.577501304
,V159E,159,V,E,0.3529169,0.337670057,-1.138596848,3.993123184
,V159F,159,V,F,0.00276701,0.337670057,-1.671489748,-0.854707272
,V159G,159,V,G,0.025394786,0.337670057,-1.97175919,1.36140106
,V159H,159,V,H,0.009820204,0.337670057,-1.861347587,0.411351979
,V159I,159,V,I,0.002428085,0.337670057,-1.362661238,-0.985214698
,V159K,159,V,K,0.033558972,0.337670057,-1.002411765,1.640161863
,V159L,159,V,L,0.00272676,0.337670057,-2.984990825,-0.869344277
,V159M,159,V,M,0.013221184,0.337670057,-2.218164331,0.708699356
,V159N,159,V,N,0.024037577,0.337670057,-1.333926107,1.306475842
,V159P,159,V,P,0.000755674,0.337670057,-3.836327216,-2.148732644
,V159Q,159,V,Q,0.23922846,0.337670057,-0.250805083,3.604305451
,V159R,159,V,R,0.030548742,0.337670057,-2.172332716,1.546180601
,V159S,159,V,S,0.12759152,0.337670057,-0.085422347,2.97571177
,V159T,159,V,T,0.043840326,0.337670057,-2.366092151,1.907414544
,V159W,159,V,W,0,0.337670057,-7.464986183,-6.562169949
,V159Y,159,V,Y,0.0038512,0.337670057,-1.290868627,-0.524377109
,V160A,160,V,A,0.002052238,0.639942458,-5.114785929,-4.63134327
,V160C,160,V,C,0.00039844,0.639942458,-7.238896551,-6.269920181
,V160D,160,V,D,0,0.639942458,-10.0367338,-10.57224731
,V160E,160,V,E,0,0.639942458,-10.0367338,-10.57224686
,V160F,160,V,F,0.00686169,0.639942458,-6.885432711,-3.423734331
,V160G,160,V,G,6.86E-05,0.639942458,-9.077197787,-7.999313609
,V160H,160,V,H,0,0.639942458,-10.0367338,-10.57224661
,V160I,160,V,I,0.58038443,0.639942458,-1.458187282,1.014564596
,V160K,160,V,K,0,0.639942458,-10.0367338,-10.57224697
,V160L,160,V,L,0.18691279,0.639942458,-2.26695552,-0.118511508
,V160M,160,V,M,0.006477261,0.639942458,-4.751939339,-3.481413215
,V160N,160,V,N,0.000275087,0.639942458,-7.750109766,-6.638906535
,V160P,160,V,P,0.0012499,0.639942458,-6.417642326,-5.127438494
,V160Q,160,V,Q,0,0.639942458,-10.0367338,-10.57224691
,V160R,160,V,R,0,0.639942458,-10.0367338,-10.57224734
,V160S,160,V,S,0.000305653,0.639942458,-7.449366374,-6.534081708
,V160T,160,V,T,0.004519187,0.639942458,-4.738117443,-3.841535038
,V160W,160,V,W,0,0.639942458,-10.0367338,-10.57224742
,V160Y,160,V,Y,6.55E-05,0.639942458,-8.993496536,-8.043613461
,Y161A,161,Y,A,0.000824234,0.818935481,-8.54797532,-6.905491954
,Y161C,161,Y,C,0.001632092,0.818935481,-8.367844873,-6.222043391
,Y161D,161,Y,D,6.55E-05,0.818935481,-10.82090043,-9.407712845
,Y161E,161,Y,E,6.55E-05,0.818935481,-10.96884616,-9.407712845
,Y161F,161,Y,F,0.16565144,0.818935481,-5.112607842,-1.600672185
,Y161G,161,Y,G,0,0.818935481,-11.85042973,-11.96244989
,Y161H,161,Y,H,0.000236155,0.818935481,-9.803298875,-8.152726009
,Y161I,161,Y,I,0.002603705,0.818935481,-7.404887312,-5.754683824
,Y161K,161,Y,K,6.55E-05,0.818935481,-10.8985166,-9.407712845
,Y161L,161,Y,L,0.004838735,0.818935481,-6.119712967,-5.134619698
,Y161M,161,Y,M,7.10E-05,0.818935481,-10.88614663,-9.331206694
,Y161N,161,Y,N,0.000396911,0.818935481,-9.861196596,-7.635633113
,Y161P,161,Y,P,0,0.818935481,-11.85042973,-11.96244989
,Y161Q,161,Y,Q,0,0.818935481,-11.85042973,-11.96244989
,Y161R,161,Y,R,0,0.818935481,-11.85042973,-11.96244989
,Y161S,161,Y,S,1.64E-05,0.818935481,-11.55939828,-10.62921037
,Y161T,161,Y,T,0.000140361,0.818935481,-10.38895456,-8.667493385
,Y161V,161,Y,V,0.001593882,0.818935481,-8.573654412,-6.245746892
,Y161W,161,Y,W,0.00080084,0.818935481,-9.458686914,-6.934285523
,Q162A,162,Q,A,0.20569345,0.303234658,-2.840151993,1.172403496
,Q162C,162,Q,C,0.000737024,0.303234658,-6.314653674,-4.454584417
,Q162D,162,Q,D,0.023334527,0.303234658,-2.273266746,-1.004080491
,Q162E,162,Q,E,0.13828914,0.303234658,-0.728510716,0.775357426
,Q162F,162,Q,F,0.000884429,0.303234658,-6.185034135,-4.273281444
,Q162G,162,Q,G,0.015142343,0.303234658,-3.516535888,-1.436509675
,Q162H,162,Q,H,0.011231504,0.303234658,-3.131924844,-1.735261329
,Q162I,162,Q,I,0.001615568,0.303234658,-5.51548314,-3.672847853
,Q162K,162,Q,K,0.18494026,0.303234658,0.308869439,1.06604795
,Q162L,162,Q,L,0.005210782,0.303234658,-4.674319927,-2.503084429
,Q162M,162,Q,M,0.001240826,0.303234658,-4.874028443,-3.936048595
,Q162N,162,Q,N,0.042028345,0.303234658,-0.624438286,-0.415666104
,Q162P,162,Q,P,0.000429931,0.303234658,-7.03079702,-4.988756004
,Q162R,162,Q,R,0.22830719,0.303234658,-3.137471289,1.276709905
,Q162S,162,Q,S,0.038794655,0.303234658,-2.520739407,-0.495729067
,Q162T,162,Q,T,0.034026593,0.303234658,-2.212019753,-0.626870827
,Q162V,162,Q,V,0.003299376,0.303234658,-6.042038986,-2.959813365
,Q162W,162,Q,W,0.000209642,0.303234658,-7.402310872,-5.692949968
,Q162Y,162,Q,Y,0.000895972,0.303234658,-6.263056561,-4.260378421
,E163A,163,E,A,0.13630381,0.357231242,-3.156701393,-0.270848113
,E163C,163,E,C,0.001000861,0.357231242,-6.753482911,-5.181665573
,E163D,163,E,D,0.025028992,0.357231242,-5.004130188,-1.965716511
,E163F,163,E,F,0.001522074,0.357231242,-6.546648777,-4.763900293
,E163G,163,E,G,0.00275922,0.357231242,-7.929316891,-4.170085823
,E163H,163,E,H,0.013680852,0.357231242,-3.831091771,-2.569730161
,E163I,163,E,I,0.011567173,0.357231242,-5.717931253,-2.737540229
,E163K,163,E,K,0.011193157,0.357231242,-4.668194181,-2.770404925
,E163L,163,E,L,0.16188477,0.357231242,-2.910118105,-0.098847273
,E163M,163,E,M,0.021455599,0.357231242,-6.303439822,-2.119763133
,E163N,163,E,N,0.003143848,0.357231242,-5.052009103,-4.039723469
,E163P,163,E,P,0.000395308,0.357231242,-8.098488837,-6.102735647
,E163Q,163,E,Q,0.35991415,0.357231242,-4.041116009,0.700142346
,E163R,163,E,R,0.00786195,0.357231242,-5.775626869,-3.123612695
,E163S,163,E,S,0.029832805,0.357231242,-3.60587831,-1.790143894
,E163T,163,E,T,0.01856016,0.357231242,-4.970231219,-2.264727152
,E163V,163,E,V,0.007579928,0.357231242,-5.642585441,-3.160134951
,E163W,163,E,W,0.001050083,0.357231242,-6.542881557,-5.13386468
,E163Y,163,E,Y,0.006561271,0.357231242,-4.222731523,-3.304414416
,F164A,164,F,A,0.42976296,0.391076045,-2.187403351,0.905652175
,F164C,164,F,C,0.021743111,0.391076045,-0.732051901,-2.078397181
,F164D,164,F,D,7.17E-05,0.391076045,-8.357580888,-7.730848597
,F164E,164,F,E,0.000459869,0.391076045,-6.37082614,-5.929481766
,F164G,164,F,G,0.035653513,0.391076045,-2.696165701,-1.583814666
,F164H,164,F,H,0.00014234,0.391076045,-8.089624943,-7.080987278
,F164I,164,F,I,0.010599306,0.391076045,-3.613274033,-2.796951574
,F164K,164,F,K,0,0.391076045,-9.44251254,-10.03300194
,F164L,164,F,L,0.09549203,0.391076045,-2.770307626,-0.598572753
,F164M,164,F,M,0.046191666,0.391076045,-2.999742521,-1.324848324
,F164N,164,F,N,0,0.391076045,-9.44251254,-10.03300145
,F164P,164,F,P,0.000135771,0.391076045,-7.973552077,-7.126565466
,F164Q,164,F,Q,6.74E-05,0.391076045,-8.514733717,-7.787664856
,F164R,164,F,R,0,0.391076045,-9.44251254,-10.03300907
,F164S,164,F,S,0.055866264,0.391076045,-2.951603666,-1.13467734
,F164T,164,F,T,0.092072204,0.391076045,-2.328897854,-0.635043742
,F164V,164,F,V,0.027765997,0.391076045,-2.219837253,-1.833865778
,F164W,164,F,W,0.002824647,0.391076045,-7.330676344,-4.119222556
,F164Y,164,F,Y,0.007404704,0.391076045,-4.063926714,-3.155636305
,L165A,165,L,A,0.010900242,0.57978851,-4.900499448,-4.060930541
,L165C,165,L,C,0.000264876,0.57978851,-7.928845953,-7.765153039
,L165D,165,L,D,0.000833293,0.57978851,-7.476844564,-6.629608377
,L165E,165,L,E,0.009446542,0.57978851,-4.934767826,-4.204066848
,L165F,165,L,F,0.028294507,0.57978851,-5.637540324,-3.107012759
,L165G,165,L,G,0.000197359,0.57978851,-8.292942822,-8.053132286
,L165H,165,L,H,0.000756543,0.57978851,-6.912946902,-6.725831224
,L165I,165,L,I,0.11987619,0.57978851,-1.24038653,-1.663165095
,L165K,165,L,K,0.003862785,0.57978851,-5.574832429,-5.098210481
,L165M,165,L,M,0.15368211,0.57978851,-2.154137513,-1.414732074
,L165N,165,L,N,0.000252181,0.57978851,-7.891636874,-7.81337658
,L165P,165,L,P,0,0.57978851,-10.11329265,-11.27295399
,L165Q,165,L,Q,0.003785271,0.57978851,-6.485788661,-5.118474416
,L165R,165,L,R,0.003727038,0.57978851,-4.888282884,-5.133972952
,L165S,165,L,S,0.002092501,0.57978851,-6.123160864,-5.710865757
,L165T,165,L,T,0.001415297,0.57978851,-6.742833381,-6.101352434
,L165V,165,L,V,0.013470609,0.57978851,-3.617025224,-3.849201373
,L165W,165,L,W,0.008927833,0.57978851,-6.496069871,-4.260541036
,L165Y,165,L,Y,0.005767276,0.57978851,-4.23421888,-4.697485855
,K168A,168,K,A,0.0402713,0.458803108,-2.884245625,0.225971803
,K168C,168,K,C,0.000626905,0.458803108,-6.645459216,-3.930855731
,K168D,168,K,D,0.099248566,0.458803108,-2.91832071,1.127975497
,K168E,168,K,E,0.045620557,0.458803108,-3.803126644,0.350692938
,K168F,168,K,F,0.00199023,0.458803108,-6.24441244,-2.780320203
,K168G,168,K,G,0.041968152,0.458803108,-2.594293495,0.267244332
,K168H,168,K,H,0.014476525,0.458803108,-3.199273478,-0.797127951
,K168I,168,K,I,0.001873864,0.458803108,-5.234057315,-2.840460386
,K168L,168,K,L,0.006793509,0.458803108,-5.723901394,-1.55358225
,K168M,168,K,M,0.00104571,0.458803108,-6.618317976,-3.422123447
,K168N,168,K,N,0.03054396,0.458803108,-0.102194441,-0.050503018
,K168P,168,K,P,0.5960909,0.458803108,0.410750111,2.920762687
,K168Q,168,K,Q,0.013702042,0.458803108,-3.856500906,-0.85210811
,K168R,168,K,R,0.009520634,0.458803108,-4.365294082,-1.216155315
,K168S,168,K,S,0.046206612,0.458803108,-2.292377174,0.363457616
,K168T,168,K,T,0.012562587,0.458803108,-4.649496588,-0.938923712
,K168V,168,K,V,0.003218704,0.458803108,-5.423700825,-2.300187856
,K168W,168,K,W,0.0001397,0.458803108,-7.991734221,-5.399105339
,K168Y,168,K,Y,0.001973431,0.458803108,-5.161959539,-2.788782099
,L169A,169,L,A,0.021148397,0.162260019,-5.095794037,-2.446799058
,L169C,169,L,C,0.00634195,0.162260019,-4.879661858,-3.650891165
,L169D,169,L,D,0.025324747,0.162260019,-4.665374838,-2.266593072
,L169E,169,L,E,0.02730681,0.162260019,-3.166750033,-2.19124293
,L169F,169,L,F,0.073027745,0.162260019,-2.580753988,-1.207557285
,L169G,169,L,G,0.008933484,0.162260019,-5.653239264,-3.308408681
,L169H,169,L,H,0.055601537,0.162260019,-2.040472456,-1.48018497
,L169I,169,L,I,0.07290202,0.162260019,-3.133994853,-1.209280421
,L169K,169,L,K,0.04674119,0.162260019,-2.863179303,-1.653768307
,L169M,169,L,M,0.029706143,0.162260019,-4.496761553,-2.107028911
,L169N,169,L,N,0.01143341,0.162260019,-3.644244667,-3.061739499
,L169P,169,L,P,0.000923002,0.162260019,-7.835616471,-5.573713304
,L169Q,169,L,Q,0.052080363,0.162260019,-3.908770738,-1.545607334
,L169R,169,L,R,0.10564116,0.162260019,-4.5932419,-0.838347828
,L169S,169,L,S,0.01913293,0.162260019,-5.136432503,-2.546943684
,L169T,169,L,T,0.008264229,0.162260019,-4.704531593,-3.386253089
,L169V,169,L,V,0.047585268,0.162260019,-4.608089831,-1.635871143
,L169W,169,L,W,0.01146384,0.162260019,-4.596914628,-3.059082101
,L169Y,169,L,Y,0.13214329,0.162260019,-1.583635631,-0.614507867
,I170A,170,I,A,0.5912382,0.52157598,-4.50686662,2.993486011
,I170C,170,I,C,0.12222185,0.52157598,-1.949657898,1.417081716
,I170D,170,I,D,0.000807245,0.52157598,-6.19374075,-3.599798856
,I170E,170,I,E,8.20E-05,0.52157598,-9.083604446,-5.826256375
,I170F,170,I,F,0.006599568,0.52157598,-6.009963719,-1.501760914
,I170G,170,I,G,0.001604125,0.52157598,-7.176195312,-2.915165359
,I170H,170,I,H,0.002411347,0.52157598,-6.92819642,-2.508106757
,I170K,170,I,K,0.000776593,0.52157598,-6.906904274,-3.638325753
,I170L,170,I,L,0.028739754,0.52157598,-5.055324198,-0.030518053
,I170M,170,I,M,0.003201647,0.52157598,-5.599393716,-2.224849283
,I170N,170,I,N,0.000585236,0.52157598,-6.941167289,-3.919544163
,I170P,170,I,P,0.005600297,0.52157598,-4.454204443,-1.66591454
,I170Q,170,I,Q,0.000524242,0.52157598,-7.172128525,-4.028763446
,I170R,170,I,R,0.000507219,0.52157598,-7.456632153,-4.061497594
,I170S,170,I,S,0.016266137,0.52157598,-5.358767347,-0.599726946
,I170T,170,I,T,0.05534813,0.52157598,-4.282680834,0.62486499
,I170V,170,I,V,0.12647603,0.52157598,-4.209672245,1.451297504
,I170W,170,I,W,0.004846861,0.52157598,-6.295147083,-1.810365807
,I170Y,170,I,Y,0.002533216,0.52157598,-5.624544717,-2.45884887
,K171A,171,K,A,0.014011627,0.411555504,-7.716713079,-0.725679294
,K171C,171,K,C,0.00231595,0.411555504,-5.799826156,-2.524936101
,K171D,171,K,D,0.53909296,0.411555504,-3.601103112,2.924352157
,K171E,171,K,E,0.058329225,0.411555504,-3.935084888,0.700535478
,K171F,171,K,F,0.000379947,0.411555504,-8.048485058,-4.322416886
,K171G,171,K,G,0.01676735,0.411555504,-5.338887239,-0.546140635
,K171H,171,K,H,0.03964015,0.411555504,-5.143793386,0.314267779
,K171I,171,K,I,0.001256337,0.411555504,-6.17868615,-3.135271413
,K171L,171,K,L,0.002627326,0.411555504,-6.400360759,-2.398943541
,K171M,171,K,M,0.0009516,0.411555504,-7.545389951,-3.41204612
,K171N,171,K,N,0.070323125,0.411555504,-2.393528538,0.887536566
,K171P,171,K,P,0.000371747,0.411555504,-8.942131609,-4.343923455
,K171Q,171,K,Q,0.05390389,0.411555504,-3.931600918,0.621633336
,K171R,171,K,R,0.023998028,0.411555504,-6.452101529,-0.187607514
,K171S,171,K,S,0.056366798,0.411555504,-4.117140906,0.666311855
,K171T,171,K,T,0.07987361,0.411555504,-4.482029623,1.014883826
,K171V,171,K,V,0.006487394,0.411555504,-5.64669624,-1.495597846
,K171W,171,K,W,0.000131205,0.411555504,-9.809507588,-5.35552534
,K171Y,171,K,Y,0.004221517,0.411555504,-5.815886814,-1.925094924
,K172A,172,K,A,0.022746788,0.358995469,-4.106127061,-2.027327331
,K172C,172,K,C,0.008493485,0.358995469,-4.664321626,-3.012355556
,K172D,172,K,D,0.014487668,0.358995469,-2.598955611,-2.4784316
,K172E,172,K,E,0.077598006,0.358995469,-1.415666526,-0.800206912
,K172F,172,K,F,0.004799342,0.358995469,-3.523402715,-3.582971797
,K172G,172,K,G,0.008829555,0.358995469,-4.389627931,-2.97355856
,K172H,172,K,H,0.023686089,0.358995469,-1.978943396,-1.986864332
,K172I,172,K,I,0.015715761,0.358995469,-4.130207087,-2.397071197
,K172L,172,K,L,0.018974887,0.358995469,-3.676857307,-2.208629012
,K172M,172,K,M,0.003975816,0.358995469,-3.976690897,-3.771103098
,K172N,172,K,N,0.008508877,0.358995469,-1.81752563,-3.010545363
,K172P,172,K,P,0,0.358995469,-8.892371858,-9.813990588
,K172Q,172,K,Q,0.022965344,0.358995469,-1.439431341,-2.017765253
,K172R,172,K,R,0.4617428,0.358995469,-0.352044834,0.983279603
,K172S,172,K,S,0.012849142,0.358995469,-2.584844689,-2.598441551
,K172T,172,K,T,0.06984593,0.358995469,-2.942076325,-0.905458225
,K172V,172,K,V,0.039005905,0.358995469,-3.365396353,-1.488042577
,K172W,172,K,W,0.000858197,0.358995469,-5.941462139,-5.300530601
,K172Y,172,K,Y,0.012184986,0.358995469,-2.130816867,-2.651508374
,I173A,173,I,A,0.05751731,0.5192387,-8.948363091,-1.450402956
,I173C,173,I,C,0.009161767,0.5192387,-7.132410897,-3.287638654
,I173D,173,I,D,0,0.5192387,-12.09355063,-10.47814301
,I173E,173,I,E,0,0.5192387,-12.09355063,-10.47814099
,I173F,173,I,F,0.008181382,0.5192387,-6.165050335,-3.400831362
,I173G,173,I,G,0.000820095,0.5192387,-8.552799003,-5.699950993
,I173H,173,I,H,0.000524861,0.5192387,-9.16810247,-6.144687836
,I173K,173,I,K,1.31E-05,0.5192387,-11.85452306,-9.480641499
,I173L,173,I,L,0.49618307,0.5192387,-4.219224817,0.704525996
,I173M,173,I,M,0.08038017,0.5192387,-4.26508972,-1.11570248
,I173N,173,I,N,0,0.5192387,-12.09355063,-10.47814339
,I173P,173,I,P,5.47E-05,0.5192387,-11.27572215,-8.336497487
,I173Q,173,I,Q,0.005384924,0.5192387,-9.260145066,-3.819137547
,I173R,173,I,R,0.000131215,0.5192387,-10.58847727,-7.510585972
,I173S,173,I,S,0.000337411,0.5192387,-9.645155184,-6.583528725
,I173T,173,I,T,0.000271217,0.5192387,-9.690837218,-6.799577258
,I173V,173,I,V,0.08866196,0.5192387,-4.170496697,-1.017634272
,I173W,173,I,W,0.005321949,0.5192387,-7.4609973,-3.830902292
,I173Y,173,I,Y,0.00176733,0.5192387,-8.370939702,-4.933136223
,Y174A,174,Y,A,0.004911245,0.422310667,-9.933569603,-4.642243831
,Y174C,174,Y,C,0.008199225,0.422310667,-7.318684399,-4.129848044
,Y174D,174,Y,D,0.009303407,0.422310667,-8.398732918,-4.003521248
,Y174E,174,Y,E,0.12686509,0.422310667,-9.813038992,-1.390763525
,Y174F,174,Y,F,0.03309665,0.422310667,-4.558379113,-2.734488186
,Y174G,174,Y,G,9.84E-05,0.422310667,-11.81577854,-8.498080136
,Y174H,174,Y,H,0.06620477,0.422310667,-3.611045073,-2.041150048
,Y174I,174,Y,I,0.05201379,0.422310667,-6.27967313,-2.282399963
,Y174K,174,Y,K,0.000682122,0.422310667,-9.893237074,-6.612011259
,Y174L,174,Y,L,0.09310284,0.422310667,-6.12432999,-1.700189647
,Y174M,174,Y,M,0.004614099,0.422310667,-7.514836828,-4.704631316
,Y174N,174,Y,N,0.000892501,0.422310667,-9.745423675,-6.344617303
,Y174P,174,Y,P,0,0.422310667,-12.96965585,-10.97616717
,Y174Q,174,Y,Q,0.00429072,0.422310667,-9.695878077,-4.777262949
,Y174R,174,Y,R,0.010456909,0.422310667,-8.27626504,-3.886648787
,Y174S,174,Y,S,0.0053805,0.422310667,-8.78468704,-4.551019677
,Y174T,174,Y,T,0.000621251,0.422310667,-9.982413384,-6.704861066
,Y174V,174,Y,V,0.062552445,0.422310667,-7.384129375,-2.097898707
,Y174W,174,Y,W,0.006990406,0.422310667,-6.840342547,-4.28932438
,F175A,175,F,A,0.013224702,0.534599522,-4.342138716,0.544276826
,F175C,175,F,C,0.00140684,0.534599522,-4.666459568,-1.695455248
,F175D,175,F,D,6.56E-05,0.534599522,-8.871847483,-4.685671691
,F175E,175,F,E,0.002000453,0.534599522,-7.268816738,-1.343918106
,F175G,175,F,G,0.000262552,0.534599522,-7.699404415,-3.362038907
,F175H,175,F,H,0.000787655,0.534599522,-6.029090004,-2.273844225
,F175I,175,F,I,0.21680711,0.534599522,-2.930712453,3.341301808
,F175K,175,F,K,0.005457794,0.534599522,-5.672923852,-0.34073483
,F175L,175,F,L,0.5033095,0.534599522,-2.932222891,4.18351088
,F175M,175,F,M,0.023815311,0.534599522,-2.738593846,1.13254371
,F175N,175,F,N,0.000144403,0.534599522,-7.971786695,-3.944260102
,F175P,175,F,P,0.000196914,0.534599522,-7.434742745,-3.643602873
,F175Q,175,F,Q,0.004531206,0.534599522,-4.190936752,-0.526757775
,F175R,175,F,R,0.020574985,0.534599522,-5.298430793,0.986283982
,F175S,175,F,S,0.000319438,0.534599522,-7.4810255,-3.169001291
,F175T,175,F,T,0.001159604,0.534599522,-5.098728006,-1.88831751
,F175V,175,F,V,0.19086419,0.534599522,-2.980924289,3.213853389
,F175W,175,F,W,0.002942768,0.534599522,-6.533717943,-0.958238119
,F175Y,175,F,Y,0.004455175,0.534599522,-4.378217371,-0.543675672
,T176A,176,T,A,0.000275825,0.940079669,-9.036038698,-8.162541079
,T176C,176,T,C,0.000480565,0.940079669,-8.797308113,-7.606216824
,T176D,176,T,D,0,0.940079669,-11.07351807,-12.42260436
,T176E,176,T,E,0,0.940079669,-11.07351807,-12.42260436
,T176F,176,T,F,6.56E-05,0.940079669,-10.20617878,-9.589371447
,T176G,176,T,G,0.000164116,0.940079669,-9.643945833,-8.681806818
,T176H,176,T,H,0,0.940079669,-11.07351807,-12.42260436
,T176I,176,T,I,6.65E-05,0.940079669,-10.26595875,-9.577367006
,T176K,176,T,K,6.56E-05,0.940079669,-10.12835908,-9.589371447
,T176L,176,T,L,0,0.940079669,-11.07351807,-12.42260436
,T176M,176,T,M,6.56E-05,0.940079669,-10.27555629,-9.589371447
,T176N,176,T,N,0.00164116,0.940079669,-6.014545116,-6.375408019
,T176P,176,T,P,0.000164116,0.940079669,-9.428033231,-8.681806849
,T176Q,176,T,Q,0,0.940079669,-11.07351807,-12.42260436
,T176R,176,T,R,0,0.940079669,-11.07351807,-12.42260436
,T176S,176,T,S,0.035503156,0.940079669,-3.785852506,-3.2989476
,T176V,176,T,V,0.000142234,0.940079669,-9.416724766,-8.824554899
,T176W,176,T,W,0,0.940079669,-11.07351807,-12.42260436
,T176Y,176,T,Y,0,0.940079669,-11.07351807,-12.42260436
,R177A,177,R,A,0.004669858,0.268025352,-6.432160854,-3.786318417
,R177C,177,R,C,0.002276408,0.268025352,-6.7602982,-4.504148972
,R177D,177,R,D,0.015933145,0.268025352,-5.460028305,-2.559339149
,R177E,177,R,E,0.30735976,0.268025352,-3.409105267,0.400285459
,R177F,177,R,F,0.02616245,0.268025352,-5.63691889,-2.063432168
,R177G,177,R,G,6.57E-05,0.268025352,-9.999652373,-7.953321972
,R177H,177,R,H,0.08845176,0.268025352,-3.610222761,-0.845291597
,R177I,177,R,I,0.03479248,0.268025352,-5.025247697,-1.778357478
,R177K,177,R,K,0.08745551,0.268025352,-1.831080128,-0.856618836
,R177L,177,R,L,0.071747616,0.268025352,-5.1790718,-1.05459723
,R177M,177,R,M,0.006398412,0.268025352,-6.65133497,-3.471535377
,R177N,177,R,N,0.006089137,0.268025352,-4.12254488,-3.521061347
,R177P,177,R,P,0,0.268025352,-11.01663479,-9.994391032
,R177Q,177,R,Q,0.037846282,0.268025352,-3.392288308,-1.694225746
,R177S,177,R,S,0.005169396,0.268025352,-5.874452338,-3.684743431
,R177T,177,R,T,0.014768902,0.268025352,-5.593072502,-2.635211822
,R177V,177,R,V,0.046632994,0.268025352,-6.255339161,-1.48544874
,R177W,177,R,W,0.016018415,0.268025352,-7.47864332,-2.554002005
,R177Y,177,R,Y,0.022190364,0.268025352,-3.733376694,-2.228096179
,I178A,178,I,A,0.000498023,0.693017319,-9.374902385,-6.826360707
,I178C,178,I,C,0,0.693017319,-12.05576369,-11.3608989
,I178D,178,I,D,7.30E-05,0.693017319,-11.08955928,-8.720307148
,I178E,178,I,E,6.57E-05,0.693017319,-10.97867572,-8.820931968
,I178F,178,I,F,0.005054663,0.693017319,-8.092643785,-4.5084551
,I178G,178,I,G,0,0.693017319,-12.05576369,-11.36090054
,I178H,178,I,H,0.000722407,0.693017319,-9.434990809,-6.454718212
,I178K,178,I,K,0,0.693017319,-12.05576369,-11.36089799
,I178L,178,I,L,0.037361544,0.693017319,-5.703346295,-2.507572187
,I178M,178,I,M,0.005207355,0.693017319,-7.283272802,-4.478680574
,I178N,178,I,N,0.002045184,0.693017319,-9.116940044,-5.413757716
,I178P,178,I,P,0,0.693017319,-12.05576369,-11.3608965
,I178Q,178,I,Q,0,0.693017319,-12.05576369,-11.36089456
,I178R,178,I,R,6.57E-05,0.693017319,-11.17173524,-8.82093197
,I178S,178,I,S,0,0.693017319,-12.05576369,-11.36089136
,I178T,178,I,T,0.001075011,0.693017319,-8.183487442,-6.057212193
,I178V,178,I,V,0.48875695,0.693017319,-3.858954464,0.063798989
,I178W,178,I,W,0.00019702,0.693017319,-10.00804187,-7.749410568
,I178Y,178,I,Y,0.000328367,0.693017319,-9.640015028,-7.241840553
,N179A,179,N,A,0.03913327,0.301592952,-4.895885045,-0.066049223
,N179C,179,N,C,0.001495014,0.301592952,-6.845319904,-3.328720918
,N179D,179,N,D,0.31557223,0.301592952,-4.024371803,2.021380741
,N179E,179,N,E,0.10652535,0.301592952,-4.5256868,0.935365776
,N179F,179,N,F,0.012392685,0.301592952,-4.290068976,-1.215853481
,N179G,179,N,G,0.015826067,0.301592952,-4.833195751,-0.971329274
,N179H,179,N,H,0.26735586,0.301592952,-3.633731461,1.855572355
,N179I,179,N,I,0.001985429,0.301592952,-6.072114543,-3.045735474
,N179K,179,N,K,0.045742817,0.301592952,-3.919842175,0.090012065
,N179L,179,N,L,0.02667121,0.301592952,-3.587802033,-0.449431471
,N179M,179,N,M,0.011956008,0.301592952,-5.873141773,-1.251720713
,N179P,179,N,P,0.015155392,0.301592952,-5.565574135,-1.014627243
,N179Q,179,N,Q,0.03971477,0.301592952,-3.894490239,-0.05129917
,N179R,179,N,R,0.016199129,0.301592952,-4.019490441,-0.948032251
,N179S,179,N,S,0.013921395,0.301592952,-4.45939602,-1.099547761
,N179T,179,N,T,0.004227105,0.301592952,-5.385097069,-2.29104194
,N179V,179,N,V,0.001664337,0.301592952,-6.397526467,-3.221731312
,N179W,179,N,W,0.002202544,0.301592952,-7.452569504,-2.942159226
,N179Y,179,N,Y,0.020454107,0.301592952,-2.434391967,-0.714822013
,S180A,180,S,A,0.2738658,0.163130024,-1.699945588,2.217018706
,S180C,180,S,C,0.009397011,0.163130024,-4.237910435,-1.155071896
,S180D,180,S,D,0.039167073,0.163130024,-2.791265972,0.272215112
,S180E,180,S,E,0.066426195,0.163130024,0.019064625,0.800465105
,S180F,180,S,F,0.007882531,0.163130024,-5.030062284,-1.330757597
,S180G,180,S,G,0.07965984,0.163130024,-2.530213495,0.982139231
,S180H,180,S,H,0.06963328,0.163130024,-1.408106974,0.847616218
,S180I,180,S,I,0.018768873,0.163130024,-4.193635318,-0.463384321
,S180K,180,S,K,0.07070437,0.163130024,-0.624289926,0.86288095
,S180L,180,S,L,0.0905858,0.163130024,-4.911247447,1.110671403
,S180M,180,S,M,0.008912327,0.163130024,-4.227264187,-1.208012611
,S180N,180,S,N,0.013532572,0.163130024,1.319614106,-0.790443598
,S180P,180,S,P,0.01022279,0.163130024,-2.552164324,-1.070866547
,S180Q,180,S,Q,0.04700443,0.163130024,-1.549072669,0.454617671
,S180R,180,S,R,0.04167298,0.163130024,-2.999412833,0.334230456
,S180T,180,S,T,0.07752428,0.163130024,-2.03610669,0.954964803
,S180V,180,S,V,0.030070463,0.163130024,-4.455554042,0.007929675
,S180W,180,S,W,0.0003394,0.163130024,-6.38626822,-4.459565683
,S180Y,180,S,Y,0.014797038,0.163130024,-2.596033934,-0.701129505
,T181A,181,T,A,0.08909199,0.226530617,-1.955888352,-0.105381023
,T181C,181,T,C,0.003346489,0.226530617,-3.439973306,-3.386432863
,T181D,181,T,D,0.20448813,0.226530617,-0.242764338,0.725466912
,T181E,181,T,E,0.23685904,0.226530617,-0.734279826,0.872423439
,T181F,181,T,F,0.002746536,0.226530617,-3.462380399,-3.583761079
,T181G,181,T,G,0.006318317,0.226530617,-2.456732289,-2.751344548
,T181H,181,T,H,0.019740151,0.226530617,-0.784611258,-1.612374977
,T181I,181,T,I,0.014535892,0.226530617,-2.785313738,-1.918381866
,T181K,181,T,K,0.03659018,0.226530617,-1.859746477,-0.995270989
,T181L,181,T,L,0.006808811,0.226530617,-2.645720504,-2.676610857
,T181M,181,T,M,0.003452752,0.226530617,-2.980908894,-3.355205954
,T181N,181,T,N,0.04584447,0.226530617,-0.709338619,-0.769798143
,T181P,181,T,P,0.014230774,0.226530617,-2.158766175,-1.939593479
,T181Q,181,T,Q,0.035228368,0.226530617,-2.211425856,-1.033198746
,T181R,181,T,R,0.03272444,0.226530617,-3.019669726,-1.10692698
,T181S,181,T,S,0.09992715,0.226530617,-0.307245112,0.009391946
,T181V,181,T,V,0.04470182,0.226530617,-0.435803092,-0.795038423
,T181W,181,T,W,0.000592465,0.226530617,-5.788538088,-5.110848541
,T181Y,181,T,Y,0.003779188,0.226530617,-3.052305259,-3.264955731
,Y182A,182,Y,A,0.02965645,0.340253758,-5.812553201,-1.255620772
,Y182C,182,Y,C,0.0053632,0.340253758,-4.143375623,-2.965495856
,Y182D,182,Y,D,0.001403993,0.340253758,-5.778722334,-4.303910832
,Y182E,182,Y,E,0.003218766,0.340253758,-5.556774368,-3.475714488
,Y182F,182,Y,F,0.34169826,0.340253758,-1.434381569,1.188653355
,Y182G,182,Y,G,0.007488502,0.340253758,-4.744382822,-2.631804526
,Y182H,182,Y,H,0.007818039,0.340253758,-4.839337675,-2.588750579
,Y182I,182,Y,I,0.10673002,0.340253758,-2.549444593,0.025014095
,Y182K,182,Y,K,0.009627757,0.340253758,-3.185748444,-2.380576965
,Y182L,182,Y,L,0.04211504,0.340253758,-3.971473248,-0.904895018
,Y182M,182,Y,M,0.004322327,0.340253758,-5.211129701,-3.181148126
,Y182N,182,Y,N,0.001532537,0.340253758,-5.271723376,-4.216551893
,Y182P,182,Y,P,0.10686723,0.340253758,-4.410338617,0.026298866
,Y182Q,182,Y,Q,0.001906261,0.340253758,-5.810842093,-3.998831769
,Y182R,182,Y,R,0.003565938,0.340253758,-5.938863207,-3.373376282
,Y182S,182,Y,S,0.004923568,0.340253758,-4.737011066,-3.050982268
,Y182T,182,Y,T,0.012921589,0.340253758,-3.03874626,-2.086366384
,Y182V,182,Y,V,0.20282407,0.340253758,-3.987347725,0.667058922
,Y182W,182,Y,W,0.00192303,0.340253758,-4.934953487,-3.990090562
,E183A,183,E,A,0.07020552,0.380129846,-4.186316449,-1.787510922
,E183C,183,E,C,0.000527154,0.380129846,-7.826346226,-6.671747356
,E183D,183,E,D,0.24654005,0.380129846,-3.353282014,-0.531394846
,E183F,183,E,F,0.001029597,0.380129846,-6.579047454,-6.006772981
,E183G,183,E,G,0.016432824,0.380129846,-4.10164636,-3.239656494
,E183H,183,E,H,0.00765773,0.380129846,-4.869691067,-4.003130839
,E183I,183,E,I,0.005745036,0.380129846,-5.1788456,-4.290426093
,E183K,183,E,K,0.033663552,0.380129846,-3.458745854,-2.522531723
,E183L,183,E,L,0.003961369,0.380129846,-4.904399399,-4.661986574
,E183M,183,E,M,0.001206492,0.380129846,-6.102254235,-5.84882867
,E183N,183,E,N,0.02587867,0.380129846,-3.862927312,-2.785528546
,E183P,183,E,P,0.05751145,0.380129846,-3.593293643,-1.986957017
,E183Q,183,E,Q,0.03911519,0.380129846,-3.918710488,-2.372435333
,E183R,183,E,R,0.006756806,0.380129846,-5.201009274,-4.128264313
,E183S,183,E,S,0.027889412,0.380129846,-3.039649525,-2.710700764
,E183T,183,E,T,0.01981011,0.380129846,-5.200950071,-3.052751296
,E183V,183,E,V,0.014852559,0.380129846,-4.430275788,-3.340759855
,E183W,183,E,W,0.000131788,0.380129846,-8.80736242,-8.023154921
,E183Y,183,E,Y,0.001647355,0.380129846,-6.801996069,-5.538250878
,C184A,184,C,A,0.23940124,0.636143281,-4.051974681,0.849815948
,C184D,184,C,D,0.001072091,0.636143281,-7.424957983,-4.557580909
,C184E,184,C,E,0.000863583,0.636143281,-7.255129415,-4.773264553
,C184F,184,C,F,0.002955358,0.636143281,-4.024714104,-3.544727637
,C184G,184,C,G,0.61920863,0.636143281,-5.015959116,1.800130343
,C184H,184,C,H,0.000619166,0.636143281,-6.766359079,-5.104611413
,C184I,184,C,I,0.00214236,0.636143281,-4.601979276,-3.866260329
,C184K,184,C,K,0.000758066,0.636143281,-7.304454478,-4.90312345
,C184L,184,C,L,0.001416887,0.636143281,-5.908673005,-4.279256825
,C184M,184,C,M,0.004419853,0.636143281,-5.345507728,-3.142344521
,C184N,184,C,N,0.000360515,0.636143281,-7.212607212,-5.641315168
,C184P,184,C,P,0.002584016,0.636143281,-7.040135141,-3.678941182
,C184Q,184,C,Q,0.00018677,0.636143281,-7.951728332,-6.287853001
,C184R,184,C,R,0.000428472,0.636143281,-7.363993326,-5.470282733
,C184S,184,C,S,0.007849395,0.636143281,-4.626735323,-2.568044411
,C184T,184,C,T,0.004740264,0.636143281,-4.967002909,-3.072367119
,C184V,184,C,V,0.007835576,0.636143281,-4.674876723,-2.569806507
,C184W,184,C,W,6.59E-05,0.636143281,-8.798454463,-7.278038489
,C184Y,184,C,Y,0.000747079,0.636143281,-5.960879799,-4.917664721
,D185A,185,D,A,0.001651106,0.911440202,-7.687573835,-6.36253384
,D185C,185,D,C,0.000351599,0.911440202,-9.496062164,-7.905283935
,D185E,185,D,E,0.013279734,0.911440202,-6.748487509,-4.277523722
,D185F,185,D,F,0.000197774,0.911440202,-9.704281061,-8.474214614
,D185G,185,D,G,0.001075924,0.911440202,-8.114680023,-6.790535383
,D185H,185,D,H,0.00158708,0.911440202,-8.084069563,-6.402070315
,D185I,185,D,I,0.00013185,0.911440202,-9.993240314,-8.870886359
,D185K,185,D,K,0.00064826,0.911440202,-8.553110659,-7.296301163
,D185L,185,D,L,0.000252712,0.911440202,-9.452934496,-8.23248227
,D185M,185,D,M,0.000207192,0.911440202,-9.513673768,-8.428429726
,D185N,185,D,N,0.010904646,0.911440202,-5.355760345,-4.474608123
,D185P,185,D,P,0.000372004,0.911440202,-9.65978111,-7.849256925
,D185Q,185,D,Q,0.001750669,0.911440202,-7.481790571,-6.303997452
,D185R,185,D,R,0.000920693,0.911440202,-9.134674602,-6.946159799
,D185S,185,D,S,0.003519916,0.911440202,-6.88359799,-5.605567987
,D185T,185,D,T,0.006229577,0.911440202,-6.509541703,-5.034595869
,D185V,185,D,V,9.68E-05,0.911440202,-10.24959531,-9.169280177
,D185W,185,D,W,0,0.911440202,-11.42188047,-11.90514276
,D185Y,185,D,Y,0.000106212,0.911440202,-10.37753464,-9.080128294
,V186A,186,V,A,0.25950727,0.577580481,-3.033629717,0.581477713
,V186C,186,V,C,0.003984418,0.577580481,-3.795926794,-3.595188261
,V186D,186,V,D,0.000395624,0.577580481,-6.495511209,-5.899955677
,V186E,186,V,E,0.001049502,0.577580481,-5.38490388,-4.928433649
,V186F,186,V,F,0.000131875,0.577580481,-7.758087394,-6.978883582
,V186G,186,V,G,0.000131875,0.577580481,-7.750812102,-6.978883624
,V186H,186,V,H,0.000230781,0.577580481,-6.894529362,-6.432672716
,V186I,186,V,I,0.016991662,0.577580481,-4.466930398,-2.14474029
,V186K,186,V,K,0.008560859,0.577580481,-5.164482323,-2.830336579
,V186L,186,V,L,0.001384683,0.577580481,-5.169212882,-4.651668279
,V186M,186,V,M,7.15E-05,0.577580481,-8.010511397,-7.560425794
,V186N,186,V,N,0.000428592,0.577580481,-5.735845848,-5.82050917
,V186P,186,V,P,0.000197812,0.577580481,-7.403300609,-6.584029839
,V186Q,186,V,Q,0.000560467,0.577580481,-5.402372484,-5.553811282
,V186R,186,V,R,0.014464019,0.577580481,-2.709095806,-2.305816054
,V186S,186,V,S,0.017573046,0.577580481,-2.840867271,-2.111093309
,V186T,186,V,T,0.5291847,0.577580481,-0.755894243,1.294041829
,V186W,186,V,W,0,0.577580481,-9.064925687,-9.924697666
,V186Y,186,V,Y,6.59E-05,0.577580481,-8.261191561,-7.635946205
,F187A,187,F,A,0.005873253,0.401495474,-6.784685731,-4.402293235
,F187C,187,F,C,0.006923144,0.401495474,-7.139381536,-4.237885522
,F187D,187,F,D,0.001005877,0.401495474,-7.565425036,-6.163839567
,F187E,187,F,E,0.002540201,0.401495474,-7.826084091,-5.239833675
,F187G,187,F,G,0.000530005,0.401495474,-9.185658756,-6.800186625
,F187H,187,F,H,0.06255049,0.401495474,-4.188836271,-2.036911076
,F187I,187,F,I,0.0064911,0.401495474,-6.581252584,-4.302304206
,F187K,187,F,K,0.01758484,0.401495474,-5.881272594,-3.305844631
,F187L,187,F,L,0.024834253,0.401495474,-5.175509723,-2.960666798
,F187M,187,F,M,0.002899101,0.401495474,-8.114133219,-5.10783145
,F187N,187,F,N,0.000916361,0.401495474,-8.040618892,-6.256604803
,F187P,187,F,P,0.00127521,0.401495474,-8.694970768,-5.927494997
,F187Q,187,F,Q,0.011633229,0.401495474,-6.189295152,-3.718986433
,F187R,187,F,R,0.05171437,0.401495474,-6.701108856,-2.227152218
,F187S,187,F,S,0.016136974,0.401495474,-6.224405141,-3.391764627
,F187T,187,F,T,0.026828641,0.401495474,-7.147500484,-2.883421342
,F187V,187,F,V,0.03285541,0.401495474,-7.177588034,-2.680775331
,F187W,187,F,W,0.04844358,0.401495474,-6.385778687,-2.292488889
,F187Y,187,F,Y,0.19940841,0.401495474,-3.079625171,-0.877513276
,F188A,188,F,A,0.078634724,0.702921922,-6.211247768,-2.294078092
,F188C,188,F,C,0.000494891,0.702921922,-7.547506665,-7.361913584
,F188D,188,F,D,0,0.702921922,-10.43298357,-11.78382009
,F188E,188,F,E,0,0.702921922,-10.43298357,-11.78382069
,F188G,188,F,G,0.000717169,0.702921922,-7.926456706,-6.991712805
,F188H,188,F,H,0.000131971,0.702921922,-9.186540935,-8.669925952
,F188I,188,F,I,0.014815102,0.702921922,-4.926305246,-3.963451929
,F188K,188,F,K,0,0.702921922,-10.43298357,-11.78381988
,F188L,188,F,L,0.047819793,0.702921922,-3.185886335,-2.791491336
,F188M,188,F,M,0.047206715,0.702921922,-3.275703545,-2.804396052
,F188N,188,F,N,0.000131971,0.702921922,-8.794416358,-8.669925974
,F188P,188,F,P,0,0.702921922,-10.43298357,-11.78381994
,F188Q,188,F,Q,0,0.702921922,-10.43298357,-11.78381984
,F188R,188,F,R,0,0.702921922,-10.43298357,-11.7838203
,F188S,188,F,S,0.000524718,0.702921922,-7.175968699,-7.303554015
,F188T,188,F,T,0.000136351,0.702921922,-8.609359658,-8.638024751
,F188V,188,F,V,0.009547674,0.702921922,-4.841101786,-4.402901153
,F188W,188,F,W,0.001094536,0.702921922,-7.143162541,-6.569284983
,F188Y,188,F,Y,0.019113002,0.702921922,-4.806315336,-3.708682411
,P189A,189,P,A,0.009273108,0.81476208,-6.221456262,-4.580916108
,P189C,189,P,C,0.000682156,0.81476208,-8.132992767,-7.187412167
,P189D,189,P,D,0.017316516,0.81476208,-5.942355192,-3.956351867
,P189E,189,P,E,0.013258063,0.81476208,-7.313810352,-4.223419255
,P189F,189,P,F,0.000627143,0.81476208,-8.248491501,-7.271061158
,P189G,189,P,G,0.002845211,0.81476208,-7.338752328,-5.762190788
,P189H,189,P,H,0.004053325,0.81476208,-6.991583234,-5.408422035
,P189I,189,P,I,0.003465791,0.81476208,-6.205394516,-5.564972224
,P189K,189,P,K,0.006608212,0.81476208,-6.204583915,-4.919714587
,P189L,189,P,L,0.00223481,0.81476208,-6.532038399,-6.003515124
,P189M,189,P,M,0.000715163,0.81476208,-7.830212936,-7.140382177
,P189N,189,P,N,0.005812156,0.81476208,-5.301801086,-5.048066739
,P189Q,189,P,Q,0.00242522,0.81476208,-6.737031897,-5.921809963
,P189R,189,P,R,0.00319623,0.81476208,-7.353511683,-5.645910279
,P189S,189,P,S,0.010689557,0.81476208,-6.216319933,-4.438765109
,P189T,189,P,T,0.006126849,0.81476208,-5.868907448,-4.995342265
,P189V,189,P,V,0.005377818,0.81476208,-6.708316226,-5.125727364
,P189W,189,P,W,0,0.81476208,-11.13977714,-11.65181926
,P189Y,189,P,Y,0.000330075,0.81476208,-9.120178861,-7.907355262
,E190A,190,E,A,0.12098607,0.237614176,-3.5738694,-0.945366129
,E190C,190,E,C,0.001636933,0.237614176,-6.345044437,-5.246202065
,E190D,190,E,D,0.14514005,0.237614176,-2.97525637,-0.763340759
,E190F,190,E,F,0.003550052,0.237614176,-4.388364437,-4.473424016
,E190G,190,E,G,0.011958196,0.237614176,-4.720740928,-3.259549245
,E190H,190,E,H,0.01057023,0.237614176,-4.43117662,-3.382901945
,E190I,190,E,I,0.010336546,0.237614176,-5.257345655,-3.405253116
,E190K,190,E,K,0.054686204,0.237614176,-2.883390428,-1.73943472
,E190L,190,E,L,0.017521696,0.237614176,-5.563176046,-2.877572518
,E190M,190,E,M,0.005888092,0.237614176,-5.594594061,-3.967819013
,E190N,190,E,N,0.056230024,0.237614176,-3.196465165,-1.711595322
,E190P,190,E,P,0.08667629,0.237614176,-4.435573086,-1.27886381
,E190Q,190,E,Q,0.030655522,0.237614176,-3.564809283,-2.318227612
,E190R,190,E,R,0.019811578,0.237614176,-3.388657063,-2.754755131
,E190S,190,E,S,0.038765687,0.237614176,-2.982519,-2.08350898
,E190T,190,E,T,0.032769166,0.237614176,-5.816205366,-2.25155388
,E190V,190,E,V,0.036098246,0.237614176,-3.597971605,-2.154799303
,E190W,190,E,W,0.000632413,0.237614176,-7.362093425,-6.192130908
,E190Y,190,E,Y,0.004700914,0.237614176,-3.429318545,-4.192863
,I191A,191,I,A,0.003820057,0.371128209,-6.247557505,-4.347296841
,I191C,191,I,C,0.000654162,0.371128209,-7.384032551,-6.106975802
,I191D,191,I,D,0.003545342,0.371128209,-5.078179882,-4.421876392
,I191E,191,I,E,0.003068421,0.371128209,-5.983443692,-4.566230989
,I191F,191,I,F,0.21657963,0.371128209,-2.121780686,-0.309928015
,I191G,191,I,G,0.002573696,0.371128209,-6.250224044,-4.741870922
,I191H,191,I,H,0.001557759,0.371128209,-6.561916215,-5.243118927
,I191K,191,I,K,0.001413213,0.371128209,-5.992344907,-5.340257856
,I191L,191,I,L,0.21805348,0.371128209,-2.700835268,-0.303145886
,I191M,191,I,M,0.009870806,0.371128209,-2.6322478,-3.398293562
,I191N,191,I,N,0.00286701,0.371128209,-5.248471599,-4.63406
,I191P,191,I,P,0.015580911,0.371128209,-5.389539094,-2.941864046
,I191Q,191,I,Q,0.001417263,0.371128209,-5.436124234,-5.33740329
,I191R,191,I,R,0.002596942,0.371128209,-7.657194098,-4.732889415
,I191S,191,I,S,0.003145025,0.371128209,-6.324272643,-4.541593692
,I191T,191,I,T,0.006312973,0.371128209,-4.528151128,-3.845180071
,I191V,191,I,V,0.07011905,0.371128209,-4.054136512,-1.437710432
,I191W,191,I,W,0.060578853,0.371128209,-5.383903181,-1.583961893
,I191Y,191,I,Y,0.08097766,0.371128209,-2.896921095,-1.293728905
,N192A,192,N,A,0.023582665,0.36821247,-4.053691262,-1.469968015
,N192C,192,N,C,0.001052064,0.36821247,-5.389398164,-4.576421965
,N192D,192,N,D,0.49908277,0.36821247,-0.488229364,1.582308841
,N192E,192,N,E,0.06622081,0.36821247,-3.016904542,-0.437488768
,N192F,192,N,F,0.005126344,0.36821247,-3.099965975,-2.995791158
,N192G,192,N,G,0.059675004,0.36821247,-4.291196459,-0.541571298
,N192H,192,N,H,0.008306786,0.36821247,-5.108855314,-2.513290592
,N192I,192,N,I,0.005607235,0.36821247,-3.904427204,-2.906170186
,N192K,192,N,K,0.021610582,0.36821247,-0.617805554,-1.557293883
,N192L,192,N,L,0.015186945,0.36821247,-1.89004338,-1.910020164
,N192M,192,N,M,0.001575321,0.36821247,-5.146588807,-4.174138249
,N192P,192,N,P,0.06933173,0.36821247,-1.951088753,-0.391580469
,N192Q,192,N,Q,0.012814621,0.36821247,-2.853105983,-2.079852711
,N192R,192,N,R,0.019964762,0.36821247,-3.458994624,-1.63650488
,N192S,192,N,S,0.05989628,0.36821247,-3.28342945,-0.537870125
,N192T,192,N,T,0.018548673,0.36821247,-3.124594159,-1.710071762
,N192V,192,N,V,0.005913861,0.36821247,-4.653311178,-2.85295252
,N192W,192,N,W,0.001188114,0.36821247,-5.944272868,-4.455316704
,N192Y,192,N,Y,0.002752278,0.36821247,-4.533683945,-3.617226773
,E193A,193,E,A,0.08464974,0.106195139,-4.44705166,-0.571895016
,E193C,193,E,C,0.00206082,0.106195139,-6.332630827,-4.285525292
,E193D,193,E,D,0.058882665,0.106195139,-2.671779353,-0.9348685
,E193F,193,E,F,0.024226919,0.106195139,-4.075545935,-1.822920622
,E193G,193,E,G,0.032851093,0.106195139,-3.474982364,-1.518416793
,E193H,193,E,H,0.017406994,0.106195139,-5.701401515,-2.153480982
,E193I,193,E,I,0.00869661,0.106195139,-4.694557889,-2.847265536
,E193K,193,E,K,0.069097295,0.106195139,-2.969506836,-0.774900844
,E193L,193,E,L,0.073517166,0.106195139,-2.223680412,-0.71289779
,E193M,193,E,M,0.02131978,0.106195139,-2.309787381,-1.950739363
,E193N,193,E,N,0.020530421,0.106195139,-3.65015796,-1.988463411
,E193P,193,E,P,0.16223423,0.106195139,-4.287626912,0.078625653
,E193Q,193,E,Q,0.03073645,0.106195139,-3.749365247,-1.584949636
,E193R,193,E,R,0.07223389,0.106195139,-5.454129018,-0.730507279
,E193S,193,E,S,0.053666815,0.106195139,-1.543216099,-1.02761933
,E193T,193,E,T,0.033131048,0.106195139,-4.420772754,-1.509931286
,E193V,193,E,V,0.010611304,0.106195139,-4.333627394,-2.648340294
,E193W,193,E,W,0.046356935,0.106195139,-2.585764195,-1.174040919
,E193Y,193,E,Y,0.027822733,0.106195139,-4.159681094,-1.684540374
,N194A,194,N,A,0.12248672,0.19075212,-4.659110001,0.320833671
,N194C,194,N,C,0.00222461,0.19075212,-7.444573375,-3.686234897
,N194D,194,N,D,0.15366045,0.19075212,-2.150048888,0.547578186
,N194E,194,N,E,0.12903053,0.19075212,-2.767456851,0.372880496
,N194F,194,N,F,0.004482149,0.19075212,-5.965275898,-2.986589731
,N194G,194,N,G,0.058019456,0.19075212,-5.940914727,-0.426394331
,N194H,194,N,H,0.01552594,0.19075212,-4.804989812,-1.744610667
,N194I,194,N,I,0.004391331,0.19075212,-6.642905212,-3.0070444
,N194K,194,N,K,0.06070999,0.19075212,-3.260424092,-0.381064438
,N194L,194,N,L,0.015982699,0.19075212,-4.654505549,-1.715619184
,N194M,194,N,M,0.00560457,0.19075212,-5.692766526,-2.763253846
,N194P,194,N,P,0.01019845,0.19075212,-7.184064309,-2.164818786
,N194Q,194,N,Q,0.03988656,0.19075212,-5.017763293,-0.801131169
,N194R,194,N,R,0.031084819,0.19075212,-5.284575556,-1.05044627
,N194S,194,N,S,0.18061586,0.19075212,-2.794660382,0.709206679
,N194T,194,N,T,0.06166843,0.19075212,-4.304286651,-0.365400574
,N194V,194,N,V,0.008327323,0.19075212,-6.089920238,-2.367459065
,N194W,194,N,W,0.001435456,0.19075212,-8.906879151,-4.123203476
,N194Y,194,N,Y,0.005794984,0.19075212,-5.852318445,-2.729861372
,E195A,195,E,A,0.066409305,0.160891654,-4.774613688,-1.304676786
,E195C,195,E,C,0.003827356,0.160891654,-3.756697896,-4.157640009
,E195D,195,E,D,0.13191034,0.160891654,-0.163009387,-0.618389948
,E195F,195,E,F,0.016355902,0.160891654,-1.83044237,-2.70586467
,E195G,195,E,G,0.05520253,0.160891654,-3.28801152,-1.489504244
,E195H,195,E,H,0.019786183,0.160891654,-3.070621494,-2.515489778
,E195I,195,E,I,0.041233096,0.160891654,-1.310781105,-1.781267901
,E195K,195,E,K,0.064927034,0.160891654,0.317204018,-1.327249809
,E195L,195,E,L,0.03690797,0.160891654,-2.392021482,-1.892079082
,E195M,195,E,M,0.004887339,0.160891654,-4.210324202,-3.913379778
,E195N,195,E,N,0.045341168,0.160891654,-1.512488331,-1.686295385
,E195P,195,E,P,0.006647231,0.160891654,-4.618084325,-3.60601217
,E195Q,195,E,Q,0.11107752,0.160891654,-0.804271518,-0.790284924
,E195R,195,E,R,0.038200337,0.160891654,-2.790799148,-1.85766313
,E195S,195,E,S,0.024593204,0.160891654,-2.885224613,-2.298019644
,E195T,195,E,T,0.023766711,0.160891654,-2.685740314,-2.332201747
,E195V,195,E,V,0.05116272,0.160891654,-1.709284257,-1.565501186
,E195W,195,E,W,0.008614207,0.160891654,-5.107020914,-3.346904066
,E195Y,195,E,Y,0.004333437,0.160891654,-2.936023574,-4.033570547
,Y196A,196,Y,A,0.004446557,0.681407763,-6.220716934,-1.971984362
,Y196C,196,Y,C,0.000903486,0.681407763,-5.942749486,-3.563311088
,Y196D,196,Y,D,0.000867908,0.681407763,-6.096300165,-3.6033319
,Y196E,196,Y,E,0.001940908,0.681407763,-5.393039624,-2.800401581
,Y196F,196,Y,F,0.18124221,0.681407763,-0.885526025,1.735694649
,Y196G,196,Y,G,0.004872783,0.681407763,-5.678221818,-1.880473736
,Y196H,196,Y,H,0.00094949,0.681407763,-6.268593477,-3.513826741
,Y196I,196,Y,I,0.006194635,0.681407763,-4.001715828,-1.640500475
,Y196K,196,Y,K,0.002214768,0.681407763,-5.607059695,-2.668556891
,Y196L,196,Y,L,0.00930941,0.681407763,-3.374547927,-1.233191817
,Y196M,196,Y,M,0.00148663,0.681407763,-5.52314249,-3.066642122
,Y196N,196,Y,N,0.000959724,0.681407763,-6.055726657,-3.503143034
,Y196P,196,Y,P,0.000783252,0.681407763,-6.016990837,-3.705528402
,Y196Q,196,Y,Q,0.002396333,0.681407763,-4.768180442,-2.589838812
,Y196R,196,Y,R,0.001107771,0.681407763,-5.384086893,-3.360129486
,Y196S,196,Y,S,0.002889111,0.681407763,-6.012234858,-2.402971289
,Y196T,196,Y,T,0.00610074,0.681407763,-4.486409574,-1.655771855
,Y196V,196,Y,V,0.009285723,0.681407763,-5.295185781,-1.235739409
,Y196W,196,Y,W,0.7300979,0.681407763,-0.472411857,3.129056612
,Q197A,197,Q,A,0.030049788,0.200219845,-3.252077059,-1.418433813
,Q197C,197,Q,C,0.004350576,0.200219845,-4.771659408,-3.350495963
,Q197D,197,Q,D,0.026919274,0.200219845,-2.018261971,-1.528443434
,Q197E,197,Q,E,0.1538097,0.200219845,0.355616623,0.214425889
,Q197F,197,Q,F,0.002315695,0.200219845,-4.019595591,-3.980326646
,Q197G,197,Q,G,0.00757703,0.200219845,-2.682647132,-2.79597845
,Q197H,197,Q,H,0.03626814,0.200219845,-2.693254195,-1.23035371
,Q197I,197,Q,I,0.025112325,0.200219845,-3.262333837,-1.597924468
,Q197K,197,Q,K,0.1720494,0.200219845,0.647226668,0.326492414
,Q197L,197,Q,L,0.016949896,0.200219845,-3.578674858,-1.99099609
,Q197M,197,Q,M,0.005966107,0.200219845,-3.545267135,-3.034905814
,Q197N,197,Q,N,0.029935926,0.200219845,-1.001684,-1.422230005
,Q197P,197,Q,P,0.003387824,0.200219845,-4.503063112,-3.600386754
,Q197R,197,Q,R,0.18223318,0.200219845,-0.674342822,0.383998339
,Q197S,197,Q,S,0.036797084,0.200219845,-2.621836048,-1.215875035
,Q197T,197,Q,T,0.07934038,0.200219845,-1.350195731,-0.447548076
,Q197V,197,Q,V,0.05501473,0.200219845,-4.168481522,-0.813695458
,Q197W,197,Q,W,0.000502414,0.200219845,-6.032216248,-5.499985622
,Q197Y,197,Q,Y,0.007295173,0.200219845,-2.5511262,-2.833873204
,I198A,198,I,A,0.025996715,0.298156788,-4.751718979,-0.844544796
,I198C,198,I,C,0.019659052,0.298156788,-4.913428339,-1.123966957
,I198D,198,I,D,0.004767087,0.298156788,-5.25523087,-2.540429759
,I198E,198,I,E,0.32804295,0.298156788,-3.416795889,1.690643452
,I198F,198,I,F,0.002587933,0.298156788,-5.218318716,-3.150724877
,I198G,198,I,G,0.008738786,0.298156788,-6.690344551,-1.934631893
,I198H,198,I,H,0.002861651,0.298156788,-5.016717594,-3.050317922
,I198K,198,I,K,0.068934545,0.298156788,-2.204971261,0.130640168
,I198L,198,I,L,0.23998351,0.298156788,-2.098356286,1.378066376
,I198M,198,I,M,0.017270599,0.298156788,-3.21377464,-1.253491631
,I198N,198,I,N,0.005434549,0.298156788,-4.187632072,-2.409459926
,I198P,198,I,P,0.016767116,0.298156788,-3.284572123,-1.283075496
,I198Q,198,I,Q,0.030539867,0.298156788,-4.22260646,-0.683485069
,I198R,198,I,R,0.039842825,0.298156788,-3.418031167,-0.417577657
,I198S,198,I,S,0.012843967,0.298156788,-3.641272186,-1.54959561
,I198T,198,I,T,0.021656591,0.298156788,-5.443123531,-1.027199232
,I198V,198,I,V,0.09249519,0.298156788,-3.851609262,0.424642412
,I198W,198,I,W,0.000309084,0.298156788,-7.96402917,-5.260249437
,I198Y,198,I,Y,0.00077552,0.298156788,-6.819260075,-4.351674713
,I199A,199,I,A,0.07173018,0.267983041,-2.954849519,-0.710719883
,I199C,199,I,C,0.005092986,0.267983041,-2.974184858,-3.355397571
,I199D,199,I,D,0.017015016,0.267983041,-2.976845923,-2.149500782
,I199E,199,I,E,0.05457231,0.267983041,0.056351556,-0.984105765
,I199F,199,I,F,0.005558385,0.267983041,-3.390747795,-3.26800367
,I199G,199,I,G,0.00694712,0.267983041,-3.350954249,-3.045085473
,I199H,199,I,H,0.004205997,0.267983041,-3.390082803,-3.546618086
,I199K,199,I,K,0.031096477,0.267983041,-1.575096503,-1.54653274
,I199L,199,I,L,0.04730075,0.267983041,-1.383301109,-1.127106086
,I199M,199,I,M,0.008692882,0.267983041,-1.21267974,-2.820981034
,I199N,199,I,N,0.007371536,0.267983041,-2.185502598,-2.985808345
,I199P,199,I,P,0.001577578,0.267983041,-3.761778269,-4.525630548
,I199Q,199,I,Q,0.021928113,0.267983041,-1.533380465,-1.895845072
,I199R,199,I,R,0.017199252,0.267983041,-1.536298069,-2.138732062
,I199S,199,I,S,0.040096596,0.267983041,-1.965629194,-1.292339763
,I199T,199,I,T,0.18637377,0.267983041,0.899318934,0.244130571
,I199V,199,I,V,0.3091497,0.267983041,0.276993465,0.750206205
,I199W,199,I,W,0.013158313,0.267983041,-2.206146839,-2.406514548
,I199Y,199,I,Y,0.004930231,0.267983041,-4.058899278,-3.387855854
,S200A,200,S,A,0.12646647,0.1800914,-3.164269717,-0.765560976
,S200C,200,S,C,0.003257506,0.1800914,-5.865879259,-4.423687065
,S200D,200,S,D,0.06267183,0.1800914,-2.731953056,-1.467627029
,S200E,200,S,E,0.15156415,0.1800914,-3.268753344,-0.58452822
,S200F,200,S,F,0.028733255,0.1800914,-4.014483867,-2.247467697
,S200G,200,S,G,0.039019603,0.1800914,-3.070683906,-1.941468963
,S200H,200,S,H,0.02431595,0.1800914,-2.987976661,-2.414381398
,S200I,200,S,I,0.015011586,0.1800914,-5.267530539,-2.896643967
,S200K,200,S,K,0.05158076,0.1800914,-2.109934369,-1.662388957
,S200L,200,S,L,0.012989312,0.1800914,-5.077202366,-3.041316072
,S200M,200,S,M,0.003376537,0.1800914,-5.678126332,-4.387842864
,S200N,200,S,N,0.02945926,0.1800914,-1.95221577,-2.222515673
,S200P,200,S,P,0.014499676,0.1800914,-5.562887325,-2.93133489
,S200Q,200,S,Q,0.031303033,0.1800914,-4.025198248,-2.161811448
,S200R,200,S,R,0.036799878,0.1800914,-4.529140234,-2.000037141
,S200T,200,S,T,0.036731675,0.1800914,-3.19479626,-2.001892148
,S200V,200,S,V,0.020399624,0.1800914,-5.661606261,-2.589984407
,S200W,200,S,W,0.017795162,0.1800914,-5.753088927,-2.726561007
,S200Y,200,S,Y,0.022097727,0.1800914,-3.684250989,-2.510032557
,V201A,201,V,A,0.03874389,0.239367702,-3.42704306,0.165502567
,V201C,201,V,C,0.014151362,0.239367702,-3.629088444,-0.841597048
,V201D,201,V,D,0.03238675,0.239367702,-1.313544454,-0.01371734
,V201E,201,V,E,0.16426551,0.239367702,-1.793332952,1.610015522
,V201F,201,V,F,0.006963627,0.239367702,-4.287712919,-1.550527641
,V201G,201,V,G,0.014376369,0.239367702,-3.830334132,-0.825824219
,V201H,201,V,H,0.0245411,0.239367702,-3.689065127,-0.291107063
,V201I,201,V,I,0.01884539,0.239367702,-1.607658241,-0.55517068
,V201K,201,V,K,0.06467146,0.239367702,-1.222289605,0.677846108
,V201L,201,V,L,0.018718278,0.239367702,-2.262300711,-0.561937981
,V201M,201,V,M,0.003636587,0.239367702,-3.94746215,-2.199743354
,V201N,201,V,N,0.020932795,0.239367702,-2.787778161,-0.450129895
,V201P,201,V,P,0.006836847,0.239367702,-3.449653807,-1.568893788
,V201Q,201,V,Q,0.041967787,0.239367702,-2.740802753,0.245430685
,V201R,201,V,R,0.32694176,0.239367702,-1.428336059,2.298318504
,V201S,201,V,S,0.120652474,0.239367702,-1.94458272,1.301443405
,V201T,201,V,T,0.041784704,0.239367702,-1.821206808,0.241058729
,V201W,201,V,W,0.001796091,0.239367702,-5.23746282,-2.903983534
,V201Y,201,V,Y,0.004953125,0.239367702,-4.027209691,-1.891028371
,S202A,202,S,A,0.02529338,0.207707758,-4.354394695,-1.432394394
,S202C,202,S,C,0.004288685,0.207707758,-6.948161626,-3.206412908
,S202D,202,S,D,0.037166566,0.207707758,-5.58111866,-1.047541215
,S202E,202,S,E,0.30336487,0.207707758,-3.111876486,1.051988017
,S202F,202,S,F,0.009684579,0.207707758,-6.598373417,-2.392271635
,S202G,202,S,G,0.09479223,0.207707758,-4.371383983,-0.111268238
,S202H,202,S,H,0.1251521,0.207707758,-7.655924287,0.166575553
,S202I,202,S,I,0.008982213,0.207707758,-5.677765337,-2.467538951
,S202K,202,S,K,0.046494793,0.207707758,-3.462444035,-0.82361413
,S202L,202,S,L,0.013869533,0.207707758,-5.805930719,-2.033185368
,S202M,202,S,M,0.005237313,0.207707758,-6.572342562,-3.006733125
,S202N,202,S,N,0.0171952,0.207707758,-4.493402623,-1.818277162
,S202P,202,S,P,0.01393395,0.207707758,-6.19346012,-2.028552333
,S202Q,202,S,Q,0.064693235,0.207707758,-3.361229691,-0.493299765
,S202R,202,S,R,0.049048375,0.207707758,-4.236198366,-0.770147943
,S202T,202,S,T,0.03865877,0.207707758,-3.420679384,-1.008177923
,S202V,202,S,V,0.019577429,0.207707758,-5.469144885,-1.688542516
,S202W,202,S,W,0.004389455,0.207707758,-7.226922203,-3.183207411
,S202Y,202,S,Y,0.012228611,0.207707758,-6.074936229,-2.159080387
,D203A,203,D,A,0.0631408,0.127832675,-2.917794363,-0.704509538
,D203C,203,D,C,0.002953315,0.127832675,-5.388910267,-3.765886199
,D203E,203,D,E,0.2078847,0.127832675,-0.817817632,0.487109429
,D203F,203,D,F,0.018297207,0.127832675,-3.712603271,-1.943075097
,D203G,203,D,G,0.06837916,0.127832675,-2.493490455,-0.624809097
,D203H,203,D,H,0.042225294,0.127832675,-2.30722576,-1.106851984
,D203I,203,D,I,0.009973299,0.127832675,-2.76401911,-2.549800095
,D203K,203,D,K,0.07514506,0.127832675,-2.282633745,-0.530457091
,D203L,203,D,L,0.012025842,0.127832675,-4.190328361,-2.362699806
,D203M,203,D,M,0.004693626,0.127832675,-3.779247806,-3.303126307
,D203N,203,D,N,0.019605517,0.127832675,-2.836810424,-1.874019682
,D203P,203,D,P,0.094552316,0.127832675,-2.346789803,-0.300724227
,D203Q,203,D,Q,0.044223282,0.127832675,-2.953577732,-1.060620957
,D203R,203,D,R,0.043472398,0.127832675,-4.265312514,-1.07774581
,D203S,203,D,S,0.046364184,0.127832675,-3.126918793,-1.013345956
,D203T,203,D,T,0.045647383,0.127832675,-2.094678649,-1.028926684
,D203V,203,D,V,0.019480271,0.127832675,-3.206447315,-1.880427848
,D203W,203,D,W,0.040779583,0.127832675,-5.777396894,-1.141689067
,D203Y,203,D,Y,0.013432128,0.127832675,-2.880482388,-2.252129862
,V204A,204,V,A,0.11369758,0.103631573,-5.666479226,0.085428177
,V204C,204,V,C,0.008954178,0.103631573,-5.033057915,-2.45577864
,V204D,204,V,D,0.009974008,0.103631573,-4.051167784,-2.347951157
,V204E,204,V,E,0.044028558,0.103631573,-2.969513983,-0.86326844
,V204F,204,V,F,0.05561578,0.103631573,-3.798731359,-0.629644129
,V204G,204,V,G,0.020980427,0.103631573,-5.546827337,-1.604477642
,V204H,204,V,H,0.1884695,0.103631573,-6.30886634,0.590824035
,V204I,204,V,I,0.064657055,0.103631573,-2.438949092,-0.479015442
,V204K,204,V,K,0.069710255,0.103631573,-3.76165206,-0.403765769
,V204L,204,V,L,0.047421746,0.103631573,-2.721999243,-0.789027603
,V204M,204,V,M,0.013853443,0.103631573,-4.978855777,-2.019477628
,V204N,204,V,N,0.008553091,0.103631573,-4.894289809,-2.501589575
,V204P,204,V,P,0.061080743,0.103631573,-4.103491807,-0.535915515
,V204Q,204,V,Q,0.031318393,0.103631573,-4.988692903,-1.203889685
,V204R,204,V,R,0.04511948,0.103631573,-5.562981251,-0.838793395
,V204S,204,V,S,0.02410953,0.103631573,-5.244273152,-1.465472259
,V204T,204,V,T,0.041553874,0.103631573,-2.108115306,-0.921114716
,V204W,204,V,W,0.014933515,0.103631573,-4.698891601,-1.944416402
,V204Y,204,V,Y,0.03158092,0.103631573,-3.971206436,-1.195542443
,Y205A,205,Y,A,0.049691815,0.206206005,-5.404932252,1.861791993
,Y205C,205,Y,C,0.002688505,0.206206005,-5.565726097,-1.053952678
,Y205D,205,Y,D,0.35091832,0.206206005,-3.467266881,3.816513155
,Y205E,205,Y,E,0.05886848,0.206206005,-5.04863872,2.031256538
,Y205F,205,Y,F,0.010797014,0.206206005,-3.14564389,0.335342834
,Y205G,205,Y,G,0.042440742,0.206206005,-6.352134574,1.70406241
,Y205H,205,Y,H,0.021719849,0.206206005,-6.733835016,1.034205416
,Y205I,205,Y,I,0.021670323,0.206206005,-3.019349878,1.03192276
,Y205K,205,Y,K,0.03325343,0.206206005,-1.750962824,1.460116793
,Y205L,205,Y,L,0.020310463,0.206206005,-4.961422223,0.967120054
,Y205M,205,Y,M,0.010179161,0.206206005,-4.756677889,0.276429628
,Y205N,205,Y,N,0.034804985,0.206206005,-4.976415695,1.505718215
,Y205P,205,Y,P,0.053118326,0.206206005,-6.354275287,1.928473248
,Y205Q,205,Y,Q,0.11193987,0.206206005,-3.870996673,2.673913953
,Y205R,205,Y,R,0.026432682,0.206206005,-5.862936008,1.230568663
,Y205S,205,Y,S,0.049106136,0.206206005,-4.569890814,1.849935864
,Y205T,205,Y,T,0.052490488,0.206206005,-4.903867448,1.916583307
,Y205V,205,Y,V,0.041174088,0.206206005,-4.058661842,1.673763202
,Y205W,205,Y,W,0.000675218,0.206206005,-7.563038775,-2.42975375
,T206A,206,T,A,0.1324529,0.303111365,-2.106113411,0.843991835
,T206C,206,T,C,0.002105074,0.303111365,-2.554094732,-3.296600101
,T206D,206,T,D,0.076746374,0.303111365,-2.066726859,0.298265017
,T206E,206,T,E,0.3923942,0.303111365,0.583828375,1.930041853
,T206F,206,T,F,0.00229192,0.303111365,-2.153706938,-3.211712057
,T206G,206,T,G,0.022724465,0.303111365,-2.113058498,-0.918792287
,T206H,206,T,H,0.006825574,0.303111365,-2.568678672,-2.121373432
,T206I,206,T,I,0.007478717,0.303111365,-1.580181139,-2.030019158
,T206K,206,T,K,0.061471753,0.303111365,-0.65181565,0.076334741
,T206L,206,T,L,0.005369727,0.303111365,-1.647563498,-2.361169755
,T206M,206,T,M,0.002249577,0.303111365,-2.028525497,-3.230328074
,T206N,206,T,N,0.019066105,0.303111365,-0.280130048,-1.094313975
,T206P,206,T,P,0.022586048,0.303111365,-4.292537943,-0.924901772
,T206Q,206,T,Q,0.028211305,0.303111365,-2.355310709,-0.702517745
,T206R,206,T,R,0.02131901,0.303111365,-0.656206867,-0.98263258
,T206S,206,T,S,0.115972295,0.303111365,0.86757432,0.711114556
,T206V,206,T,V,0.019350812,0.303111365,-0.352623163,-1.079492562
,T206W,206,T,W,0.000637339,0.303111365,-4.023087106,-4.486068972
,T206Y,206,T,Y,0.003792791,0.303111365,-0.489326109,-2.708613346
,S207A,207,S,A,0.05583319,0.2381725,-3.413356835,0.15075482
,S207C,207,S,C,0.004096338,0.2381725,-3.303848274,-2.460996611
,S207D,207,S,D,0.14554057,0.2381725,-1.229921007,1.108847719
,S207E,207,S,E,0.1923219,0.2381725,-0.101312315,1.387565882
,S207F,207,S,F,0.006238084,0.2381725,-3.759129172,-2.040676448
,S207G,207,S,G,0.029281544,0.2381725,-1.574460057,-0.494649757
,S207H,207,S,H,0.017757043,0.2381725,-2.475107844,-0.994799785
,S207I,207,S,I,0.002495591,0.2381725,-4.012247992,-2.955984885
,S207K,207,S,K,0.25245407,0.2381725,-1.981910308,1.659627007
,S207L,207,S,L,0.003389879,0.2381725,-3.546663979,-2.650118687
,S207M,207,S,M,0.001228684,0.2381725,-5.42504928,-3.662704145
,S207N,207,S,N,0.03436362,0.2381725,-1.340092302,-0.334612137
,S207P,207,S,P,0.015619648,0.2381725,-4.115150005,-1.123040717
,S207Q,207,S,Q,0.027076848,0.2381725,-0.677266361,-0.57292581
,S207R,207,S,R,0.0988234,0.2381725,-4.865584978,0.721723861
,S207T,207,S,T,0.027864031,0.2381725,-2.869715102,-0.544269087
,S207V,207,S,V,0.006800401,0.2381725,-3.343209921,-1.95440434
,S207W,207,S,W,0.003314945,0.2381725,-4.475806938,-2.672447734
,S207Y,207,S,Y,0.027480409,0.2381725,-1.338762858,-0.558131989
,N208A,208,N,A,0.037104186,0.295259419,-4.549379686,-2.328099901
,N208C,208,N,C,0.001890749,0.295259419,-5.722782985,-5.30349166
,N208D,208,N,D,0.12541401,0.295259419,-1.811100803,-1.11019575
,N208E,208,N,E,0.07653564,0.295259419,-1.93906309,-1.604066306
,N208F,208,N,F,0.017946333,0.295259419,-5.074437862,-3.054430738
,N208G,208,N,G,0.06659223,0.295259419,-3.036550237,-1.743236738
,N208H,208,N,H,0.10192297,0.295259419,-6.089114307,-1.317601639
,N208I,208,N,I,0.001465017,0.295259419,-5.085775401,-5.557985045
,N208K,208,N,K,0.0416459,0.295259419,-1.772512338,-2.212626336
,N208L,208,N,L,0.00374915,0.295259419,-5.306633419,-4.619832088
,N208M,208,N,M,0.000544686,0.295259419,-6.698943015,-6.541778024
,N208P,208,N,P,0.010797401,0.295259419,-5.805629479,-3.562465437
,N208Q,208,N,Q,0.017810985,0.295259419,-3.590187976,-3.062000723
,N208R,208,N,R,0.008095424,0.295259419,-3.856243302,-3.85041823
,N208S,208,N,S,0.05892719,0.295259419,-3.336628489,-1.865523539
,N208T,208,N,T,0.04165688,0.295259419,-4.450062188,-2.212362666
,N208V,208,N,V,0.003542546,0.295259419,-4.343666057,-4.676469712
,N208W,208,N,W,7.51E-05,0.295259419,-8.979832369,-8.445807547
,N208Y,208,N,Y,0.00366261,0.295259419,-5.271430298,-4.643166723
,N209A,209,N,A,0.08036927,0.208306849,-2.869462184,0.615669399
,N209C,209,N,C,0.001783397,0.208306849,-3.821779961,-3.190681629
,N209D,209,N,D,0.10038014,0.208306849,-0.121860974,0.838003619
,N209E,209,N,E,0.06928364,0.208306849,-0.866495634,0.467245381
,N209F,209,N,F,0.002541873,0.208306849,-3.961596476,-2.837000251
,N209G,209,N,G,0.27795464,0.208306849,0.069372406,1.85650623
,N209H,209,N,H,0.012747739,0.208306849,-4.290181826,-1.225543817
,N209I,209,N,I,0.012530454,0.208306849,-3.543954113,-1.242733101
,N209K,209,N,K,0.085640766,0.208306849,-1.974844834,0.67919937
,N209L,209,N,L,0.0172212,0.208306849,-4.058222879,-0.924790103
,N209M,209,N,M,0.002541246,0.208306849,-5.284797688,-2.837246733
,N209P,209,N,P,0.1205373,0.208306849,-4.773195459,1.02100017
,N209Q,209,N,Q,0.037911583,0.208306849,-2.611276505,-0.135706109
,N209R,209,N,R,0.05119882,0.208306849,-3.47682231,0.164752193
,N209S,209,N,S,0.047008097,0.208306849,-4.179019883,0.079355674
,N209T,209,N,T,0.022873584,0.208306849,-3.58074027,-0.640966713
,N209V,209,N,V,0.011692386,0.208306849,-3.805626219,-1.311946383
,N209W,209,N,W,0.000376109,0.208306849,-6.744058836,-4.735281518
,N209Y,209,N,Y,0.001985858,0.208306849,-3.397120927,-3.083397822
,T210A,210,T,A,0.027298357,0.224253687,-4.806800838,-0.385956598
,T210C,210,T,C,0.009879863,0.224253687,-5.171082341,-1.402175956
,T210D,210,T,D,0.012669784,0.224253687,-3.946829633,-1.153500977
,T210E,210,T,E,0.008125199,0.224253687,-4.434587021,-1.597652638
,T210F,210,T,F,0.09489786,0.224253687,-4.059537058,0.860011389
,T210G,210,T,G,0.004417001,0.224253687,-4.774019004,-2.206859198
,T210H,210,T,H,0.105284214,0.224253687,-4.450234608,0.963874566
,T210I,210,T,I,0.11366481,0.224253687,-1.599814693,1.040465595
,T210K,210,T,K,0.001774259,0.224253687,-5.909235127,-3.117599039
,T210L,210,T,L,0.14481269,0.224253687,-2.344382085,1.282654925
,T210M,210,T,M,0.007600789,0.224253687,-4.149059703,-1.664349278
,T210N,210,T,N,0.027067654,0.224253687,-4.420904991,-0.394443414
,T210P,210,T,P,0.04854874,0.224253687,-4.846551841,0.189776066
,T210Q,210,T,Q,0.00390071,0.224253687,-5.058282285,-2.331060708
,T210R,210,T,R,0.001929204,0.224253687,-6.280951487,-3.034074257
,T210S,210,T,S,0.005099112,0.224253687,-6.299151079,-2.063350633
,T210V,210,T,V,0.076751105,0.224253687,-2.900266718,0.647776583
,T210W,210,T,W,0.009869727,0.224253687,-7.163100982,-1.403202133
,T210Y,210,T,Y,0.25625214,0.224253687,-3.560851521,1.853380566
,T211A,211,T,A,0.17447135,0.188753773,-4.130690757,1.529707274
,T211C,211,T,C,0.004217236,0.188753773,-5.145361965,-2.192384524
,T211D,211,T,D,0.15667854,0.188753773,-2.506273122,1.422141966
,T211E,211,T,E,0.07927722,0.188753773,-1.066467515,0.740890722
,T211F,211,T,F,0.002728786,0.188753773,-4.075280539,-2.627241598
,T211G,211,T,G,0.047175374,0.188753773,-5.312775012,0.221810487
,T211H,211,T,H,0.015500261,0.188753773,-4.888612961,-0.891161288
,T211I,211,T,I,0.005877927,0.188753773,-4.771489806,-1.860567783
,T211K,211,T,K,0.0695131,0.188753773,-2.347488833,0.609454318
,T211L,211,T,L,0.005149751,0.188753773,-4.3813591,-1.992752331
,T211M,211,T,M,0.001337071,0.188753773,-5.671031821,-3.338945927
,T211N,211,T,N,0.046417784,0.188753773,-2.982918082,0.205621183
,T211P,211,T,P,0.13634284,0.188753773,-3.341428452,1.283117069
,T211Q,211,T,Q,0.03241118,0.188753773,-2.797667962,-0.153554231
,T211R,211,T,R,0.09856279,0.188753773,-4.967524028,0.958635424
,T211S,211,T,S,0.07380961,0.188753773,-1.618028875,0.669428395
,T211V,211,T,V,0.008874463,0.188753773,-3.163582066,-1.448744207
,T211W,211,T,W,0.000611161,0.188753773,-6.381779193,-4.11707473
,T211Y,211,T,Y,0.003252963,0.188753773,-5.156758835,-2.451753848
,L212A,212,L,A,0.002255819,0.55380026,-6.053784932,-2.588796822
,L212C,212,L,C,0.015806409,0.55380026,-4.098650635,-0.642037411
,L212D,212,L,D,1.02E-06,0.55380026,-10.13549784,-8.192163199
,L212E,212,L,E,0,0.55380026,-10.1559376,-8.303671649
,L212F,212,L,F,0.27687344,0.55380026,-3.850257641,2.221249051
,L212G,212,L,G,0.000998436,0.55380026,-6.645084216,-3.402834245
,L212H,212,L,H,0.056950785,0.55380026,-4.461413833,0.639823862
,L212I,212,L,I,0.009370198,0.55380026,-4.29733849,-1.164958486
,L212K,212,L,K,0,0.55380026,-10.1559376,-8.303671065
,L212M,212,L,M,0.022341758,0.55380026,-4.483181712,-0.295967598
,L212N,212,L,N,0.00018674,0.55380026,-8.211245492,-5.063373546
,L212P,212,L,P,0.000224088,0.55380026,-7.901433312,-4.884886667
,L212Q,212,L,Q,0.000298784,0.55380026,-7.661514305,-4.601697918
,L212R,212,L,R,0.00018674,0.55380026,-8.058461947,-5.063373542
,L212S,212,L,S,0.003018574,0.55380026,-5.812193858,-2.297646234
,L212T,212,L,T,0.019740466,0.55380026,-4.624771893,-0.419764221
,L212V,212,L,V,0.006882803,0.55380026,-5.084903716,-1.473481714
,L212W,212,L,W,0.00622016,0.55380026,-4.3767874,-1.574714112
,L212Y,212,L,Y,0.5486076,0.55380026,-1.998659871,2.905081678
,D213A,213,D,A,0.083359316,0.219022072,-6.141956403,-0.085726835
,D213C,213,D,C,0.014728449,0.219022072,-4.640079776,-1.819058111
,D213E,213,D,E,0.09500474,0.219022072,-3.639817973,0.045040536
,D213F,213,D,F,0.004469545,0.219022072,-4.719908664,-3.01114505
,D213G,213,D,G,0.003333379,0.219022072,-6.563353969,-3.304182387
,D213H,213,D,H,0.021486856,0.219022072,-4.478351184,-1.441428638
,D213I,213,D,I,0.00696148,0.219022072,-3.796759687,-2.568277688
,D213K,213,D,K,0.039747216,0.219022072,-2.205493836,-0.826347971
,D213L,213,D,L,0.002319218,0.219022072,-5.53492422,-3.666430469
,D213M,213,D,M,0.001101754,0.219022072,-5.965592698,-4.408549241
,D213N,213,D,N,0.015711548,0.219022072,-3.049592283,-1.754450065
,D213P,213,D,P,0.007262706,0.219022072,-5.6592456,-2.525933023
,D213Q,213,D,Q,0.031172743,0.219022072,-2.415539716,-1.069339872
,D213R,213,D,R,0.16728121,0.219022072,-2.388949237,0.610795039
,D213S,213,D,S,0.20685804,0.219022072,-2.401353287,0.823153371
,D213T,213,D,T,0.15838805,0.219022072,-4.129751191,0.556166284
,D213V,213,D,V,0.020915091,0.219022072,-3.526333568,-1.468397577
,D213W,213,D,W,0.002702023,0.219022072,-5.10209122,-3.51390422
,D213Y,213,D,Y,0.026376002,0.219022072,-4.759893385,-1.236424626
,F214A,214,F,A,0.001575506,0.70575621,-7.595917156,-6.203036178
,F214C,214,F,C,0.002132059,0.70575621,-7.034690152,-5.900742103
,F214D,214,F,D,0.000740298,0.70575621,-8.606828965,-6.956844759
,F214E,214,F,E,0,0.70575621,-11.23947234,-11.58560394
,F214G,214,F,G,0.000227784,0.70575621,-9.270652471,-8.125264269
,F214H,214,F,H,0.009163782,0.70575621,-4.721450319,-4.442706724
,F214I,214,F,I,0.035499465,0.70575621,-6.04583196,-3.088327008
,F214K,214,F,K,1.90E-05,0.70575621,-10.91039855,-10.36187726
,F214L,214,F,L,0.008458649,0.70575621,-6.737541205,-4.522783068
,F214M,214,F,M,0.006411772,0.70575621,-5.131863835,-4.799856071
,F214N,214,F,N,0.000227784,0.70575621,-8.938379384,-8.12526431
,F214P,214,F,P,0,0.70575621,-11.23947234,-11.58560552
,F214Q,214,F,Q,0.00037964,0.70575621,-8.780202635,-7.620882311
,F214R,214,F,R,0.002210138,0.70575621,-6.933284361,-5.864793384
,F214S,214,F,S,0.001099186,0.70575621,-7.75932338,-6.562561754
,F214T,214,F,T,0.003182649,0.70575621,-6.572941685,-5.500249966
,F214V,214,F,V,0.015321163,0.70575621,-5.155805607,-3.928681875
,F214W,214,F,W,0.013421628,0.70575621,-6.944419863,-4.061062386
,F214Y,214,F,Y,0.1211365,0.70575621,-3.305071474,-1.86086248
,I215A,215,I,A,0.03273445,0.214143512,-2.441228868,-0.752821507
,I215C,215,I,C,0.03638886,0.214143512,-1.137331396,-0.646988533
,I215D,215,I,D,0.009666679,0.214143512,-2.725294631,-1.972450881
,I215E,215,I,E,0.10395384,0.214143512,0.372164337,0.402697593
,I215F,215,I,F,0.010511388,0.214143512,-0.667420547,-1.888694334
,I215G,215,I,G,0.002043128,0.214143512,-2.757162837,-3.525315024
,I215H,215,I,H,0.010192619,0.214143512,-1.971308341,-1.919483491
,I215K,215,I,K,0.03446796,0.214143512,-1.505116482,-0.701220179
,I215L,215,I,L,0.12120419,0.214143512,-0.517732757,0.556228675
,I215M,215,I,M,0.012478775,0.214143512,-1.915226723,-1.717154086
,I215N,215,I,N,0.013258565,0.214143512,-0.355258287,-1.656548151
,I215P,215,I,P,7.74E-05,0.214143512,-6.447031453,-6.711935382
,I215Q,215,I,Q,0.07373724,0.214143512,-1.058880603,0.05925599
,I215R,215,I,R,0.044216085,0.214143512,-2.493049504,-0.452164214
,I215S,215,I,S,0.033068158,0.214143512,-0.77890288,-0.742678914
,I215T,215,I,T,0.07028811,0.214143512,-1.122707816,0.011350334
,I215V,215,I,V,0.30544698,0.214143512,1.878890833,1.48053633
,I215W,215,I,W,0.001083966,0.214143512,-3.811791193,-4.15714523
,I215Y,215,I,Y,0.015686754,0.214143512,-2.183603864,-1.488394884
,I216A,216,I,A,0.004984909,0.264889947,-6.12726965,-3.22271636
,I216C,216,I,C,0.00750533,0.264889947,-4.839725154,-2.813691424
,I216D,216,I,D,0.03829993,0.264889947,-5.60404793,-1.184016992
,I216E,216,I,E,0.04588854,0.264889947,-3.458773883,-1.003249787
,I216F,216,I,F,0.009093096,0.264889947,-5.200101198,-2.62183976
,I216G,216,I,G,0.003035463,0.264889947,-7.29434622,-3.718359355
,I216H,216,I,H,0.01672759,0.264889947,-5.367437146,-2.012379798
,I216K,216,I,K,0.032354582,0.264889947,-5.38540028,-1.35270812
,I216L,216,I,L,0.048265923,0.264889947,-2.773426872,-0.95273928
,I216M,216,I,M,0.031511668,0.264889947,-3.955541742,-1.379105561
,I216N,216,I,N,0.010262035,0.264889947,-6.260566735,-2.50092852
,I216P,216,I,P,0,0.264889947,-10.84463768,-9.46635177
,I216Q,216,I,Q,0.017705007,0.264889947,-5.767496477,-1.95559571
,I216R,216,I,R,0.050339255,0.264889947,-5.509187563,-0.9106797
,I216S,216,I,S,0.026008943,0.264889947,-4.64945958,-1.571019385
,I216T,216,I,T,0.3102266,0.264889947,-3.537269128,0.907855634
,I216V,216,I,V,0.21003203,0.264889947,-0.652088574,0.517809146
,I216W,216,I,W,0.003867896,0.264889947,-7.576290078,-3.476247957
,I216Y,216,I,Y,0.008748303,0.264889947,-4.533941343,-2.660486541
,Y217A,217,Y,A,0,0.666104478,-11.00708851,-11.94634944
,Y217C,217,Y,C,9.50E-05,0.666104478,-9.930379956,-8.864531259
,Y217D,217,Y,D,0,0.666104478,-11.00708851,-11.94634915
,Y217E,217,Y,E,0,0.666104478,-11.00708851,-11.94634568
,Y217F,217,Y,F,0.07065456,0.666104478,-3.885608796,-2.256039672
,Y217G,217,Y,G,0,0.666104478,-11.00708851,-11.94634487
,Y217H,217,Y,H,0.002540764,0.666104478,-6.145893536,-5.582820233
,Y217I,217,Y,I,0.000177759,0.666104478,-9.017685286,-8.243740759
,Y217K,217,Y,K,0,0.666104478,-11.00708851,-11.9463504
,Y217L,217,Y,L,0.13116805,0.666104478,-4.205605212,-1.637314883
,Y217M,217,Y,M,0.000950608,0.666104478,-7.658796854,-6.567193577
,Y217N,217,Y,N,0,0.666104478,-11.00708851,-11.94635167
,Y217P,217,Y,P,0,0.666104478,-11.00708851,-11.94634407
,Y217Q,217,Y,Q,2.96E-05,0.666104478,-10.55453274,-9.974185684
,Y217R,217,Y,R,0,0.666104478,-11.00708851,-11.94635011
,Y217S,217,Y,S,0,0.666104478,-11.00708851,-11.94634379
,Y217T,217,Y,T,0,0.666104478,-11.00708851,-11.94634933
,Y217V,217,Y,V,0.000266638,0.666104478,-8.591138938,-7.839370963
,Y217W,217,Y,W,0.11977238,0.666104478,-4.244398253,-1.728206727
