mutant,ddG,dTm
A4C,0.614364624,3.481002808
A4D,-2.456817627,-14.44657898
A4E,-1.408622742,-7.91519165
A4F,0.646713257,3.216598511
A4G,-1.488828659,-7.833099365
A4H,-1.222129822,-6.586105347
A4I,1.099416733,5.287414551
A4K,-0.593774796,-2.90171814
A4L,1.051940918,5.400177002
A4M,-0.11350441,-1.009872437
A4N,-3.02280426,-16.48513794
A4P,-1.193143845,-6.787002563
A4Q,-0.847284317,-4.400756836
A4R,-1.157655716,-5.86126709
A4S,-2.189611435,-11.4851532
A4T,-2.23976326,-12.04937744
A4V,1.066160202,5.176803589
A4W,-0.811435699,-3.464828491
A4Y,-0.427465439,-2.668960571
A51C,0.26496315,0.826293945
A51D,-0.189285278,-1.324569702
A51E,0.181745529,0.670150757
A51F,0.333234787,0.884033203
A51G,-0.341047287,-2.079025269
A51H,-0.155387878,-0.923629761
A51I,-0.009544373,-0.192092896
A51K,0.139076233,0.894256592
A51L,0.213006973,0.152816772
A51M,0.111038208,0.521591187
A51N,0.029441833,-0.223190308
A51P,-2.631673813,-16.20726013
A51Q,0.040313721,0.2137146
A51R,-0.159893036,-0.537414551
A51S,0.225772858,0.774353027
A51T,-0.108512878,-0.984970093
A51V,-0.028009415,-0.790679932
A51W,0.335540771,1.187271118
A51Y,0.478700638,1.533096313
A7C,-0.02576828,0.279769897
A7D,0.095523834,-0.232208252
A7E,-0.297193527,-1.002075195
A7F,0.445617676,2.786254883
A7G,0.158550262,0.797866821
A7H,-0.072154999,-0.422546387
A7I,0.806552887,4.069000244
A7K,-0.099630356,-0.059921265
A7L,0.338499069,2.301757813
A7M,0.051553726,0.80758667
A7N,0.098987579,-0.024841309
A7P,-0.460708618,-2.529129028
A7Q,-0.328601837,-1.494842529
A7R,-0.491895676,-2.491760254
A7S,-0.147195816,-0.769393921
A7T,-0.305324554,-1.588165283
A7V,0.64084053,2.854019165
A7W,0.030370712,0.58416748
A7Y,0.282781601,1.835388184
C152A,-0.317676544,-1.859542847
C152D,-0.126861572,-0.762710571
C152E,-0.624559402,-3.201919556
C152F,-0.248720169,-2.059829712
C152G,-0.1531353,-0.937896729
C152H,-0.329891205,-1.777053833
C152I,0.643964767,2.701477051
C152K,-0.54133606,-2.903060913
C152L,-0.32979393,-2.201629639
C152M,-0.056592941,-0.70866394
C152N,-0.324533463,-2.087219238
C152P,-0.507076263,-2.523834229
C152Q,-0.524860382,-3.167205811
C152R,0.002580643,0.024230957
C152S,-0.507604599,-3.129089355
C152T,-0.350351334,-3.523864746
C152V,0.433719635,1.363067627
C152W,-0.033372879,-0.016021729
C152Y,-0.39598465,-3.1927948
C184A,-0.521408081,-3.31010437
C184D,-1.854888916,-9.903411865
C184E,-1.50419426,-8.951004028
C184F,-0.722856522,-4.100723267
C184G,-0.513549805,-2.77722168
C184H,-0.970342636,-6.588272095
C184I,-0.363378525,-1.422683716
C184K,-1.46661377,-7.350631714
C184L,-1.290328979,-7.087203979
C184M,-1.169130325,-5.930892944
C184N,-1.018503189,-5.796981812
C184P,-1.241937637,-5.822967529
C184Q,-1.1828022,-6.249938965
C184R,-1.844026566,-9.618453979
C184S,-0.667726517,-3.854797363
C184T,-1.69282341,-11.31735229
C184V,-0.400749207,-2.517089844
C184W,-1.532144547,-7.962722778
C184Y,-0.963960648,-6.112182617
C41A,-0.986949921,-5.11378479
C41D,-0.526895523,-3.660842896
C41E,-0.282215118,-2.253128052
C41F,-1.147603989,-6.58505249
C41G,-0.775932312,-4.273162842
C41H,-0.70554924,-3.843139648
C41I,-0.917860031,-5.034118652
C41K,-0.696046829,-3.499954224
C41L,-1.200378418,-6.172180176
C41M,-1.065202713,-5.935150146
C41N,-0.503717422,-3.164749146
C41P,-0.59554863,-3.983520508
C41Q,-0.768777847,-3.701370239
C41R,-0.835754395,-4.463134766
C41S,-0.924636841,-5.173294067
C41T,-0.848806381,-4.978530884
C41V,-0.507537842,-3.5340271
C41W,-1.509977341,-8.123245239
C41Y,-1.067583084,-5.975631714
C50A,-0.438440323,-1.70526123
C50D,-1.407154083,-7.985412598
C50E,-0.085584641,-0.745788574
C50F,-0.444257736,-2.073867798
C50G,-1.077663422,-5.104995728
C50H,-0.448947906,-2.066375732
C50I,0.472183228,1.789398193
C50K,-0.447038651,-1.631973267
C50L,0.018630981,-0.065216064
C50M,-0.305902481,-1.020935059
C50N,-0.859937668,-5.526351929
C50P,-2.99445343,-19.86381531
C50Q,-0.388746262,-2.346054077
C50R,-0.602657318,-2.640686035
C50S,-0.702125549,-4.026092529
C50T,-0.625976563,-3.072021484
C50V,0.252204895,1.072174072
C50W,-0.663787842,-2.315628052
C50Y,-0.281963348,-1.543701172
C69A,-1.445529938,-5.940826416
C69D,-1.301054001,-7.624298096
C69E,-1.610208511,-6.757705688
C69F,-1.609279633,-7.888549805
C69G,-1.426305771,-5.968841553
C69H,-1.599336624,-7.024963379
C69I,-1.808242798,-8.056060791
C69K,-1.573949814,-6.354705811
C69L,-1.48015976,-5.893066406
C69M,-1.504592896,-5.947647095
C69N,-1.449533463,-7.219299316
C69P,-1.996639252,-9.520294189
C69Q,-1.728096008,-7.336456299
C69R,-1.701454163,-7.056030273
C69S,-1.346776962,-5.772735596
C69T,-2.245502472,-10.254776
C69V,-1.689222336,-7.551635742
C69W,-1.515476227,-6.67477417
C69Y,-1.446281433,-7.623138428
C6A,-0.465738297,-2.625198364
C6D,0.058628082,0.090103149
C6E,-0.219385147,-1.398712158
C6F,0.141086578,0.409866333
C6G,-1.127985001,-7.20401001
C6H,-0.062475204,-0.753829956
C6I,0.378631592,1.550323486
C6K,-0.091602325,-0.077438354
C6L,-0.151599884,-1.035995483
C6M,0.226644516,0.562530518
C6N,-0.541545868,-2.747238159
C6P,-1.115976334,-6.770751953
C6Q,-0.05553627,-0.967651367
C6R,-0.073970795,-0.436676025
C6S,-1.078968048,-5.964828491
C6T,-1.040212631,-5.705718994
C6V,0.312826157,0.975448608
C6W,-0.523807526,-2.802520752
C6Y,0.029851913,-0.506271362
C8A,-0.105737686,-0.046600342
C8D,-0.235084534,-1.085968018
C8E,-0.185773849,-0.541168213
C8F,0.658401489,4.007919312
C8G,-0.538984299,-2.570068359
C8H,0.330526352,1.901763916
C8I,0.616046906,3.541595459
C8K,-0.086864471,0.438934326
C8L,0.513652802,2.98374939
C8M,0.540382385,1.955535889
C8N,-0.172908783,-0.55380249
C8P,-0.065000534,0.175247192
C8Q,-0.233282089,-0.792800903
C8R,-0.202035904,-0.23286438
C8S,0.061702728,0.760757446
C8T,0.090305328,0.379486084
C8V,0.398160934,2.228012085
C8W,0.096437454,1.163223267
C8Y,0.649160385,3.332992554
C9A,0.019115448,-0.140258789
C9D,-0.197906494,-1.871963501
C9E,-0.145454407,-1.271179199
C9F,0.22508049,0.457351685
C9G,-0.122108459,-1.073364258
C9H,0.144237518,0.323303223
C9I,0.301700592,1.028869629
C9K,-0.100456238,-0.468826294
C9L,0.089351654,0.063522339
C9M,-0.328395844,-2.487579346
C9N,0.162195206,0.201797485
C9P,-0.166604996,-0.72442627
C9Q,-0.15332222,-0.596923828
C9R,0.149536133,0.92678833
C9S,0.200363159,0.409790039
C9T,0.228305817,0.163330078
C9V,-0.002965927,-0.576690674
C9W,-0.012895584,-0.107177734
C9Y,0.196529388,0.252578735
D126A,-0.553865433,-1.948883057
D126C,0.205442429,1.190948486
D126E,-0.322677612,-0.733459473
D126F,-0.279109955,-0.930450439
D126G,-0.647975922,-3.183685303
D126H,-0.67622757,-2.424880981
D126I,0.029651642,0.629730225
D126K,-0.699195862,-2.911331177
D126L,-0.662479401,-2.17401123
D126M,-0.512226105,-1.324569702
D126N,-0.362518311,-1.386230469
D126P,-0.864515305,-4.441589355
D126Q,-0.48739624,-1.601501465
D126R,-0.42505455,-1.379989624
D126S,-0.428039551,-1.14024353
D126T,-0.398216248,-1.276565552
D126V,0.018610001,-0.082351685
D126W,-0.246704102,-0.753082275
D126Y,-0.059230804,-0.070770264
D128A,-0.04042244,0.024581909
D128C,0.193935394,1.166107178
D128E,-0.091058731,-0.183425903
D128F,-0.310359955,-1.45413208
D128G,0.159267426,0.359207153
D128H,-0.052124023,-0.16746521
D128I,-0.319511414,-0.709320068
D128K,-0.099884033,-0.092269897
D128L,-0.127195358,0.084335327
D128M,-0.074001312,0.019790649
D128N,-0.106266022,-0.657821655
D128P,0.475671768,2.195159912
D128Q,-0.086549759,0.035552979
D128R,0.242679596,1.177001953
D128S,-0.267913818,-0.879974365
D128T,-0.191162109,-0.877365112
D128V,-0.113733292,-0.072357178
D128W,-0.215496063,-0.735015869
D128Y,-0.024337769,-0.051574707
D130A,-0.211523056,0.168945313
D130C,-0.194499969,0.259185791
D130E,-0.402006149,-1.520690918
D130F,0.347259521,1.374588013
D130G,-0.368160248,-1.574249268
D130H,-0.044143677,-0.191726685
D130I,-0.636379242,-1.960449219
D130K,-0.321086884,-0.721374512
D130L,0.002286911,0.652908325
D130M,-0.064716339,0.724884033
D130N,0.36724472,2.138595581
D130P,-1.156362534,-5.822463989
D130Q,-0.23138237,-1.002212524
D130R,-0.002576828,0.606765747
D130S,-0.125556946,0.104278564
D130T,0.065711975,0.387908936
D130V,-0.653232574,-2.436904907
D130W,-0.015727997,-0.097213745
D130Y,0.118829727,0.611373901
D139A,-0.960660934,-4.589004517
D139C,-0.916965485,-4.432632446
D139E,-0.163095474,-0.260940552
D139F,-0.955366135,-5.25239563
D139G,-1.186750412,-5.858261108
D139H,-1.044086456,-4.892745972
D139I,-0.864145279,-4.945526123
D139K,-1.167013168,-5.256958008
D139L,-1.110490799,-5.260757446
D139M,-0.729204178,-3.305633545
D139N,-1.09809494,-5.476028442
D139P,-2.018388748,-10.47888184
D139Q,-0.45215416,-1.832977295
D139R,-1.252590179,-6.160079956
D139S,-1.274044037,-6.025939941
D139T,-1.397224426,-6.727737427
D139V,-1.259685516,-6.911849976
D139W,-0.536880493,-2.663528442
D139Y,-0.787918091,-4.165420532
D185A,-0.36872673,-2.551956177
D185C,0.199037552,0.311309814
D185E,-0.063671112,-0.692993164
D185F,0.624546051,2.199249268
D185G,-0.366662979,-2.721511841
D185H,0.356121063,1.211593628
D185I,0.461051941,1.385131836
D185K,0.28726387,0.894393921
D185L,0.433429718,1.465957642
D185M,0.163963318,0.352020264
D185N,0.019348145,-0.377593994
D185P,-0.758853912,-4.79675293
D185Q,0.270431519,1.155761719
D185R,0.408748627,1.43800354
D185S,-0.162445068,-1.399642944
D185T,-0.039180756,-0.858825684
D185V,0.201963425,0.18296814
D185W,0.002937317,-1.2915802
D185Y,0.647411346,2.127441406
D1A,0.446973801,2.863449097
D1C,0.409925461,2.457351685
D1E,0.323610306,2.209594727
D1F,0.350639343,2.670944214
D1G,0.212697983,1.698562622
D1H,0.34913063,2.174316406
D1I,0.205217361,1.447235107
D1K,0.133775711,1.125518799
D1L,0.535848618,3.56149292
D1M,0.400112152,2.417282104
D1N,0.07125473,0.347732544
D1P,0.245698929,1.700759888
D1Q,0.295295715,1.901397705
D1R,0.191516876,1.508453369
D1S,0.159521103,1.179260254
D1T,0.326360703,2.136413574
D1V,0.362136841,2.398330688
D1W,0.420778275,2.378555298
D1Y,0.34303093,2.186508179
D203A,0.09277153,0.719085693
D203C,0.398216248,1.865493774
D203E,-0.098880768,-0.000518799
D203F,0.506397247,1.652328491
D203G,-0.389783859,-1.462997437
D203H,0.041389465,0.137863159
D203I,0.785963058,3.515640259
D203K,0.28518486,1.116912842
D203L,0.319646835,1.459976196
D203M,0.120002747,0.391937256
D203N,-0.050508499,-0.37953186
D203P,0.511619568,2.121246338
D203Q,0.011468887,0.240463257
D203R,0.044307709,0.209747314
D203S,-0.00327301,0.172714233
D203T,0.011367798,-0.091186523
D203V,0.470783234,2.05418396
D203W,-0.015254974,-0.202514648
D203Y,0.082788467,0.181289673
D213A,0.317647934,1.918914795
D213C,1.093589783,6.01449585
D213E,0.383390427,3.331085205
D213F,0.951869965,3.923568726
D213G,-0.406349182,-1.532119751
D213H,0.432832718,3.17539978
D213I,0.897499084,5.115661621
D213K,0.400001526,3.609237671
D213L,0.734592438,4.17678833
D213M,0.969770432,5.293914795
D213N,0.390577316,2.091506958
D213P,-1.879730225,-10.91596985
D213Q,0.618879318,4.335067749
D213R,0.36217308,3.125030518
D213S,0.752824783,4.37387085
D213T,0.680847168,4.01965332
D213V,0.826768875,4.42779541
D213W,0.888631821,4.81161499
D213Y,0.955377579,4.804397583
D45A,-0.543195724,-2.287628174
D45C,0.511180878,2.844909668
D45E,0.464258194,3.134963989
D45F,0.030817032,0.996841431
D45G,-0.584657669,-2.393600464
D45H,-0.395441055,-1.383087158
D45I,0.438230515,2.160888672
D45K,-0.808559418,-5.296539307
D45L,-0.338338852,-0.910552979
D45M,-0.143636703,0.165588379
D45N,-0.825147629,-5.89024353
D45P,-0.172815323,-0.525314331
D45Q,-0.106836319,-0.687545776
D45R,-1.243026733,-6.98374939
D45S,-0.553752899,-2.00453186
D45T,-0.683649063,-3.743133545
D45V,0.161254883,0.672790527
D45W,0.108955383,1.078475952
D45Y,-0.286117554,-0.775497437
D78A,0.207302094,2.244552612
D78C,0.124288559,2.376281738
D78E,0.155412674,1.809570313
D78F,0.470376968,3.275848389
D78G,-0.034101486,0.412384033
D78H,0.176445007,1.485702515
D78I,0.146411896,1.926376343
D78K,0.067602158,1.88494873
D78L,0.169319153,1.914718628
D78M,0.424009323,3.297988892
D78N,0.142145157,1.442474365
D78P,0.117500305,2.099029541
D78Q,0.329965591,2.308486938
D78R,0.501279831,3.659988403
D78S,0.022600174,1.795043945
D78T,-0.468994141,-1.576370239
D78V,0.176340103,2.194595337
D78W,0.004444122,1.621368408
D78Y,0.132743835,0.739776611
D82A,-0.130138397,0.483154297
D82C,0.002677917,1.101013184
D82E,0.03248024,0.427230835
D82F,-0.167762756,-0.275466919
D82G,-0.365543365,-1.34552002
D82H,-0.000564575,0.320877075
D82I,-0.243392944,-0.755126953
D82K,-0.282268524,0.180526733
D82L,-0.064178467,0.228027344
D82M,-0.078907013,-0.421081543
D82N,0.284870148,2.26914978
D82P,-0.354122162,-0.710723877
D82Q,-0.275644302,0.170303345
D82R,-0.067169189,0.87550354
D82S,0.035699844,2.134002686
D82T,-0.527954102,-1.810119629
D82V,-0.355768204,-0.879959106
D82W,-0.206537247,-0.091247559
D82Y,-0.255270004,-0.721252441
E101A,-0.32557106,-1.603881836
E101C,-0.13602829,-0.075180054
E101D,-0.144540787,-1.748291016
E101F,-0.214122772,-0.997055054
E101G,-0.517568588,-2.581970215
E101H,-0.599847794,-2.841293335
E101I,-0.259595871,-1.111236572
E101K,-0.662942886,-2.490203857
E101L,-0.053321838,-0.20854187
E101M,0.051225662,0.44682312
E101N,-0.495851517,-2.340209961
E101P,-0.798801422,-3.448364258
E101Q,-0.343074799,-1.447265625
E101R,-0.519277573,-2.253219604
E101S,-0.706850052,-3.434967041
E101T,-0.884628296,-4.568099976
E101V,-0.346010208,-1.680984497
E101W,-0.300149918,-0.994293213
E101Y,-0.215463638,-1.076812744
E125A,-0.078399658,-0.644714355
E125C,0.361738205,1.047485352
E125D,0.239896774,0.240325928
E125F,0.044427872,-0.726699829
E125G,0.406652451,1.527252197
E125H,-0.130064011,-0.905563354
E125I,-0.259803772,-1.36114502
E125K,0.012475967,-0.452972412
E125L,-0.471374512,-2.371917725
E125M,-0.220071793,-1.205169678
E125N,0.573953629,1.519500732
E125P,-0.425514221,-3.17414856
E125Q,-0.150903702,-0.940673828
E125R,0.056043625,-0.324874878
E125S,0.167703629,0.403488159
E125T,0.091516495,-0.595626831
E125V,-0.239170074,-2.25743103
E125W,-0.067399979,-0.701751709
E125Y,0.189554214,-0.396911621
E129A,0.200248718,1.40423584
E129C,0.296295166,1.899032593
E129D,0.062835693,0.30406189
E129F,0.432847977,1.790786743
E129G,0.244644165,1.409759521
E129H,0.299530029,1.458862305
E129I,0.611803055,3.370452881
E129K,0.329586029,1.695663452
E129L,0.329294205,2.118713379
E129M,0.211818695,1.356719971
E129N,0.258104324,1.28678894
E129P,-0.266111374,-1.104690552
E129Q,0.015748978,0.281005859
E129R,0.346868515,1.754119873
E129S,0.03622818,0.526153564
E129T,-0.006349564,-0.349014282
E129V,0.452709198,2.345245361
E129W,0.211223602,1.191543579
E129Y,0.228408813,0.744781494
E12A,0.280303955,1.5365448
E12C,0.830890656,4.138320923
E12D,0.134160995,0.338272095
E12F,0.44950676,2.209701538
E12G,0.249324799,0.918060303
E12H,0.400859833,1.867370605
E12I,0.289003372,1.592208862
E12K,0.463724136,2.786300659
E12L,0.451179504,1.985702515
E12M,0.25863266,1.242858887
E12N,0.512945175,2.024154663
E12P,0.581941605,2.706573486
E12Q,0.195039749,1.272521973
E12R,0.649787903,3.021240234
E12S,0.319759369,1.727874756
E12T,-0.119340897,-0.521484375
E12V,0.291557312,1.178985596
E12W,0.211959839,1.694091797
E12Y,0.595251083,2.448974609
E138A,-0.21065712,-1.160888672
E138C,-0.883871078,-3.652267456
E138D,-0.140918732,-1.011672974
E138F,-0.379425049,-2.505737305
E138G,-0.587331772,-3.938446045
E138H,-0.466674805,-2.694137573
E138I,-0.334339142,-1.936630249
E138K,-0.267326355,-2.293411255
E138L,-0.607707977,-3.622070313
E138M,-0.391599655,-2.166412354
E138N,-0.235580444,-1.911453247
E138P,-1.063079834,-5.422241211
E138Q,-0.549514771,-3.125152588
E138R,-0.413320541,-2.660446167
E138S,-0.21818924,-1.464111328
E138T,-0.292455673,-2.099716187
E138V,-0.513587952,-3.065948486
E138W,-0.751556396,-4.922698975
E138Y,-0.590373993,-4.221878052
E163A,-0.100887299,-0.19770813
E163C,0.746868134,4.065704346
E163D,-0.298696518,-1.979278564
E163F,0.762079239,3.411453247
E163G,-0.257001877,-1.142578125
E163H,-0.199094772,-0.809356689
E163I,0.314161301,2.181091309
E163K,-0.452796936,-1.772277832
E163L,0.369262695,2.629043579
E163M,0.52353096,2.894195557
E163N,-0.25258255,-1.496948242
E163P,-0.637815475,-3.37260437
E163Q,-0.043447495,0.211929321
E163R,-0.126081467,-0.292449951
E163S,-0.347864151,-1.539306641
E163T,0.206689835,1.19442749
E163V,0.493278503,2.419906616
E163W,0.117404938,0.812606812
E163Y,1.350881577,5.315246582
E166A,-0.320020676,-1.706710815
E166C,0.011047363,0.06413269
E166D,-0.020814896,-0.249008179
E166F,-0.269916534,-1.440536499
E166G,-0.369403839,-2.106399536
E166H,-0.334709167,-2.008834839
E166I,-0.235307693,-0.898788452
E166K,-0.275299072,-0.992706299
E166L,-0.141901016,-0.519363403
E166M,0.045650482,0.358428955
E166N,-0.26877594,-1.379425049
E166P,-1.510667801,-9.200454712
E166Q,-0.259897232,-1.23890686
E166R,-0.129547119,-0.471038818
E166S,-0.404073715,-1.989608765
E166T,-0.59372139,-2.970214844
E166V,-0.38026619,-1.990829468
E166W,-0.431768417,-2.149291992
E166Y,-0.177440643,-1.171203613
E16A,-0.228048325,-1.177154541
E16C,0.266693115,1.038604736
E16D,0.021577835,-0.130233765
E16F,0.025707245,-1.166595459
E16G,-0.090097427,-0.356262207
E16H,0.055810928,0.0519104
E16I,-0.38902092,-1.377441406
E16K,-0.140554428,0.179321289
E16L,0.182245255,0.434188843
E16M,0.072635651,0.169265747
E16N,-0.045991898,-0.199081421
E16P,-0.000162125,-0.880157471
E16Q,-0.117132187,-0.354827881
E16R,0.086641312,0.598220825
E16S,-0.029005051,0.055709839
E16T,-0.71717453,-2.269104004
E16V,-0.414873123,-1.300125122
E16W,-0.138519287,-0.578842163
E16Y,0.046628952,-1.054428101
E183A,-0.266935349,-1.072158813
E183C,0.101413727,0.410766602
E183D,-0.234716415,-1.191131592
E183F,0.176200867,0.297363281
E183G,-0.678808212,-3.185073853
E183H,-0.206708908,-0.999786377
E183I,0.184509277,0.370986938
E183K,-0.091976166,-0.459945679
E183L,0.167924881,0.452423096
E183M,-0.083351135,-0.473648071
E183N,-0.339162827,-1.882553101
E183P,-0.062181473,-0.002853394
E183Q,-0.250524521,-1.275421143
E183R,-0.218074799,-0.897750854
E183S,-0.316356659,-1.039398193
E183T,-0.200407028,-0.949066162
E183V,-0.118156433,-0.925491333
E183W,-0.2000103,-0.786483765
E183Y,-0.150676727,-1.029663086
E190A,-0.168685913,-1.258789063
E190C,0.164894104,0.507110596
E190D,-0.136728287,-1.205322266
E190F,0.425764084,1.592819214
E190G,-0.685640335,-3.782699585
E190H,0.164745331,0.077087402
E190I,-0.26679039,-1.131713867
E190K,-0.31895256,-1.714248657
E190L,-0.322296143,-1.535858154
E190M,-0.174343109,-0.844940186
E190N,-0.161893845,-1.52557373
E190P,-0.239574432,-1.617950439
E190Q,-0.146251678,-1.090087891
E190R,-0.159006119,-0.817016602
E190S,-0.019620895,-0.516265869
E190T,-0.138418198,-0.902313232
E190V,-0.195604324,-1.211517334
E190W,-0.127336502,-0.715942383
E190Y,0.205406189,0.518615723
E193A,-0.459804535,-2.410934448
E193C,0.169792175,0.577453613
E193D,-0.131277084,-0.880447388
E193F,0.369800568,1.433166504
E193G,-0.617870331,-3.275543213
E193H,-0.206119537,-1.262023926
E193I,-0.000307083,-0.017242432
E193K,-0.651220322,-2.800674438
E193L,0.125600815,0.701553345
E193M,0.321744919,1.528945923
E193N,-0.682792664,-3.508743286
E193P,-0.143600464,-0.978118896
E193Q,-0.510990143,-2.489028931
E193R,-0.484460831,-2.240921021
E193S,-0.341083527,-1.628662109
E193T,-0.349115372,-1.702560425
E193V,-0.31980896,-1.632171631
E193W,0.467737198,2.034622192
E193Y,0.327945709,1.199645996
E195A,-0.780529022,-4.002212524
E195C,-0.743022919,-3.55015564
E195D,-0.022293091,-0.434555054
E195F,-1.065258026,-5.22177124
E195G,-1.734830856,-9.116744995
E195H,-1.316513062,-6.370666504
E195I,-1.013477325,-4.705184937
E195K,-1.456745148,-6.961181641
E195L,-0.733016968,-3.699783325
E195M,-0.839719772,-4.204498291
E195N,-0.782020569,-3.96395874
E195P,-2.224506378,-12.02351379
E195Q,-1.094167709,-5.289489746
E195R,-1.764415741,-8.580978394
E195S,-0.690378189,-3.42225647
E195T,-1.067525864,-5.264099121
E195V,-1.052677155,-5.331314087
E195W,-0.878692627,-4.4894104
E195Y,-1.243741989,-6.30456543
E21A,0.099700928,0.655807495
E21C,0.454393387,2.277069092
E21D,-0.110536575,-1.253295898
E21F,0.07624054,0.328292847
E21G,0.111310959,0.907318115
E21H,0.29646492,1.260192871
E21I,0.19408226,1.093582153
E21K,0.001600266,0.785415649
E21L,0.610132217,2.108963013
E21M,0.266975403,1.005981445
E21N,0.151309967,1.220932007
E21P,-0.045825958,-0.866577148
E21Q,-0.041711807,-0.591156006
E21R,-0.008571625,-0.231216431
E21S,0.010026932,-0.248260498
E21T,-0.286315918,-1.183166504
E21V,0.008695602,-0.171646118
E21W,-0.126924515,-0.703918457
E21Y,0.231426239,0.790252686
E58A,0.071594238,0.817764282
E58C,0.425676346,3.194030762
E58D,-0.160715103,-1.163848877
E58F,-0.083414078,-0.090194702
E58G,-0.030033112,0.587036133
E58H,0.069633484,0.530487061
E58I,0.328237534,2.67868042
E58K,0.369903564,1.0496521
E58L,0.005805969,0.843582153
E58M,-0.279689789,-0.335693359
E58N,0.276649475,1.246429443
E58P,0.180473328,0.777740479
E58Q,-0.230136871,-0.626708984
E58R,0.272737503,0.193557739
E58S,0.122602463,1.356658936
E58T,-0.736116409,-4.02897644
E58V,0.157093048,1.118347168
E58W,0.238107681,1.335037231
E58Y,0.173475266,-0.098480225
E62A,0.467592239,1.403015137
E62C,1.509653091,6.90788269
E62D,0.348499298,0.671890259
E62F,0.017026901,-1.293457031
E62G,0.25299263,1.026000977
E62H,0.329696655,1.683547974
E62I,0.590272903,3.250305176
E62K,0.287061691,1.117156982
E62L,0.259952545,1.241470337
E62M,0.125091553,-0.435150146
E62N,0.527013779,1.63873291
E62P,-0.378068924,-2.615386963
E62Q,0.038948059,-0.138702393
E62R,0.28644371,0.90423584
E62S,0.375358582,1.55871582
E62T,-0.639736176,-4.355377197
E62V,0.118286133,0.721969604
E62W,0.014873505,-0.053024292
E62Y,0.355463028,0.717636108
E75A,0.081983566,0.028442383
E75C,0.271001816,1.762924194
E75D,-0.023733139,-0.503463745
E75F,0.256282806,1.503097534
E75G,-0.249824524,-1.289352417
E75H,0.142240524,-0.200714111
E75I,0.377059937,1.458068848
E75K,-0.193843842,-0.042648315
E75L,0.208971024,0.955215454
E75M,0.2911129,0.909133911
E75N,-0.067974091,-0.6015625
E75P,-0.567150116,-2.494445801
E75Q,-0.080249786,0.215011597
E75R,-0.017004013,-0.665420532
E75S,-0.09768486,-0.846557617
E75T,-0.334337234,-2.279663086
E75V,0.324270248,1.421905518
E75W,0.1951828,1.160629272
E75Y,0.498025894,1.930831909
F107A,-0.90619278,-4.463821411
F107C,0.188077927,1.037033081
F107D,-0.516405106,-3.425964355
F107E,-0.065246582,-0.70791626
F107G,-1.00428772,-5.374511719
F107H,0.206314087,0.259368896
F107I,-0.97476387,-4.467437744
F107K,-0.828168869,-3.808074951
F107L,-0.584560394,-2.663024902
F107M,-0.240177155,-0.992233276
F107N,-0.98783493,-5.274230957
F107P,-2.014104843,-11.80844116
F107Q,-0.662836075,-3.74446106
F107R,-0.071903229,-0.790100098
F107S,-0.606910706,-3.344390869
F107T,-1.218185425,-5.768920898
F107V,-1.0181427,-5.169769287
F107W,0.317550659,1.359054565
F107Y,0.071447372,0.179138184
F127A,-0.280973434,-1.839233398
F127C,-0.041339874,-0.132568359
F127D,-1.142406464,-8.895492554
F127E,-1.37815094,-8.31237793
F127G,-0.548526764,-4.284515381
F127H,-0.380430222,-2.384368896
F127I,0.263559341,1.472930908
F127K,-0.115463257,-1.725814819
F127L,0.233869553,1.495132446
F127M,0.297027588,1.207885742
F127N,-0.885379791,-6.655548096
F127P,-1.742322922,-9.623703003
F127Q,-0.427516937,-3.011154175
F127R,-0.125400543,-1.486282349
F127S,-0.677669525,-4.924118042
F127T,-0.106664658,-1.676223755
F127V,0.300922394,0.586044312
F127W,0.083974838,0.665023804
F127Y,0.011928558,-0.559295654
F153A,-1.156248093,-6.879196167
F153C,-0.862436295,-4.002532959
F153D,-1.513267517,-10.88087463
F153E,-1.597229004,-10.17805481
F153G,-1.842178345,-10.97427368
F153H,-1.305967331,-6.745346069
F153I,-1.043476105,-5.863433838
F153K,-1.653121948,-10.37124634
F153L,-0.90357399,-5.228729248
F153M,-0.326612473,-2.942016602
F153N,-1.625431061,-11.64831543
F153P,-0.733165741,-4.712783813
F153Q,-1.526584625,-9.928268433
F153R,-0.800607681,-4.401763916
F153S,-1.329442978,-9.750259399
F153T,-1.705957413,-10.74732971
F153V,-1.283573151,-6.97833252
F153W,0.121368408,0.884963989
F153Y,-0.29211998,-1.418289185
F164A,-1.352874756,-6.878570557
F164C,-1.221193314,-5.924453735
F164D,-1.918283463,-10.25982666
F164E,-1.508335114,-7.381561279
F164G,-1.892635345,-9.873336792
F164H,-1.382274628,-7.2240448
F164I,-1.279788971,-5.592071533
F164K,-1.524032593,-7.578140259
F164L,-0.400829315,-1.755340576
F164M,-0.738668442,-3.186935425
F164N,-1.625831604,-8.320144653
F164P,-2.014602661,-10.80409241
F164Q,-1.766170502,-9.480621338
F164R,-1.50696373,-7.639129639
F164S,-1.804718018,-9.867370605
F164T,-1.462856293,-8.552902222
F164V,-1.038629532,-5.304077148
F164W,-1.043973923,-5.650802612
F164Y,-0.659444809,-4.810211182
F175A,-1.110078812,-6.288085938
F175C,0.105941772,0.842773438
F175D,-0.700986862,-4.041702271
F175E,-0.995246887,-4.947052002
F175G,-0.638618469,-2.734481812
F175H,-0.623027802,-3.608352661
F175I,0.22177124,1.767776489
F175K,-0.803466797,-3.902496338
F175L,0.454387665,2.105499268
F175M,0.612077713,2.394119263
F175N,-1.027082443,-5.917602539
F175P,-0.573490143,-3.279434204
F175Q,-0.494812012,-2.751556396
F175R,-0.185518265,-1.196563721
F175S,-0.907728195,-4.610183716
F175T,-0.508968353,-2.504440308
F175V,0.041419983,0.836746216
F175W,-0.505409241,-2.663253784
F175Y,0.8266716,2.955490112
F187A,-0.81401825,-4.302383423
F187C,-0.182022095,-1.007354736
F187D,-0.758571625,-4.110321045
F187E,-0.383295059,-2.202438354
F187G,-1.039262772,-6.097305298
F187H,-0.502454758,-2.825180054
F187I,-0.52930069,-2.683532715
F187K,-0.939228058,-4.474456787
F187L,-0.455543518,-2.34765625
F187M,-0.62322998,-3.660858154
F187N,-0.593042374,-3.232696533
F187P,-0.733602524,-3.314788818
F187Q,-0.795200348,-4.714553833
F187R,-1.011995316,-5.006820679
F187S,-0.659208298,-3.936431885
F187T,-0.630212784,-3.75100708
F187V,-0.572195053,-3.407211304
F187W,-0.485761642,-2.258453369
F187Y,0.138910294,0.77003479
F188A,-1.983694077,-10.25114441
F188C,-1.171356201,-5.598419189
F188D,-2.535106659,-14.10600281
F188E,-2.189733505,-11.74003601
F188G,-2.096622467,-11.2651062
F188H,-1.874607086,-9.146743774
F188I,-1.393529892,-6.521209717
F188K,-2.094770432,-10.84440613
F188L,-1.072927475,-5.133789063
F188M,-1.644147873,-8.680130005
F188N,-2.197429657,-11.58534241
F188P,-1.758787155,-9.928756714
F188Q,-2.11958313,-11.53663635
F188R,-2.21421814,-11.42694092
F188S,-1.951053619,-10.35794067
F188T,-1.880578995,-9.350723267
F188V,-1.556203842,-7.714767456
F188W,-1.271509171,-6.740768433
F188Y,-1.020578384,-5.641967773
F214A,-2.748542786,-15.20411682
F214C,-0.545303345,-2.607086182
F214D,-6.090078354,-37.32563782
F214E,-2.424507141,-15.08509827
F214G,-4.431467056,-26.81787109
F214H,-1.511129379,-7.866744995
F214I,-0.858827591,-4.272460938
F214K,-3.373624802,-18.1897583
F214L,-0.292081833,-1.916244507
F214M,-0.974239349,-5.137405396
F214N,-4.664484024,-28.27735901
F214P,-6.583518982,-38.56103516
F214Q,-2.5657444,-15.36883545
F214R,-2.821800232,-15.84494019
F214S,-3.060556412,-17.86769104
F214T,-2.253393173,-12.43075562
F214V,-1.106861115,-5.882797241
F214W,-0.771375656,-4.831268311
F214Y,0.556898117,2.200775146
F23A,-0.015592575,-0.434356689
F23C,0.199104309,1.18447876
F23D,0.341007233,1.227050781
F23E,0.223888397,0.341873169
F23G,0.004688263,-0.252670288
F23H,0.218978882,0.716217041
F23I,-0.091974258,-0.203857422
F23K,-0.051506042,-0.040130615
F23L,0.118309021,0.861419678
F23M,-0.057418823,-0.414016724
F23N,0.410787582,0.994552612
F23P,0.374162674,2.632965088
F23Q,0.241670609,1.187393188
F23R,0.136415482,0.940170288
F23S,0.036790848,0.177597046
F23T,-0.106933594,-0.565826416
F23V,0.005168915,-0.098190308
F23W,-0.13129425,-0.38494873
F23Y,0.052787781,-0.126312256
F28A,-0.118549347,-0.330459595
F28C,0.341024399,0.380020142
F28D,-0.424215317,-2.866134644
F28E,-0.066511154,-0.318481445
F28G,-0.297149658,-1.993362427
F28H,-0.00812912,-0.149887085
F28I,-0.224838257,-2.836181641
F28K,-0.492580414,-2.478271484
F28L,0.009248734,-1.139678955
F28M,-0.833692551,-5.750061035
F28N,-0.539329529,-3.525268555
F28P,-0.055297852,0.546554565
F28Q,-0.24347496,-1.405517578
F28R,-0.309942245,-2.305221558
F28S,0.002162933,-0.189620972
F28T,-0.675956726,-4.105560303
F28V,-0.554521561,-3.77557373
F28W,-0.400094986,-1.160049438
F28Y,-0.372812271,-2.433868408
F49A,-2.220825195,-11.8611145
F49C,-1.732135773,-8.035583496
F49D,-3.209054947,-18.00965881
F49E,-2.432012558,-12.89988708
F49G,-2.630605698,-14.86878967
F49H,-1.422937393,-7.160202026
F49I,-1.797372818,-9.636352539
F49K,-2.512866974,-13.82122803
F49L,-1.148929596,-5.477539063
F49M,-1.555685043,-7.454910278
F49N,-2.320482254,-13.08026123
F49P,-2.705984116,-14.56054688
F49Q,-1.653104782,-10.07417297
F49R,-2.153215408,-11.45901489
F49S,-2.100481033,-11.66415405
F49T,-2.676330566,-14.19219971
F49V,-1.974565506,-11.0763092
F49W,-0.564838409,-3.153533936
F49Y,-0.912893295,-4.990234375
G145A,0.043056488,0.21937561
G145C,-0.072742462,0.464736938
G145D,0.079086304,-0.35736084
G145E,-0.047990799,-0.239929199
G145F,0.382181168,1.234527588
G145H,0.083471298,0.298980713
G145I,0.170770645,1.080856323
G145K,0.177009583,1.00680542
G145L,0.295772552,1.47543335
G145M,0.33142662,1.873672485
G145N,0.244531631,1.083282471
G145P,-0.65678978,-6.187774658
G145Q,0.064294815,0.430603027
G145R,0.132680893,0.775405884
G145S,0.271459579,1.453842163
G145T,0.155170441,0.710418701
G145V,0.070135117,0.465286255
G145W,0.200119019,0.631591797
G145Y,0.435575485,1.590759277
G156A,-0.710390091,-3.680435181
G156C,0.283576965,1.794235229
G156D,-0.798242569,-4.903457642
G156E,-0.486438751,-2.69631958
G156F,0.042533875,-0.174041748
G156H,-0.431074142,-2.339935303
G156I,0.002019882,-0.121170044
G156K,-0.650875092,-2.778884888
G156L,-0.042102814,0.187469482
G156M,0.13861084,1.157424927
G156N,-0.527814865,-3.388397217
G156P,-0.381538391,-1.881820679
G156Q,-0.298490524,-1.158279419
G156R,-0.272291183,-1.069000244
G156S,-0.624744415,-3.766891479
G156T,-0.152727127,-1.073989868
G156V,-0.387235641,-1.840209961
G156W,0.042684555,0.60383606
G156Y,0.174760818,1.130859375
G157A,-0.950508118,-4.134216309
G157C,-0.449363708,-2.060684204
G157D,-1.537265778,-8.669769287
G157E,-1.622484207,-8.287658691
G157F,-0.414339066,-2.106826782
G157H,-1.077301025,-4.813964844
G157I,-0.570789337,-2.902801514
G157K,-1.049758911,-5.128799438
G157L,-0.43362999,-2.459945679
G157M,-0.594182968,-2.499176025
G157N,-1.095952988,-5.378890991
G157P,-0.463264465,-1.98651123
G157Q,-0.577926636,-3.017486572
G157R,-0.596393585,-2.695159912
G157S,-1.064498901,-5.546722412
G157T,-1.33908844,-7.312530518
G157V,-0.806880951,-3.681976318
G157W,-0.529714584,-2.281188965
G157Y,-0.519620895,-2.384399414
G17A,-0.114917755,-1.232955933
G17C,0.198579788,0.838409424
G17D,-0.040124893,0.534317017
G17E,-0.038785934,-0.438354492
G17F,0.549583435,1.986618042
G17H,0.136541367,0.589355469
G17I,-0.008605957,-0.428100586
G17K,-0.024896622,0.08744812
G17L,0.148454666,0.243270874
G17M,0.478485107,1.81288147
G17N,0.006067276,-0.514205933
G17P,-0.182979584,-0.414825439
G17Q,0.017707825,-0.879394531
G17R,0.139175415,-0.50289917
G17S,-0.081232071,-1.045562744
G17T,-0.25837326,-0.814620972
G17V,-0.016183853,-0.169250488
G17W,0.173095703,0.447250366
G17Y,0.513729095,1.586975098
G30A,-0.108186722,-0.638824463
G30C,0.23408699,1.125961304
G30D,0.61797905,3.633590698
G30E,0.221853256,0.884902954
G30F,0.717290878,3.077224731
G30H,0.226448059,0.931793213
G30I,0.54791069,3.32359314
G30K,0.027971268,0.245376587
G30L,0.880226135,4.921737671
G30M,0.025230408,0.033157349
G30N,0.229896545,0.600357056
G30P,1.263181686,6.187271118
G30Q,-0.086994171,-0.695602417
G30R,0.438434601,1.995040894
G30S,0.475282669,2.142471313
G30T,0.113912582,0.593032837
G30V,0.343906403,1.748031616
G30W,0.68473053,3.984420776
G30Y,0.272548676,0.770614624
G32A,-0.283720016,-0.98878479
G32C,0.252069473,1.001968384
G32D,-0.462614059,-1.696289063
G32E,-0.772481918,-2.446060181
G32F,-0.654495239,-3.218231201
G32H,-0.303722382,-1.774032593
G32I,-0.559963226,-2.494155884
G32K,-0.707082748,-1.44392395
G32L,-0.508152008,-1.652648926
G32M,-0.39872551,-2.300369263
G32N,-0.380744934,-1.009384155
G32P,0.102199554,1.272033691
G32Q,-0.695671082,-2.50453186
G32R,-0.254077911,0.34715271
G32S,-0.187339783,0.262969971
G32T,-0.285341263,-0.811080933
G32V,-0.453250885,-1.854568481
G32W,-0.396221161,-1.451690674
G32Y,-0.582302094,-3.591247559
G35A,0.076404572,1.107528687
G35C,0.108242035,0.813308716
G35D,0.076282501,0.98664856
G35E,0.12452507,1.360656738
G35F,-0.001045227,0.161987305
G35H,-0.322849274,-1.309387207
G35I,0.570095062,3.348754883
G35K,-0.328479767,-0.852859497
G35L,0.452741623,2.129653931
G35M,-0.100553513,0.075912476
G35N,0.134975433,0.717575073
G35P,-0.279636383,-0.596511841
G35Q,-0.185447693,-0.538955688
G35R,0.026857376,0.319107056
G35S,0.108901978,0.909667969
G35T,-0.001842499,-0.54119873
G35V,0.606660843,4.10168457
G35W,-0.309127808,-0.371490479
G35Y,-0.093477249,-0.300186157
G96A,-0.938842773,-3.837417603
G96C,-0.340965271,-0.990219116
G96D,-1.796003342,-10.18835449
G96E,-1.606870651,-7.90397644
G96F,-0.341083527,-1.236557007
G96H,-1.117773056,-5.148788452
G96I,-0.815719604,-3.479721069
G96K,-1.578540802,-7.548095703
G96L,-0.664335251,-2.531692505
G96M,-0.826120377,-3.495117188
G96N,-1.082574844,-5.362594604
G96P,-0.476142883,-2.128829956
G96Q,-0.856264114,-3.764038086
G96R,-1.261827469,-5.953811646
G96S,-0.839809418,-3.301651001
G96T,-1.102306366,-5.404418945
G96V,-0.834112167,-3.937042236
G96W,-0.347133636,-0.824584961
G96Y,-0.498411179,-2.215820313
I103A,-1.868988037,-9.86517334
I103C,-0.745628357,-4.127456665
I103D,-2.976707458,-17.53315735
I103E,-2.516212463,-14.14141846
I103F,-1.154905319,-6.071289063
I103G,-2.458387375,-13.90840149
I103H,-1.880050659,-10.22621155
I103K,-2.311649323,-12.97120667
I103L,-0.16645813,-1.048370361
I103M,-0.78178215,-4.082321167
I103N,-3.126541138,-18.12220764
I103P,-2.966234207,-16.74517822
I103Q,-2.152706146,-11.64164734
I103R,-2.196472168,-12.51245117
I103S,-2.76468277,-15.5614624
I103T,-2.145206451,-11.8767395
I103V,-0.976024628,-4.75604248
I103W,-1.137969971,-5.887252808
I103Y,-1.490839005,-8.056121826
I114A,-1.141237259,-5.086914063
I114C,-0.650167465,-2.563140869
I114D,-1.281198502,-7.244110107
I114E,-1.563579559,-7.029647827
I114F,-0.767431259,-3.587371826
I114G,-1.661457062,-7.645095825
I114H,-1.369817734,-6.679458618
I114K,-1.447160721,-6.402114868
I114L,-0.464822769,-2.186935425
I114M,-0.94587326,-3.915817261
I114N,-1.613414764,-8.403823853
I114P,-0.879127502,-4.224533081
I114Q,-1.647789001,-7.908432007
I114R,-1.535257339,-6.955703735
I114S,-1.537279129,-7.072189331
I114T,-0.676826477,-3.318344116
I114V,-0.171920776,-1.048492432
I114W,-1.051025391,-4.610610962
I114Y,-1.249389648,-6.334732056
I117A,-2.232236862,-10.11888123
I117C,-1.105480194,-4.775436401
I117D,-2.210159302,-10.93292236
I117E,-2.117517471,-9.869522095
I117F,-1.486570358,-7.797927856
I117G,-2.695175171,-13.16094971
I117H,-1.835823059,-9.03314209
I117K,-1.835857391,-7.799789429
I117L,-1.230247498,-5.66796875
I117M,-1.793388367,-8.349487305
I117N,-2.895303726,-14.57452393
I117P,-2.248472214,-10.85398865
I117Q,-2.013008118,-9.07333374
I117R,-1.835577011,-8.070648193
I117S,-2.562461853,-11.84394836
I117T,-1.901437759,-9.079086304
I117V,-0.026382446,0.037353516
I117W,-1.568660736,-7.536117554
I117Y,-1.92971611,-9.489242554
I133A,-0.956899643,-4.5572052
I133C,-0.537193298,-2.037139893
I133D,-1.307218552,-7.216445923
I133E,-1.506174088,-8.074523926
I133F,0.151037216,0.451675415
I133G,-1.297847748,-6.700073242
I133H,-1.243715286,-6.632675171
I133K,-1.072748184,-5.159698486
I133L,0.205385208,1.381774902
I133M,-0.14600563,-0.712966919
I133N,-1.242334366,-6.013381958
I133P,-1.476293564,-7.363265991
I133Q,-0.976360321,-5.078018188
I133R,-0.982070923,-4.833786011
I133S,-1.20965004,-6.007995605
I133T,-1.064031601,-5.478042603
I133V,-0.186141968,-0.928359985
I133W,-0.1289711,-0.963104248
I133Y,0.107252121,-0.08972168
I134A,-0.827983856,-5.020996094
I134C,0.474376678,2.631912231
I134D,-1.765321732,-9.575012207
I134E,-1.770830154,-10.26966858
I134F,-0.572505951,-3.391571045
I134G,-2.270599365,-13.15405273
I134H,-1.453580856,-7.739959717
I134K,-1.371038437,-6.799301147
I134L,-0.377443314,-2.043395996
I134M,-0.660840988,-3.705154419
I134N,-1.716032028,-9.530715942
I134P,-1.59258461,-8.762557983
I134Q,-1.504188538,-8.589904785
I134R,-1.491174698,-7.845809937
I134S,-1.474689484,-8.151275635
I134T,-0.948514938,-5.64390564
I134V,0.172332764,0.499694824
I134W,-1.446382523,-8.056533813
I134Y,-1.098417282,-7.183197021
I141A,-1.186704636,-6.480957031
I141C,-0.886234283,-3.685516357
I141D,-1.736564636,-9.022964478
I141E,-1.261053085,-6.413162231
I141F,0.125501633,-0.257507324
I141G,-1.616222382,-8.898025513
I141H,-0.981834412,-5.287063599
I141K,-1.041460037,-5.577514648
I141L,-0.0727005,-0.744430542
I141M,-0.233043671,-1.548522949
I141N,-1.183652878,-6.558868408
I141P,-1.795322418,-9.850128174
I141Q,-1.263963699,-6.395690918
I141R,-0.912631989,-4.979827881
I141S,-1.246164322,-6.239608765
I141T,-1.010704041,-5.579772949
I141V,-0.106595993,-0.761688232
I141W,-0.562314987,-2.956939697
I141Y,-0.232498169,-2.039367676
I154A,-1.542646408,-7.598358154
I154C,-1.105323792,-5.157073975
I154D,-1.386404037,-7.071166992
I154E,-1.243549347,-5.882049561
I154F,-0.915010452,-5.310089111
I154G,-2.314990997,-11.79653931
I154H,-1.129991531,-5.441680908
I154K,-1.208032608,-5.749893188
I154L,-1.06493187,-5.903823853
I154M,-0.759384155,-4.331588745
I154N,-1.55446434,-7.958786011
I154P,-1.292772293,-6.37940979
I154Q,-1.312757492,-6.6537323
I154R,-1.177553177,-5.571411133
I154S,-2.006591797,-10.38226318
I154T,-2.184350967,-11.2971344
I154V,-0.35320282,-1.819946289
I154W,-1.33171463,-6.459014893
I154Y,-1.16434288,-6.890823364
I155A,-1.024316788,-4.671463013
I155C,-0.485960007,-2.245040894
I155D,-2.022966385,-10.24794006
I155E,-1.600517273,-7.176940918
I155F,-0.362644196,-2.664337158
I155G,-1.234405518,-5.755325317
I155H,-1.360176086,-6.862564087
I155K,-1.466003418,-7.068634033
I155L,-0.07175827,-0.947311401
I155M,-0.422599792,-1.620330811
I155N,-1.528169632,-7.932571411
I155P,-1.430278778,-7.21156311
I155Q,-1.261287689,-6.313278198
I155R,-1.687982559,-8.623245239
I155S,-1.024934769,-5.490280151
I155T,-1.351690292,-7.037948608
I155V,-0.895563126,-4.1925354
I155W,-1.115280151,-5.231018066
I155Y,-0.505527496,-3.289657593
I170A,-1.432632446,-7.702072144
I170C,0.396345139,2.076293945
I170D,-2.557914734,-15.00875854
I170E,-2.072582245,-13.22349548
I170F,0.242839813,0.227371216
I170G,-1.941152573,-10.32698059
I170H,-1.5239048,-8.650604248
I170K,-2.285488129,-11.66960144
I170L,-0.163080215,-1.358718872
I170M,-0.925954819,-5.503417969
I170N,-2.073648453,-12.54177856
I170P,-1.638469696,-8.545074463
I170Q,-1.865179062,-11.63514709
I170R,-1.992733002,-11.29185486
I170S,-2.008802414,-11.69721985
I170T,-1.08795929,-7.667205811
I170V,0.352161407,0.876663208
I170W,-0.452690125,-4.420578003
I170Y,-0.279474258,-2.010848999
I173A,-1.734970093,-8.602890015
I173C,-0.646644592,-2.97756958
I173D,-3.028097153,-16.9967041
I173E,-2.558393478,-13.51960754
I173F,-1.374418259,-6.792617798
I173G,-1.97817421,-10.67658997
I173H,-1.962453842,-10.29508972
I173K,-1.978946686,-10.40602112
I173L,-0.654085159,-2.9087677
I173M,-0.638486862,-3.247375488
I173N,-2.421751022,-12.89477539
I173P,-3.119609833,-16.86756897
I173Q,-1.305335999,-6.767608643
I173R,-1.934829712,-10.25830078
I173S,-1.989572525,-10.57843018
I173T,-1.635219574,-9.107910156
I173V,-0.565078735,-3.083465576
I173W,-1.20848465,-7.048095703
I173Y,-0.670642853,-3.898147583
I178A,-0.737297058,-3.249588013
I178C,-0.052604675,-0.301086426
I178D,-0.992324829,-5.087814331
I178E,-0.595169067,-2.623687744
I178F,-0.193151474,-1.541687012
I178G,-1.655015945,-8.289260864
I178H,-0.498039246,-2.595077515
I178K,-0.449626923,-1.406021118
I178L,-0.336229324,-1.825775146
I178M,-0.493719101,-2.519622803
I178N,-0.752283096,-3.642333984
I178P,-0.823078156,-3.610153198
I178Q,-0.736381531,-3.753067017
I178R,-0.646402359,-3.348114014
I178S,-1.026584625,-5.382080078
I178T,-0.747667313,-3.434524536
I178V,-0.396100998,-1.909332275
I178W,-0.399843216,-2.163085938
I178Y,-0.397220612,-3.159103394
I191A,-1.18432045,-6.71723938
I191C,-0.520643234,-3.565155029
I191D,-1.598091125,-9.277191162
I191E,-1.310956955,-7.525466919
I191F,0.770704269,3.816497803
I191G,-1.682964325,-9.542129517
I191H,-1.057312012,-5.442245483
I191K,-1.647712708,-9.087295532
I191L,-0.292140961,-2.019348145
I191M,-0.452531815,-2.946929932
I191N,-1.49136734,-8.40196228
I191P,-1.357984543,-7.91267395
I191Q,-1.179164886,-6.782058716
I191R,-1.623598099,-9.592941284
I191S,-1.52089119,-8.584472656
I191T,-1.41934967,-8.116775513
I191V,-0.620008469,-3.356231689
I191W,-0.243087769,-1.297180176
I191Y,-0.464420319,-2.865829468
I198A,-0.997480392,-5.519058228
I198C,-0.460723877,-2.269577026
I198D,-2.300848007,-14.11523438
I198E,-1.011823654,-5.649795532
I198F,-0.576976776,-3.710189819
I198G,-1.760046005,-9.513198853
I198H,-1.338085175,-7.546295166
I198K,-1.116390228,-5.519180298
I198L,0.223161697,0.76776123
I198M,-0.594659805,-2.974411011
I198N,-1.8216362,-10.2557373
I198P,-1.696434021,-10.17315674
I198Q,-1.0364151,-5.320480347
I198R,-1.180654526,-6.372802734
I198S,-1.167747498,-6.766845703
I198T,-1.083938599,-5.742645264
I198V,-0.267246246,-1.525375366
I198W,-1.367160797,-7.1512146
I198Y,-1.123758316,-6.126663208
I199A,-0.497001648,-3.997436523
I199C,-0.01512146,-0.195037842
I199D,-0.833190918,-5.584030151
I199E,-0.599052429,-3.861373901
I199F,-0.334230423,-2.273284912
I199G,-1.615539551,-9.901016235
I199H,-0.820440292,-5.162002563
I199K,-1.009489059,-5.788742065
I199L,-0.194507599,-1.79536438
I199M,-0.688814163,-3.945159912
I199N,-1.143434525,-7.494064331
I199P,-1.770889282,-10.65713501
I199Q,-0.835378647,-5.114547729
I199R,-1.219459534,-7.429824829
I199S,-0.365949631,-2.690460205
I199T,-0.291557312,-2.478591919
I199V,-0.097848892,-0.929718018
I199W,-0.621995926,-3.532455444
I199Y,0.045459747,-1.250686646
I215A,-1.238452911,-7.160140991
I215C,0.339326859,0.95703125
I215D,-2.115484238,-11.94142151
I215E,-1.542037964,-8.49508667
I215F,0.062139511,-0.785964966
I215G,-2.467254639,-14.12568665
I215H,-1.457464218,-7.496337891
I215K,-2.137872696,-11.30966187
I215L,-0.468259811,-2.09463501
I215M,-0.115224838,-1.155456543
I215N,-2.549850464,-14.32051086
I215P,-4.505716324,-29.45770264
I215Q,-1.219451904,-6.1512146
I215R,-1.688186646,-9.25100708
I215S,-1.605424881,-8.623382568
I215T,-1.047620773,-6.131515503
I215V,-0.409755707,-2.365722656
I215W,0.131309509,-0.494781494
I215Y,-0.030004501,-1.320831299
I216A,-1.674438477,-8.917617798
I216C,-0.513338089,-2.360092163
I216D,-2.152442932,-12.01496887
I216E,-0.864168167,-4.220184326
I216F,-1.681045532,-8.234420776
I216G,-2.659957886,-15.68199158
I216H,-1.317958832,-7.049301147
I216K,-1.929237366,-10.72958374
I216L,-0.952100754,-4.241851807
I216M,-0.949903488,-4.192214966
I216N,-2.154634476,-12.2775116
I216P,-5.626188278,-34.59619141
I216Q,-0.992673874,-5.214233398
I216R,-1.738040924,-10.36599731
I216S,-1.342193604,-7.131317139
I216T,-0.933990479,-5.026626587
I216V,-0.230287552,-1.101654053
I216W,-1.754070282,-8.448272705
I216Y,-1.773456573,-8.774337769
I2A,-1.790735245,-8.690887451
I2C,-0.441308975,-1.24130249
I2D,-1.781139374,-9.516616821
I2E,-1.319601059,-5.75994873
I2F,-0.303939819,-1.229568481
I2G,-2.391447067,-11.19110107
I2H,-2.040361404,-10.16238403
I2K,-1.980377197,-9.09602356
I2L,-0.386688232,-1.203353882
I2M,-1.486589432,-7.075820923
I2N,-2.451826096,-11.9153595
I2P,-2.397634506,-12.01846313
I2Q,-2.505054474,-11.78137207
I2R,-2.477617264,-11.65046692
I2S,-2.191177368,-10.30162048
I2T,-2.126251221,-10.71801758
I2V,-0.594379425,-3.1875
I2W,-1.144405365,-5.334854126
I2Y,-1.221342087,-6.420318604
I5A,-2.132675171,-9.866271973
I5C,-1.290803909,-5.474349976
I5D,-1.547990799,-7.049911499
I5E,-1.789430618,-8.478668213
I5F,-0.988777161,-4.130950928
I5G,-2.007774353,-9.098114014
I5H,-1.267606735,-5.586791992
I5K,-1.40820694,-4.685516357
I5L,-0.934963226,-3.942672729
I5M,-1.20173645,-5.15763855
I5N,-1.341293335,-5.089553833
I5P,-1.834850311,-7.608520508
I5Q,-2.170772552,-9.648376465
I5R,-1.147649765,-3.785568237
I5S,-2.299245834,-10.63574219
I5T,-2.404315948,-11.27325439
I5V,-0.617794037,-2.60496521
I5W,-1.273529053,-4.457733154
I5Y,-0.634977341,-2.209213257
K105A,0.008651733,-0.032577515
K105C,0.063201904,0.262542725
K105D,-0.400812149,-2.269104004
K105E,-0.074172974,-0.464279175
K105F,-0.149419785,-0.893737793
K105G,-0.430780411,-2.042160034
K105H,-0.192672729,-1.382278442
K105I,0.286087036,1.086425781
K105L,0.258005142,0.94329834
K105M,0.098154068,0.498748779
K105N,-0.486795425,-2.238708496
K105P,-0.296619415,-1.36706543
K105Q,-0.311717987,-1.496734619
K105R,0.316932678,1.141815186
K105S,-0.181613922,-0.726257324
K105T,-0.114837646,-0.867797852
K105V,0.241001129,0.872390747
K105W,-0.201469421,-0.675323486
K105Y,-0.191099167,-1.001708984
K106A,0.228099823,1.060684204
K106C,0.252822876,0.931045532
K106D,-0.125677109,-0.929840088
K106E,0.20611763,0.978744507
K106F,0.103492737,0.467453003
K106G,-0.041149139,-0.317749023
K106H,0.101629257,-0.093795776
K106I,0.082065582,0.354278564
K106L,0.166690826,0.625534058
K106M,0.036388397,0.442245483
K106N,-0.084501266,-0.776977539
K106P,0.001052856,-0.378158569
K106Q,0.109897614,0.37840271
K106R,0.125635147,0.505661011
K106S,0.227674484,0.890213013
K106T,0.079465866,0.177764893
K106V,0.076282501,0.188034058
K106W,0.057600021,0.623657227
K106Y,0.0227108,0.173675537
K108A,-0.016918182,-0.852935791
K108C,-0.434381485,-2.760040283
K108D,-0.756153107,-4.97744751
K108E,-0.393949509,-2.554122925
K108F,-0.20126915,-1.921539307
K108G,-0.184112549,-2.093688965
K108H,-0.488546371,-3.250930786
K108I,-0.443716049,-3.225631714
K108L,-0.155057907,-1.685058594
K108M,0.068994522,0.251953125
K108N,-0.648239136,-4.573120117
K108P,-1.003669739,-6.493103027
K108Q,0.347244263,1.295776367
K108R,0.996299744,4.776290894
K108S,-0.183933258,-1.852035522
K108T,-0.44194603,-3.574981689
K108V,-0.674703598,-4.502838135
K108W,-0.070596695,-0.654937744
K108Y,-0.062149048,-1.251159668
K10A,-0.038564682,-0.200469971
K10C,-0.033325195,-0.10458374
K10D,0.044944763,-0.347122192
K10E,0.011013031,-0.026245117
K10F,0.163949966,0.618301392
K10G,-0.086360931,-0.453216553
K10H,0.131429672,0.430145264
K10I,0.173248291,1.064498901
K10L,0.084602356,0.578109741
K10M,0.105157852,0.613647461
K10N,0.007936478,-0.460586548
K10P,0.138065338,0.772079468
K10Q,-0.101654053,-0.367752075
K10R,0.113014221,0.093078613
K10S,0.148223877,0.582733154
K10T,-0.020528793,-0.183105469
K10V,0.294172287,1.178894043
K10W,0.053733826,0.497009277
K10Y,0.251857758,0.707077026
K123A,-0.533332825,-1.794403076
K123C,-0.12894249,0.109634399
K123D,-0.635267258,-2.373275757
K123E,-0.908485413,-3.318817139
K123F,-0.694181442,-3.520935059
K123G,-0.634954453,-2.440551758
K123H,-0.676818848,-3.029693604
K123I,-0.587036133,-2.06791687
K123L,-0.300449371,-1.459487915
K123M,-0.474176407,-1.702484131
K123N,-0.357875824,-1.539230347
K123P,-0.801448822,-2.296844482
K123Q,-0.578845978,-2.237167358
K123R,0.181467056,0.723434448
K123S,-0.307315826,-0.610702515
K123T,-0.256631851,-1.240966797
K123V,-0.475944519,-1.901473999
K123W,-1.114984512,-4.764297485
K123Y,-0.651016235,-3.059707642
K124A,-0.055814743,0.605117798
K124C,0.808866501,4.177734375
K124D,-0.291584015,-1.315826416
K124E,-0.589260101,-2.376998901
K124F,0.011167526,0.316558838
K124G,-0.713624954,-3.071029663
K124H,-0.399440765,-1.528076172
K124I,0.254117966,2.298583984
K124L,-0.123624802,0.012771606
K124M,0.059585571,1.014282227
K124N,-0.865573883,-4.21434021
K124P,0.128637314,1.779769897
K124Q,-0.486368179,-2.198196411
K124R,0.103357315,-0.014007568
K124S,0.262292862,1.463912964
K124T,-0.20867157,-0.827423096
K124V,0.00138855,0.287322998
K124W,-0.06883812,0.169174194
K124Y,0.017274857,-0.122406006
K136A,-0.367284775,-2.199203491
K136C,0.072811127,-0.025634766
K136D,0.10867691,-0.088317871
K136E,-0.465528488,-2.089752197
K136F,0.148424149,-0.807098389
K136G,0.196004868,0.621582031
K136H,-0.120220184,-1.189224243
K136I,-0.374292374,-2.240753174
K136L,-0.385280609,-2.726547241
K136M,-0.446554184,-2.0965271
K136N,0.379861832,0.923446655
K136P,-0.961843491,-6.207855225
K136Q,-0.30100441,-1.301147461
K136R,0.236129761,0.705459595
K136S,0.857063293,4.054244995
K136T,0.658828735,2.749801636
K136V,-0.356285095,-2.662200928
K136W,-0.007240295,-0.435211182
K136Y,-0.265592575,-2.174530029
K146A,0.210826874,0.738250732
K146C,-0.166503906,-1.444564819
K146D,-0.401908875,-2.109542847
K146E,-0.373527527,-1.462844849
K146F,-0.075023651,-1.203292847
K146G,-0.116508484,-0.770126343
K146H,-0.120471954,-1.483566284
K146I,0.046695709,-0.526931763
K146L,0.201189041,0.599365234
K146M,0.105415344,0.458328247
K146N,-0.305273056,-1.334991455
K146P,-1.357915878,-9.452285767
K146Q,-0.168657303,-0.413284302
K146R,-0.035884857,-0.527572632
K146S,0.146018982,0.635513306
K146T,-0.043748856,-0.49420166
K146V,-0.000425339,-0.702316284
K146W,0.394390106,0.700317383
K146Y,0.268045425,0.158355713
K14A,-0.180469513,-0.754226685
K14C,0.316255569,-0.065322876
K14D,-0.12339592,-0.147033691
K14E,-0.1515522,-1.478134155
K14F,0.213792801,-0.389862061
K14G,-0.084589005,-0.710861206
K14H,-0.030866623,-0.779449463
K14I,-0.259031296,-1.678543091
K14L,0.003879547,-0.654785156
K14M,-0.00491333,-1.820755005
K14N,-0.073169708,-1.171401978
K14P,-0.229301453,-1.006164551
K14Q,-0.070659637,-1.459915161
K14R,0.078094482,0.061325073
K14S,-0.005958557,0.172332764
K14T,-0.362634659,-2.027297974
K14V,-0.267507553,-1.579406738
K14W,-0.000469208,-1.516387939
K14Y,0.651632309,0.289215088
K151A,-0.285476685,-1.318740845
K151C,-0.058574677,0.244812012
K151D,-0.089792252,-0.206665039
K151E,0.187902451,1.409179688
K151F,-0.043546677,-0.025146484
K151G,-0.220846176,-1.167755127
K151H,0.059648514,0.021713257
K151I,-0.145870209,0.118270874
K151L,-0.238368988,-0.50428772
K151M,-0.38287735,-1.405151367
K151N,-0.183153152,-0.699081421
K151P,-1.054210663,-5.102416992
K151Q,-0.337871552,-1.691390991
K151R,0.1504879,0.477676392
K151S,-0.120233536,-0.007583618
K151T,-0.451292038,-1.339233398
K151V,-0.112049103,-0.585968018
K151W,-0.345170975,-1.621582031
K151Y,0.134542465,0.283966064
K167A,0.214864731,0.712249756
K167C,0.694353104,3.002639771
K167D,0.131567001,0.075805664
K167E,0.09661293,-0.04473877
K167F,0.560377121,2.183990479
K167G,0.225870132,0.698455811
K167H,0.170190811,0.49786377
K167I,0.038314819,0.736724854
K167L,0.52196312,2.565155029
K167M,0.650960922,3.130340576
K167N,-0.001932144,-0.759735107
K167P,-0.760902405,-3.591644287
K167Q,0.17593956,0.666259766
K167R,0.420125961,1.249221802
K167S,0.230131149,0.954849243
K167T,0.428956985,1.256378174
K167V,0.071287155,0.113647461
K167W,0.097606659,-0.20904541
K167Y,0.481660843,1.9115448
K168A,-0.404905319,-2.013305664
K168C,-0.287982941,-1.297714233
K168D,-0.274866104,-1.021438599
K168E,-0.358377457,-1.489028931
K168F,-0.366947174,-2.105056763
K168G,-0.144046783,-0.106231689
K168H,-0.304548264,-1.492370605
K168I,-1.010381699,-5.257095337
K168L,-0.726343155,-3.752670288
K168M,-0.261949539,-0.871704102
K168N,-0.188302994,-0.621398926
K168P,-2.063011169,-9.956054688
K168Q,-0.385288239,-1.654647827
K168R,-0.185323715,-1.172164917
K168S,-0.554428101,-2.324737549
K168T,-1.120027542,-5.72718811
K168V,-0.95091629,-5.529388428
K168W,-0.691595078,-3.057052612
K168Y,-0.637619019,-2.953201294
K171A,-0.257547379,-1.946060181
K171C,0.562786102,3.992706299
K171D,0.815092087,4.385742188
K171E,0.202468872,1.243774414
K171F,0.155988693,0.721908569
K171G,-0.341468811,-2.342315674
K171H,0.234390259,1.40272522
K171I,1.114784241,5.585021973
K171L,0.37694931,2.453613281
K171M,0.193584442,1.174697876
K171N,0.146917343,1.026062012
K171P,-0.675642014,-3.785064697
K171Q,0.15372467,1.156921387
K171R,-0.237056732,-1.124847412
K171S,-0.015113831,0.32661438
K171T,0.07834816,0.121932983
K171V,1.109342575,5.254684448
K171W,0.209308624,1.154251099
K171Y,0.023204803,-0.093704224
K172A,-0.395368576,-3.094619751
K172C,0.888641357,4.230117798
K172D,0.231157303,-0.107498169
K172E,0.522891998,2.251815796
K172F,0.532331467,1.900650024
K172G,-1.604095459,-9.329406738
K172H,0.287914276,0.698745728
K172I,0.378847122,2.102172852
K172L,0.626813889,2.883117676
K172M,0.049703598,-0.562835693
K172N,0.083330154,-0.756057739
K172P,-1.267705917,-8.244369507
K172Q,0.02047348,-0.559631348
K172R,-0.324373245,-2.670135498
K172S,-0.301509857,-2.384033203
K172T,0.075704575,-0.644271851
K172V,0.507104874,1.947540283
K172W,0.010267258,-0.944778442
K172Y,1.551721573,6.401855469
K18A,-0.154188156,-0.848724365
K18C,0.200061798,0.205032349
K18D,0.121450424,0.380111694
K18E,0.14849472,0.240982056
K18F,0.257926941,-0.407272339
K18G,-0.038747787,-1.714920044
K18H,0.329122543,-1.137756348
K18I,0.077413559,-1.421600342
K18L,0.136907578,-0.805984497
K18M,0.248846054,-1.052978516
K18N,0.096336365,0.180938721
K18P,0.235441208,0.510742188
K18Q,-0.095409393,-2.043304443
K18R,0.016639709,-1.865371704
K18S,-0.377370834,-3.124160767
K18T,-0.284290314,-2.769348145
K18V,-0.111766815,-2.538162231
K18W,-0.012002945,-1.576400757
K18Y,0.613700867,0.39881897
K19A,-0.262002945,-2.24458313
K19C,0.160236359,-0.600540161
K19D,0.26684761,0.477416992
K19E,0.089813232,-1.244186401
K19F,0.223157883,-0.708312988
K19G,-0.028768539,-1.097015381
K19H,0.454771042,-0.013595581
K19I,0.221042633,-0.770721436
K19L,0.375228882,-0.662200928
K19M,0.077125549,-1.878326416
K19N,0.175693512,-0.362670898
K19P,0.036645889,-0.356842041
K19Q,0.209264755,-0.886077881
K19R,0.137994766,-0.757034302
K19S,0.184110641,-0.301513672
K19T,-0.057556152,-2.709030151
K19V,0.138706207,-2.094284058
K19W,-0.232833862,-2.212615967
K19Y,0.635162354,0.425292969
K218A,0.43715477,1.872268677
K218C,0.690958023,3.498703003
K218D,0.232154846,0.317825317
K218E,0.871854782,3.89680481
K218F,0.69591713,2.656295776
K218G,0.038856506,-0.586151123
K218H,0.21855545,0.242080688
K218I,0.686511993,3.484069824
K218L,0.358663559,1.76008606
K218M,0.177343369,1.019256592
K218N,0.327674866,1.065460205
K218P,-1.550395966,-10.11758423
K218Q,0.482522964,2.030899048
K218R,0.199817657,0.676620483
K218S,0.596832275,2.494369507
K218T,0.63001442,2.483825684
K218V,0.758663177,3.255767822
K218W,-0.196214676,-0.861541748
K218Y,0.905448914,3.213256836
K219A,0.48972702,1.725845337
K219C,0.126867294,0.797805786
K219D,0.199768066,-0.799957275
K219E,-0.063396454,-1.828445435
K219F,0.258625031,0.648757935
K219G,0.114625931,0.275482178
K219H,0.260650635,0.304901123
K219I,0.180263519,0.722625732
K219L,0.111999512,0.404647827
K219M,0.136993408,1.145584106
K219N,0.533987045,1.396743774
K219P,0.095726013,0.667388916
K219Q,0.065956116,-0.081710815
K219R,0.382146835,1.875198364
K219S,0.450313568,1.321151733
K219T,0.117183685,-0.419815063
K219V,0.221843719,0.280014038
K219W,0.263475418,1.33770752
K219Y,0.355258942,0.966949463
K34A,0.503658295,1.402679443
K34C,0.401233673,1.266586304
K34D,0.299583435,0.251373291
K34E,0.394874573,0.928527832
K34F,0.363763809,0.97088623
K34G,0.438623428,1.415084839
K34H,0.010398865,-0.693115234
K34I,0.02139473,-1.341247559
K34L,0.357128143,0.30255127
K34M,0.563142776,2.282440186
K34N,0.233917236,0.712417603
K34P,-0.181079865,-2.96484375
K34Q,0.122707367,-0.076980591
K34R,0.236005783,0.653762817
K34S,0.165132523,0.448822021
K34T,-0.248876572,-2.169204712
K34V,-0.013160706,-1.687438965
K34W,0.292417526,0.361877441
K34Y,0.267498016,0.683486938
K40A,-0.254570007,-0.672225952
K40C,-0.003158569,-0.201370239
K40D,-0.348148346,-1.70425415
K40E,-0.288003922,-1.14704895
K40F,-0.157802582,-0.747634888
K40G,-0.349143982,-1.30229187
K40H,-0.318771362,-1.698028564
K40I,0.270383835,1.103759766
K40L,0.055814743,0.200790405
K40M,-0.171453476,-1.082748413
K40N,-0.29716301,-1.78742981
K40P,0.040401459,0.293319702
K40Q,-0.369300842,-1.590927124
K40R,0.028369904,-0.016326904
K40S,-0.100765228,-0.195144653
K40T,-0.391347885,-2.302764893
K40V,0.382513046,1.29586792
K40W,-0.287611008,-1.051132202
K40Y,-0.303705215,-1.644378662
K47A,0.245449066,1.449142456
K47C,0.34702301,1.089035034
K47D,0.081577301,-0.487030029
K47E,0.246900558,0.353240967
K47F,-0.170866013,-1.237625122
K47G,-0.030733109,-0.13835144
K47H,-0.152641296,-1.003005981
K47I,-0.083396912,-0.641342163
K47L,0.118715286,0.370834351
K47M,-0.030481339,-0.304168701
K47N,0.074514389,-0.074752808
K47P,-0.534912109,-4.743988037
K47Q,0.133714676,0.426727295
K47R,0.156549454,0.723114014
K47S,0.029356003,0.016036987
K47T,-0.290822983,-1.789428711
K47V,-0.115795135,-1.045776367
K47W,-0.130157471,-1.193969727
K47Y,-0.260902405,-1.712524414
K60A,0.249242783,1.61114502
K60C,0.903488159,5.321350098
K60D,0.463760376,1.152053833
K60E,0.141839981,0.900299072
K60F,-0.310443878,-1.44744873
K60G,-0.581626892,-2.109512329
K60H,-0.24215126,-1.192230225
K60I,-0.051986694,0.104995728
K60L,-0.202569962,-0.127502441
K60M,-0.254364014,-0.912658691
K60N,0.416561127,1.117141724
K60P,-1.22542572,-6.417495728
K60Q,0.014799118,0.562789917
K60R,-0.028656006,-0.351928711
K60S,-0.018339157,-0.066482544
K60T,-0.024032593,-0.576599121
K60V,0.100757599,0.125839233
K60W,-0.57551384,-2.066864014
K60Y,-0.343578339,-2.06817627
K63A,0.08127594,0.382293701
K63C,0.935287476,3.573059082
K63D,0.022205353,-0.143371582
K63E,-0.156173706,-0.996063232
K63F,0.219591141,0.507202148
K63G,0.338302612,0.230621338
K63H,0.033786774,0.018157959
K63I,0.235183716,-0.303421021
K63L,0.167730331,-0.397155762
K63M,0.041351318,-0.497940063
K63N,0.046152115,-0.674255371
K63P,-0.805419922,-4.824371338
K63Q,-0.158535004,-0.778167725
K63R,-0.081069946,-0.661132813
K63S,0.113481522,0.386505127
K63T,-0.672492981,-3.46635437
K63V,-0.006681442,-2.425796509
K63W,-0.028766632,0.440856934
K63Y,0.186010361,0.603942871
K65A,-0.270460129,-1.015930176
K65C,0.326038361,1.98739624
K65D,-0.062969208,-1.892364502
K65E,0.045534134,-0.200302124
K65F,-0.532346725,-2.65737915
K65G,0.071685791,0.182357788
K65H,-0.485179901,-2.61730957
K65I,-0.543375015,-2.295333862
K65L,-0.562488556,-2.154663086
K65M,-0.485290527,-1.945602417
K65N,0.01597023,-1.272994995
K65P,-0.557897568,-1.788528442
K65Q,-0.299396515,-1.944992065
K65R,-0.1971035,-1.279937744
K65S,-0.128587723,-0.72354126
K65T,-0.67877388,-3.564071655
K65V,-0.39630127,-1.672851563
K65W,-0.834022522,-4.44152832
K65Y,-0.693872452,-4.522491455
K67A,-0.283222198,-0.530349731
K67C,0.945539474,5.655075073
K67D,0.277927399,0.234481812
K67E,-0.302566528,-1.309997559
K67F,-0.949327469,-6.962005615
K67G,-0.309869766,-1.733337402
K67H,-0.438726425,-2.012649536
K67I,-0.526359558,-1.95072937
K67L,-0.400180817,-2.467315674
K67M,-0.191455841,-2.253570557
K67N,0.211301804,0.459793091
K67P,-0.481544495,-4.124847412
K67Q,-0.464380264,-1.91444397
K67R,-0.265462875,-0.813659668
K67S,0.189676285,0.592788696
K67T,-1.023067474,-4.605651855
K67V,-1.002222061,-4.566452026
K67W,-1.350324631,-6.115829468
K67Y,-1.127105713,-8.091506958
K70A,0.692724228,2.876342773
K70C,0.582914352,2.667327881
K70D,0.514194489,0.901687622
K70E,-0.042573929,-0.404006958
K70F,0.272172928,0.942016602
K70G,0.632701874,3.545440674
K70H,-0.031663895,0.05291748
K70I,0.485088348,1.43069458
K70L,0.417606354,2.416656494
K70M,0.40978241,0.997680664
K70N,0.434700012,1.497238159
K70P,-0.197591782,-0.907791138
K70Q,-0.218774796,-0.289367676
K70R,-0.072742462,-0.157333374
K70S,0.474714279,1.710723877
K70T,-0.38351059,-2.375518799
K70V,-0.06703949,-1.899887085
K70W,0.601388931,3.082000732
K70Y,-0.156597137,-1.508987427
K74A,0.1951828,1.316650391
K74C,0.629016876,3.913070679
K74D,0.217433929,-0.360595703
K74E,0.190961838,-0.325668335
K74F,-0.02816391,-0.193237305
K74G,0.329278946,1.160720825
K74H,0.528791428,1.739059448
K74I,-0.168096542,-0.311920166
K74L,-0.227293015,-1.007263184
K74M,-0.079933167,-0.944625854
K74N,0.387533188,1.528533936
K74P,-0.229995728,-0.748916626
K74Q,0.071054459,0.208297729
K74R,-0.456640244,-2.142425537
K74S,0.277769089,1.271697998
K74T,-0.017536163,-0.843933105
K74V,-0.346258163,-1.819702148
K74W,0.273300171,1.637176514
K74Y,0.092456818,-0.103713989
K87A,0.108446121,0.713623047
K87C,0.712438583,3.430450439
K87D,0.050697327,-0.030792236
K87E,-0.044780731,0.056152344
K87F,0.397684097,1.496383667
K87G,-0.121809006,-0.600021362
K87H,0.185398102,0.589584351
K87I,0.278341293,1.817443848
K87L,0.367273331,1.664199829
K87M,0.434688568,1.635360718
K87N,0.157558441,0.665969849
K87P,-0.229042053,-0.602325439
K87Q,-0.04475975,-0.169631958
K87R,0.38517952,1.694763184
K87S,0.214897156,1.512374878
K87T,0.061681747,0.856323242
K87V,0.505027771,2.475906372
K87W,0.140075684,1.139266968
K87Y,0.311876297,1.155029297
K88A,-0.053178787,-0.088623047
K88C,0.493068695,2.807952881
K88D,-0.188196182,-1.337265015
K88E,-0.138551712,-0.285705566
K88F,0.008686066,-0.390975952
K88G,-0.064743042,-0.40411377
K88H,0.120800018,0.475494385
K88I,-0.056928635,-0.914749146
K88L,-0.120904922,-1.06489563
K88M,-0.153459549,-0.888748169
K88N,-0.194730759,-1.782119751
K88P,-0.040935516,-0.079727173
K88Q,-0.211202621,-1.090927124
K88R,0.221315384,0.714889526
K88S,0.063201904,0.61807251
K88T,-0.248300552,-1.36706543
K88V,0.130834579,0.130569458
K88W,-0.27274704,-1.621276855
K88Y,0.121299744,-0.179260254
L110A,-0.995546341,-5.073287964
L110C,0.395170212,0.209503174
L110D,-1.240505219,-6.716796875
L110E,-0.976278305,-5.324432373
L110F,0.078884125,-0.619522095
L110G,-1.774839401,-9.284545898
L110H,-0.175132751,-1.418273926
L110I,-0.382040024,-2.932312012
L110K,-1.168903351,-5.853179932
L110M,-0.427900314,-2.244354248
L110N,-0.967445374,-5.481658936
L110P,-0.766593933,-4.816436768
L110Q,-0.847826004,-4.439819336
L110R,-0.767873764,-4.091125488
L110S,-1.020038605,-5.170669556
L110T,-0.768932343,-4.320571899
L110V,-0.489852905,-3.574615479
L110W,0.101833344,-0.25239563
L110Y,0.385160446,0.683181763
L118A,-3.092542648,-16.01957703
L118C,-1.393844604,-6.293792725
L118D,-4.714006424,-26.44380188
L118E,-4.148988724,-22.54656982
L118F,-1.189027786,-5.989608765
L118G,-2.962341309,-14.84809875
L118H,-4.017446518,-22.23583984
L118I,-0.373762131,-1.106796265
L118K,-3.112178802,-15.31614685
L118M,-0.914094925,-4.280578613
L118N,-3.446426392,-17.81408691
L118P,-3.641796112,-19.11833191
L118Q,-4.910129547,-26.84036255
L118R,-3.609170914,-18.25254822
L118S,-3.167413712,-16.51542664
L118T,-2.833358765,-14.32516479
L118V,-0.903598785,-4.55456543
L118W,-3.020410538,-15.8183136
L118Y,-1.852931976,-11.35995483
L122A,-0.690740585,-4.100402832
L122C,-0.162136078,-0.884140015
L122D,-0.800319672,-5.047973633
L122E,-0.930528641,-4.870529175
L122F,0.148742676,-0.062194824
L122G,-0.956892014,-5.140151978
L122H,-0.24577713,-1.285736084
L122I,-0.552873611,-2.93762207
L122K,-0.652599335,-3.018478394
L122M,0.303583145,1.349182129
L122N,-1.057655334,-5.860992432
L122P,-0.544420242,-3.300018311
L122Q,-0.471143723,-2.311798096
L122R,-0.409515381,-2.674133301
L122S,-0.525215149,-2.722640991
L122T,-0.547636032,-3.595321655
L122V,-0.280525208,-1.908218384
L122W,-0.316761017,-1.980484009
L122Y,0.526731491,1.630661011
L140A,-2.207841873,-11.19476318
L140C,-1.36803627,-6.458206177
L140D,-3.363395691,-19.35534668
L140E,-4.077760696,-22.49012756
L140F,-0.667596817,-4.203323364
L140G,-2.921442032,-15.17736816
L140H,-3.20365715,-17.41499329
L140I,-1.275577545,-5.798614502
L140K,-3.676221848,-18.93005371
L140M,-0.64418602,-3.58253479
L140N,-3.998666763,-23.15060425
L140P,-3.967912674,-21.43252563
L140Q,-3.314731598,-18.05702209
L140R,-2.913684845,-15.67593384
L140S,-3.564434052,-20.51301575
L140T,-2.651432037,-13.62503052
L140V,-1.133666992,-5.347915649
L140W,-2.428544998,-13.38604736
L140Y,-2.164169312,-11.9919281
L143A,-1.417434692,-7.593048096
L143C,-0.838253021,-3.292236328
L143D,-1.898096085,-10.77301025
L143E,-1.387353897,-6.809692383
L143F,-0.022867203,-0.368606567
L143G,-2.28528595,-11.31307983
L143H,-1.427562714,-7.162979126
L143I,-0.562866211,-2.872634888
L143K,-1.581817627,-7.118652344
L143M,-0.369255066,-1.754577637
L143N,-1.795734406,-9.306182861
L143P,-3.323301315,-18.80445862
L143Q,-1.455091476,-7.038574219
L143R,-1.897756577,-8.904800415
L143S,-1.841255188,-8.835647583
L143T,-1.160114288,-5.602493286
L143V,-0.720104218,-3.618087769
L143W,-1.423015594,-7.091018677
L143Y,-0.216999054,-1.956878662
L144A,-1.295171738,-6.743026733
L144C,0.064455032,-0.251861572
L144D,-4.221225739,-27.13269043
L144E,-3.487718582,-21.00006104
L144F,-0.476701736,-3.284255981
L144G,-2.6808815,-15.97053528
L144H,-2.602485657,-15.11225891
L144I,-0.222349167,-0.994537354
L144K,-2.918720245,-17.12960815
L144M,-0.70980835,-3.127975464
L144N,-2.18148613,-15.85528564
L144P,-2.191539764,-13.12846375
L144Q,-2.392818451,-15.47253418
L144R,-2.241556168,-13.98878479
L144S,-1.497804642,-8.733078003
L144T,-1.041683197,-6.715255737
L144V,-0.561830521,-2.752990723
L144W,-0.741970062,-5.244094849
L144Y,-0.990623474,-6.316390991
L147A,-1.014408112,-4.967727661
L147C,0.285409927,0.543228149
L147D,-1.016374588,-6.100036621
L147E,-0.610738754,-3.047958374
L147F,0.323959351,1.413803101
L147G,-1.097570419,-6.276885986
L147H,-0.619485855,-3.074813843
L147I,-0.002550125,-0.358047485
L147K,-0.726047516,-3.497619629
L147M,-0.249134064,-1.613220215
L147N,-0.762166977,-4.110153198
L147P,-1.212270737,-6.49659729
L147Q,-0.648443222,-3.599716187
L147R,-0.654632568,-3.356185913
L147S,-0.594221115,-3.192718506
L147T,-0.316661835,-2.471160889
L147V,-0.481294632,-2.526062012
L147W,-0.356603622,-2.604949951
L147Y,0.174734116,0.281463623
L165A,-1.585391998,-9.693893433
L165C,-0.772533417,-3.617279053
L165D,-1.997219086,-11.0342865
L165E,-2.025079727,-10.96113586
L165F,-0.101715088,-1.000518799
L165G,-2.116559982,-13.13204956
L165H,-1.345319748,-7.02166748
L165I,-0.312927246,-0.773025513
L165K,-2.02495575,-11.09078979
L165M,-0.826791763,-3.488113403
L165N,-1.642196655,-9.518463135
L165P,-2.764036179,-16.65113831
L165Q,-1.833774567,-9.604263306
L165R,-1.904644012,-11.2334137
L165S,-1.456388474,-8.265197754
L165T,-1.418010712,-8.135482788
L165V,-0.461742401,-2.656082153
L165W,-0.908712387,-5.334609985
L165Y,0.043996811,-1.207565308
L169A,-1.628084183,-7.309051514
L169C,-0.523433685,-1.449142456
L169D,-1.700368881,-8.132965088
L169E,-1.461526871,-6.145965576
L169F,-0.297010422,-0.810592651
L169G,-1.352874756,-6.646850586
L169H,-1.419630051,-6.130722046
L169I,-0.323221207,-1.467208862
L169K,-1.235624313,-5.31690979
L169M,-0.500776291,-2.373580933
L169N,-1.300577164,-6.206558228
L169P,-2.020112991,-9.18019104
L169Q,-1.448596954,-6.568252563
L169R,-1.030355453,-4.435424805
L169S,-1.824975967,-7.888442993
L169T,-1.5942173,-7.059753418
L169V,-0.818275452,-3.872589111
L169W,-0.658267975,-2.979858398
L169Y,-0.325349808,-1.37538147
L212A,-1.546024323,-7.732971191
L212C,1.032310486,5.081680298
L212D,-2.701539993,-15.57020569
L212E,-2.126726151,-11.99049377
L212F,1.043214798,5.606033325
L212G,-2.405340195,-12.70413208
L212H,-0.806367874,-3.994308472
L212I,0.499727249,1.94418335
L212K,-1.881813049,-8.944671631
L212M,0.125749588,0.718292236
L212N,-1.873161316,-10.86929321
L212P,-2.875457764,-15.74353027
L212Q,-1.350061417,-7.924331665
L212R,-1.861560822,-8.913040161
L212S,-1.646677017,-8.72038269
L212T,-1.020393372,-5.907836914
L212V,-0.185035706,-1.304016113
L212W,0.763751984,3.943359375
L212Y,1.458110809,7.542556763
L31A,-0.734342575,-2.535980225
L31C,-0.414388657,-0.21257019
L31D,-0.420734406,-1.984176636
L31E,-0.682872772,-3.020065308
L31F,0.14012146,1.230728149
L31G,-0.937458038,-3.740158081
L31H,-0.355636597,-1.124725342
L31I,-0.511960983,-2.225357056
L31K,-0.76493454,-1.809524536
L31M,-0.380867004,-1.471176147
L31N,-0.835605621,-3.851928711
L31P,-0.94512558,-4.152282715
L31Q,-1.024093628,-4.29309082
L31R,-0.733137131,-1.671615601
L31S,-0.734090805,-2.55619812
L31T,-1.086034775,-4.36946106
L31V,-0.553014755,-2.496673584
L31W,-0.331674576,-0.367462158
L31Y,-0.175645828,-1.153549194
L37A,-1.508655548,-7.078399658
L37C,-0.953659058,-4.449661255
L37D,-1.571968079,-10.53334045
L37E,-1.854604721,-10.55819702
L37F,-0.335836411,-2.864349365
L37G,-2.571966171,-14.32531738
L37H,-1.318775177,-6.716201782
L37I,-0.893911362,-5.373550415
L37K,-2.491048813,-13.3120575
L37M,-0.723768234,-3.211471558
L37N,-1.648096085,-9.829879761
L37P,-1.309314728,-7.280303955
L37Q,-1.600219727,-8.418609619
L37R,-2.073133469,-10.26202393
L37S,-1.347806931,-6.820877075
L37T,-1.986820221,-10.46258545
L37V,-1.130651474,-7.230499268
L37W,-1.873876572,-9.915527344
L37Y,-0.992717743,-5.492263794
L44A,-0.191699982,-0.886993408
L44C,0.347291946,1.132049561
L44D,-0.08259201,-0.681991577
L44E,0.096755981,0.561431885
L44F,-0.399097443,-2.011688232
L44G,-0.503229141,-2.569381714
L44H,-0.155578613,-1.215484619
L44I,-0.466335297,-2.195526123
L44K,-0.417819977,-1.938735962
L44M,-0.335468292,-1.398925781
L44N,-0.447654724,-2.343811035
L44P,-0.773452759,-4.044662476
L44Q,-0.383987427,-1.74609375
L44R,-0.405107498,-2.145812988
L44S,-0.32925415,-1.525054932
L44T,-0.61031723,-2.745239258
L44V,-0.583812714,-3.005203247
L44W,-0.223018646,-1.198486328
L44Y,-0.466831207,-2.37387085
L64A,-0.0971241,-0.251434326
L64C,1.075407028,5.429107666
L64D,0.503820419,1.935974121
L64E,0.135896683,1.032272339
L64F,-0.40735817,-2.357376099
L64G,-0.287454605,-1.421920776
L64H,-0.373153687,-2.260055542
L64I,-0.354228973,-2.02784729
L64K,-0.371463776,-1.847396851
L64M,-0.152320862,-0.849273682
L64N,-0.081933975,-1.057388306
L64P,-0.454835892,-1.673019409
L64Q,-0.210466385,-0.750137329
L64R,-0.379230499,-1.005111694
L64S,-0.076148987,-0.470306396
L64T,-0.893718719,-4.968307495
L64V,-0.391159058,-2.373764038
L64W,-0.720409393,-3.010498047
L64Y,-0.358139038,-3.097579956
L72A,-0.028575897,1.434585571
L72C,1.210016251,6.368209839
L72D,0.390428543,1.585540771
L72E,-0.150484085,-0.165771484
L72F,0.286323547,0.983276367
L72G,0.019241333,-0.025588989
L72H,0.141021729,1.1171875
L72I,-0.189498901,-0.224502563
L72K,0.177911758,1.774887085
L72M,-0.254646301,-0.416671753
L72N,0.596403122,3.023223877
L72P,-0.144041061,0.111068726
L72Q,-0.01231575,1.126144409
L72R,0.020505905,0.506347656
L72S,0.200666428,2.566101074
L72T,-0.585741043,-2.376571655
L72V,-0.341148376,-1.365600586
L72W,-0.094060898,1.093414307
L72Y,0.810142517,3.35458374
L89A,0.096736908,0.640975952
L89C,0.429784775,1.742050171
L89D,0.310726166,1.547668457
L89E,0.289066315,1.708145142
L89F,0.1739254,0.518493652
L89G,0.306083679,1.396575928
L89H,0.39630127,1.8828125
L89I,-0.416015625,-2.096817017
L89K,-0.260225296,-1.268341064
L89M,-0.037820816,-0.275115967
L89N,-0.031591415,-0.140335083
L89P,-0.047584534,0.0625
L89Q,-0.256347656,-1.527389526
L89R,-0.150835037,-0.976211548
L89S,0.273740768,1.483444214
L89T,0.095148087,0.435333252
L89V,-0.084335327,-0.83706665
L89W,-0.172733307,-0.538803101
L89Y,0.225343704,0.829421997
M46A,-1.488037109,-7.944793701
M46C,-0.007328033,0.203460693
M46D,-1.369617462,-8.056610107
M46E,-0.995079041,-6.070175171
M46F,0.219455719,0.500839233
M46G,-1.527397156,-8.170288086
M46H,-0.886587143,-5.058898926
M46I,-0.384000778,-1.504257202
M46K,-0.920886993,-5.105834961
M46L,0.170713425,0.987731934
M46N,-1.604785919,-9.516494751
M46P,-1.637565613,-9.827346802
M46Q,-1.122512817,-6.620239258
M46R,-0.785217285,-4.947891235
M46S,-1.276540756,-7.237518311
M46T,-1.210981369,-5.880691528
M46V,-0.654281616,-2.736984253
M46W,-0.513353348,-2.966644287
M46Y,0.382619858,0.119415283
M83A,-0.211168289,-0.841949463
M83C,0.024831772,0.795074463
M83D,-0.254276276,-0.180221558
M83E,-0.518957138,-3.124862671
M83F,0.275075912,2.154830933
M83G,-0.289993286,-0.478027344
M83H,0.063423157,0.252288818
M83I,-0.295127869,-1.516159058
M83K,-0.557743073,-2.064697266
M83L,0.038295746,0.305358887
M83N,-0.158346176,-0.286865234
M83P,-0.873580933,-3.261672974
M83Q,-0.546497345,-1.778320313
M83R,-0.276100159,-0.966674805
M83S,-0.15911293,1.097839355
M83T,-0.428955078,-2.10774231
M83V,-0.016405106,-0.505615234
M83W,0.044700623,1.123779297
M83Y,-0.12647438,-0.454406738
M95A,-2.662820816,-14.51539612
M95C,-0.936904907,-4.795608521
M95D,-4.557565689,-26.59257507
M95E,-3.162872314,-16.98477173
M95F,-0.450088501,-2.66242981
M95G,-3.121330261,-15.8921814
M95H,-2.367435455,-11.51875305
M95I,-1.043498993,-4.819473267
M95K,-2.564098358,-12.53459167
M95L,-0.337976456,-2.238815308
M95N,-3.21011734,-17.36297607
M95P,-2.798864365,-14.32441711
M95Q,-1.987611771,-10.23893738
M95R,-2.676200867,-13.02604675
M95S,-2.748653412,-14.2389679
M95T,-2.666786194,-14.21786499
M95V,-1.48169899,-7.740737915
M95W,-0.839893341,-4.167800903
M95Y,-0.697067261,-4.38961792
N112A,-0.68132019,-2.788513184
N112C,-0.284572601,-0.815750122
N112D,-0.369407654,-1.692581177
N112E,-0.687017441,-2.922698975
N112F,-0.395822525,-1.625839233
N112G,-0.215278625,-0.390319824
N112H,-0.184526443,-0.765258789
N112I,-0.848016739,-3.767440796
N112K,-0.21333313,-0.941726685
N112L,-0.582567215,-2.328323364
N112M,-0.736148834,-2.74571228
N112P,-0.550483704,-2.654373169
N112Q,-0.523509979,-1.946655273
N112R,-0.090805054,-0.757064819
N112S,-0.496789932,-1.900894165
N112T,-0.535240173,-2.286071777
N112V,-0.83681488,-3.8256073
N112W,-0.617834091,-2.102874756
N112Y,-0.581830978,-2.440948486
N115A,-0.627138138,-2.896652222
N115C,0.053791046,0.646774292
N115D,-1.000829697,-5.075057983
N115E,-0.640745163,-3.485733032
N115F,0.036039352,0.398162842
N115G,-1.387727737,-6.98651123
N115H,-0.062414169,0.045883179
N115I,0.148948669,0.635040283
N115K,-0.715085983,-3.260375977
N115L,-0.046293259,-0.048126221
N115M,-0.016880035,0.392745972
N115P,-0.579553604,-3.514968872
N115Q,-0.357000351,-1.804031372
N115R,-0.559232712,-2.538848877
N115S,-0.499332428,-2.272674561
N115T,-0.021194458,-0.156951904
N115V,0.22051239,0.836807251
N115W,0.247587204,1.086090088
N115Y,0.059404373,0.857116699
N135A,-0.46698761,-1.792694092
N135C,-0.663253784,-2.195053101
N135D,0.05954361,-0.072982788
N135E,-0.306125641,-1.032897949
N135F,-0.087688446,-0.064941406
N135G,-0.51861763,-2.050735474
N135H,-0.161556244,-0.235031128
N135I,-0.56281662,-2.19229126
N135K,-0.518688202,-1.810012817
N135L,-0.530948639,-1.676513672
N135M,-0.288253784,-0.753067017
N135P,-1.087350845,-5.051696777
N135Q,-0.463310242,-1.474884033
N135R,-0.384843826,-1.254684448
N135S,-0.148189545,-0.012863159
N135T,-0.499555588,-1.837020874
N135V,-0.616472244,-2.358016968
N135W,-0.546731949,-2.124771118
N135Y,-0.191688538,-0.508239746
N148A,-0.19666481,-1.007171631
N148C,-0.000276566,0.154647827
N148D,-0.284936905,-1.843353271
N148E,-0.40807724,-2.130065918
N148F,-0.22961998,-1.441680908
N148G,0.459911346,2.432571411
N148H,-0.344484329,-1.833465576
N148I,0.21282196,0.467590332
N148K,-0.015218735,-0.296524048
N148L,-0.149719238,-0.985443115
N148M,-0.075906754,-0.304153442
N148P,-0.260578156,-0.720703125
N148Q,-0.211669922,-1.111206055
N148R,0.04756546,0.178771973
N148S,0.030708313,0.519943237
N148T,-0.046022415,-0.643798828
N148V,-0.231142044,-2.035095215
N148W,-0.317968369,-1.727432251
N148Y,-0.413158417,-2.194290161
N15A,-0.233869553,-2.603012085
N15C,0.058555603,-0.961914063
N15D,-0.017381668,0.415313721
N15E,-0.062389374,1.19569397
N15F,0.123615265,-0.411560059
N15G,0.032354355,-0.600036621
N15H,-0.03911972,0.043991089
N15I,-0.057064056,1.067703247
N15K,-0.026500702,-0.510452271
N15L,0.369638443,0.256835938
N15M,0.1258564,0.327682495
N15P,-0.304550171,-3.297454834
N15Q,-0.19994545,-0.95854187
N15R,0.053386688,-0.768005371
N15S,-0.101261139,-0.035369873
N15T,-0.223726273,-1.134872437
N15V,0.068510056,1.416778564
N15W,-0.211854935,-2.153640747
N15Y,0.079050064,1.265533447
N179A,-0.389549255,-1.677871704
N179C,0.246063232,1.619903564
N179D,-0.56562233,-2.793838501
N179E,-0.559314728,-2.576919556
N179F,0.01268959,-0.332778931
N179G,-0.326560974,-1.723236084
N179H,0.474731445,2.019729614
N179I,-0.052145004,0.052047729
N179K,0.234275818,1.405029297
N179L,-0.119178772,-0.206665039
N179M,-0.038658142,0.181945801
N179P,-0.66460228,-3.57623291
N179Q,-0.260385513,-0.917419434
N179R,0.422489166,1.955963135
N179S,-0.185297012,-0.691131592
N179T,-0.20740509,-0.675262451
N179V,-0.057304382,-0.228286743
N179W,0.195964813,0.696914673
N179Y,0.279693604,1.047042847
N192A,-0.92237854,-4.424636841
N192C,-0.466266632,-1.754043579
N192D,-0.365810394,-1.184875488
N192E,-0.934793472,-4.238464355
N192F,-0.733869553,-3.741317749
N192G,-1.115301132,-5.57901001
N192H,-0.765077591,-3.648040771
N192I,-0.994764328,-4.442993164
N192K,-0.706127167,-2.89239502
N192L,-0.598859787,-2.630020142
N192M,-0.658563614,-2.779067993
N192P,-1.46506691,-7.441833496
N192Q,-1.02025032,-4.670471191
N192R,-0.597742081,-2.71307373
N192S,-0.798732758,-3.265823364
N192T,-0.921873093,-4.197692871
N192V,-1.033781052,-4.86126709
N192W,-0.812450409,-3.767837524
N192Y,-0.754173279,-3.827209473
N194A,0.01243782,0.204772949
N194C,-0.003808975,0.162704468
N194D,0.079320908,0.346893311
N194E,-0.080320358,-0.163482666
N194F,-0.127784729,-0.595748901
N194G,-0.205337524,-1.033996582
N194H,-0.079338074,-0.456100464
N194I,-0.349636078,-1.418914795
N194K,-0.107631683,-0.235931396
N194L,-0.235542297,-0.937561035
N194M,-0.028539658,0.251907349
N194P,-0.96639061,-4.757873535
N194Q,-0.20113945,-0.913223267
N194R,-0.380289078,-1.382644653
N194S,0.093906403,0.499603271
N194T,-0.092071533,-0.42868042
N194V,-0.366365433,-1.42149353
N194W,-0.096668243,-0.049057007
N194Y,-0.170082092,-0.870529175
N208A,0.060651779,0.565872192
N208C,0.133489609,1.308959961
N208D,0.179998398,0.811248779
N208E,0.034431458,1.409317017
N208F,-0.134538651,-0.503890991
N208G,0.289636612,1.797058105
N208H,-0.052570343,-0.275390625
N208I,-0.430591583,-0.209564209
N208K,-0.306980133,0.483551025
N208L,-0.188282013,-0.231994629
N208M,-0.181812286,-0.235992432
N208P,-0.117713928,1.277130127
N208Q,0.105653763,0.72492981
N208R,-0.285898209,-0.884933472
N208S,-0.133235931,0.602096558
N208T,-0.124773026,0.846054077
N208V,-0.1879673,1.057815552
N208W,-0.296907425,-1.221801758
N208Y,-0.50062561,-2.27734375
N209A,-0.038011551,-0.132644653
N209C,0.314943314,1.551437378
N209D,0.023828506,0.24307251
N209E,0.362613678,1.62348938
N209F,-0.144155502,-1.253723145
N209G,0.192564011,0.606109619
N209H,0.115756989,0.142471313
N209I,-0.15045166,-1.233261108
N209K,-0.497213364,-1.950271606
N209L,-0.111745834,-0.550064087
N209M,0.015512466,-0.200393677
N209P,-0.566942215,-4.133804321
N209Q,-0.002168655,0.16217041
N209R,-0.483903885,-2.122238159
N209S,0.009019852,0.277496338
N209T,0.085525513,0.498947144
N209V,-0.183254242,-1.299850464
N209W,-0.232988358,-0.945892334
N209Y,-0.110681534,-1.057647705
N20A,-0.149354935,0.217697144
N20C,0.099412918,2.285339355
N20D,0.138904572,1.271743774
N20E,-0.015151978,1.582626343
N20F,-0.091497421,-0.182250977
N20G,0.004987717,0.825820923
N20H,0.101921082,1.183609009
N20I,-0.20857048,0.746963501
N20K,0.161090851,2.255722046
N20L,-0.04486084,0.197433472
N20M,0.299081802,2.733306885
N20P,-0.076612473,1.40625
N20Q,0.161453247,2.363372803
N20R,0.191772461,2.08821106
N20S,-0.058746338,1.160095215
N20T,-0.330179214,0.001113892
N20V,-0.080286026,1.102355957
N20W,-0.103805542,0.429580688
N20Y,0.195272446,2.180541992
N24A,0.03902626,0.963165283
N24C,0.755483627,3.838562012
N24D,-0.081111908,-0.890930176
N24E,-0.291999817,-1.497039795
N24F,0.026000977,0.759979248
N24G,0.27898407,1.746322632
N24H,0.024570465,0.344680786
N24I,-0.039409637,0.875396729
N24K,-0.087804794,0.024353027
N24L,0.150159836,1.344726563
N24M,-0.102180481,0.485046387
N24P,-0.12355423,-0.074737549
N24Q,-0.068271637,0.378417969
N24R,0.073530197,0.866348267
N24S,0.052829742,0.68901062
N24T,-0.415485382,-1.610580444
N24V,0.012004852,1.003417969
N24W,0.230297089,1.956634521
N24Y,0.169300079,0.641723633
N25A,-0.005292892,0.762008667
N25C,0.620513916,2.918533325
N25D,-0.158281326,-0.535873413
N25E,-0.091772079,-0.246566772
N25F,-0.141782761,-0.2993927
N25G,-0.123327255,-0.401062012
N25H,-0.268529892,-1.186660767
N25I,0.430551529,2.484695435
N25K,-0.446289063,-2.019958496
N25L,0.230304718,1.785263062
N25M,-0.286249161,-1.372558594
N25P,0.358455658,1.328918457
N25Q,-0.442295074,-1.642196655
N25R,-0.171020508,-0.363525391
N25S,-0.017507553,0.457611084
N25T,-0.480985641,-1.669296265
N25V,-0.114145279,0.094146729
N25W,0.092042923,1.58052063
N25Y,0.106565475,0.7552948
N33A,-0.0240345,-0.074035645
N33C,0.172569275,1.433502197
N33D,-0.276679993,-1.494857788
N33E,-0.242773056,-1.284912109
N33F,0.510688782,2.38319397
N33G,-0.049638748,-0.257110596
N33H,0.081834793,0.383758545
N33I,-0.058208466,-0.047042847
N33K,-0.14538765,-0.478225708
N33L,-0.059041977,-0.257522583
N33M,-0.134624481,-0.974761963
N33P,-0.655359268,-2.998321533
N33Q,-0.268157959,-1.162094116
N33R,-0.171907425,-0.913772583
N33S,0.077056885,0.60168457
N33T,-0.173501968,-0.668289185
N33V,0.013561249,-0.129669189
N33W,0.415311813,2.206008911
N33Y,0.429693222,1.766418457
N42A,-0.479434967,-0.892501831
N42C,0.088102341,1.287368774
N42D,0.003190994,0.455749512
N42E,-0.389392853,-0.366226196
N42F,-0.426618576,-1.708145142
N42G,-0.806447983,-3.338806152
N42H,-0.257019043,-0.59324646
N42I,-0.514503479,-1.938705444
N42K,-0.685317993,-1.96156311
N42L,-0.515148163,-0.993774414
N42M,-0.843271255,-2.841278076
N42P,0.112911224,1.259963989
N42Q,-0.454509735,-0.781646729
N42R,-0.665403366,-2.692626953
N42S,0.056570053,0.733932495
N42T,-0.318576813,-0.844497681
N42V,-0.324447632,-1.059326172
N42W,-0.295858383,-0.893493652
N42Y,-0.112939835,-0.204101563
N57A,0.084583282,0.837005615
N57C,0.685564041,4.005477905
N57D,-0.144666672,-0.355560303
N57E,0.074966431,0.576843262
N57F,-0.204416275,-1.629776001
N57G,-0.435844421,-1.804244995
N57H,0.12707901,0.467681885
N57I,0.139595032,1.544845581
N57K,-0.186408997,-1.24055481
N57L,-0.129816055,0.01411438
N57M,-0.215709686,-0.618972778
N57P,0.257488251,2.575866699
N57Q,-0.093694687,-0.552444458
N57R,-0.214294434,-0.757736206
N57S,-0.317983627,-1.247833252
N57T,-0.858129501,-3.848724365
N57V,-0.217761993,0.126098633
N57W,-0.024694443,0.168334961
N57Y,-0.353404999,-1.953887939
N73A,-0.329805374,-1.538513184
N73C,0.878025055,5.053787231
N73D,-0.515478134,-3.074401855
N73E,-0.675603867,-2.796066284
N73F,-0.23248291,-1.651809692
N73G,-0.49590683,-1.565429688
N73H,-0.421705246,-1.635528564
N73I,-0.058227539,-1.088897705
N73K,-0.118499756,-0.05506897
N73L,-0.142139435,-0.784103394
N73M,-0.635427475,-3.672180176
N73P,-0.61618042,-3.636047363
N73Q,-0.442386627,-1.07208252
N73R,-0.287578583,-1.097000122
N73S,0.014904022,0.541412354
N73T,-1.073768616,-5.702316284
N73V,-0.736082077,-4.166595459
N73W,-0.233671188,-1.100616455
N73Y,-0.25501442,-1.941864014
N79A,0.251502991,0.593032837
N79C,0.069381714,1.186904907
N79D,-0.133871078,-0.559234619
N79E,-0.07762146,-0.288070679
N79F,0.457256317,2.797470093
N79G,-0.126953125,-1.864181519
N79H,0.192876816,0.650161743
N79I,-0.142662048,-0.235061646
N79K,0.131414413,1.576980591
N79L,0.454324722,2.842803955
N79M,0.468250275,2.266555786
N79P,-0.4617939,-1.068893433
N79Q,0.072969437,0.706848145
N79R,0.01232338,0.684616089
N79S,0.25598526,1.000442505
N79T,-0.211816788,-1.332717896
N79V,0.024730682,-0.543518066
N79W,0.068748474,1.237945557
N79Y,0.099689484,0.612640381
N81A,-0.448999405,-1.556793213
N81C,-0.155521393,0.218170166
N81D,0.047412872,-0.176879883
N81E,-0.169279099,-1.034072876
N81F,0.052167892,-0.418289185
N81G,-0.076320648,-0.771331787
N81H,-0.059803009,-0.629135132
N81I,-0.105913162,-0.335998535
N81K,-0.480495453,-2.081680298
N81L,0.088571548,-0.116348267
N81M,-0.003433228,0.429412842
N81P,-0.437303543,-2.356109619
N81Q,-0.327354431,-1.306243896
N81R,-0.159477234,-0.802200317
N81S,-0.250162125,-0.401428223
N81T,-0.363683701,-1.763046265
N81V,-0.143873215,-0.028793335
N81W,0.337236404,1.280136108
N81Y,0.099458694,-0.09715271
N85A,-0.072263718,0.870483398
N85C,-0.109014511,0.629653931
N85D,-0.112617493,-0.422561646
N85E,-0.137573242,-0.108459473
N85F,-0.006103516,0.233764648
N85G,-0.310642242,-1.68963623
N85H,0.030117035,0.708312988
N85I,-0.160961151,0.207763672
N85K,-0.343776703,-0.96295166
N85L,0.068296432,1.679412842
N85M,-0.000371933,0.914337158
N85P,0.086097717,1.5912323
N85Q,-0.222673416,-0.297973633
N85R,-0.082298279,0.136642456
N85S,-0.074146271,0.523071289
N85T,-0.152647018,0.157333374
N85V,-0.078044891,0.491836548
N85W,0.110681534,1.368606567
N85Y,-0.065219879,-0.067108154
N91A,-1.006546021,-5.20526123
N91C,-0.702972412,-2.53503418
N91D,-1.216205597,-6.748779297
N91E,-0.904434204,-4.829483032
N91F,-0.284294128,-1.640533447
N91G,-0.980596542,-4.922302246
N91H,-0.820104599,-3.876922607
N91I,-0.651643753,-3.146148682
N91K,-0.81080246,-4.078155518
N91L,-0.789722443,-3.885543823
N91M,-0.92247963,-4.432662964
N91P,-1.240131378,-6.349121094
N91Q,-0.976774216,-4.769546509
N91R,-0.933906555,-4.78263855
N91S,-0.412536621,-2.197860718
N91T,-0.859954834,-4.199691772
N91V,-0.446462631,-2.327880859
N91W,-1.017654419,-4.52696228
N91Y,-0.56334877,-2.760620117
P104A,-0.942667007,-4.457015991
P104C,-0.403823853,-2.007019043
P104D,-0.847835541,-4.501525879
P104E,-0.976541519,-4.839492798
P104F,-0.777610779,-4.186691284
P104G,-1.01483345,-4.809112549
P104H,-0.932498932,-4.310012817
P104I,-1.174650192,-5.67124939
P104K,-1.345787048,-6.254608154
P104L,-0.784294128,-3.970779419
P104M,-1.069534302,-5.027038574
P104N,-1.061439514,-5.263626099
P104Q,-1.148744583,-5.446792603
P104R,-1.048501968,-4.954971313
P104S,-0.784646988,-3.497650146
P104T,-1.203929901,-5.910018921
P104V,-1.456466675,-7.322753906
P104W,-0.60843277,-2.87487793
P104Y,-0.613483429,-3.268829346
P109A,-1.10799408,-5.443328857
P109C,-1.241350174,-5.34312439
P109D,-1.299917221,-7.162963867
P109E,-1.306472778,-6.553161621
P109F,-1.022205353,-5.403045654
P109G,-1.358181,-7.005508423
P109H,-0.965744019,-5.234817505
P109I,-1.028558731,-5.194503784
P109K,-1.271677017,-6.144393921
P109L,-0.700023651,-3.276260376
P109M,-0.962860107,-4.367492676
P109N,-1.492073059,-8.318450928
P109Q,-0.896120071,-4.677810669
P109R,-0.500116348,-2.226730347
P109S,-1.516750336,-7.630279541
P109T,-1.192735672,-6.113540649
P109V,-1.176967621,-5.817657471
P109W,-1.409225464,-6.601486206
P109Y,-0.872941971,-4.626495361
P189A,-0.595571518,-2.71762085
P189C,-0.26074028,-1.161605835
P189D,-0.648607254,-3.527114868
P189E,-0.91021347,-4.443756104
P189F,-0.463813782,-2.410140991
P189G,-0.685958862,-3.392852783
P189H,-0.894662857,-4.364379883
P189I,-0.691390991,-2.93421936
P189K,-0.954475403,-4.750457764
P189L,-0.761795044,-3.708786011
P189M,-0.889875412,-3.913528442
P189N,-0.692996979,-3.51789856
P189Q,-0.960134506,-4.331283569
P189R,-0.895132065,-4.363052368
P189S,-0.694519043,-3.082672119
P189T,-0.831729889,-3.89213562
P189V,-0.59573555,-2.618133545
P189W,-0.535196304,-2.419387817
P189Y,-0.866445541,-4.628967285
P38A,-0.940607071,-5.358352661
P38C,-0.701931,-3.476882935
P38D,-1.046852112,-6.31149292
P38E,-1.108135223,-6.745330811
P38F,-0.954774857,-5.747024536
P38G,-1.087430954,-6.907455444
P38H,-0.839000702,-5.130187988
P38I,-0.918088913,-5.823760986
P38K,-1.252099991,-7.114486694
P38L,-1.047546387,-6.358032227
P38M,-1.066158295,-6.831512451
P38N,-0.914896011,-5.084793091
P38Q,-1.020097733,-5.762283325
P38R,-0.853645325,-5.542358398
P38S,-0.882572174,-4.094543457
P38T,-1.182491302,-6.626190186
P38V,-0.907520294,-5.680511475
P38W,-0.57711792,-3.224807739
P38Y,-0.874914169,-5.78112793
P84A,-0.641180038,-3.072753906
P84C,-0.405115128,-2.228927612
P84D,-0.168308258,-1.263900757
P84E,-0.587518692,-3.072631836
P84F,-0.305644989,-1.921890259
P84G,-0.563867569,-2.812164307
P84H,-0.629928589,-3.076126099
P84I,-0.485691071,-3.222671509
P84K,-0.52230072,-2.569671631
P84L,-0.170804977,-1.68107605
P84M,-0.429887772,-2.622619629
P84N,-0.439725876,-2.553466797
P84Q,-0.670476913,-3.529556274
P84R,-0.119791031,-0.927474976
P84S,-0.531671524,-2.781494141
P84T,-0.525613785,-2.103897095
P84V,-0.611948013,-2.684844971
P84W,-0.50295639,-1.807800293
P84Y,-0.089086533,-0.81237793
Q162A,0.066709518,0.205245972
Q162C,0.692771912,3.237289429
Q162D,-0.1945858,-1.478286743
Q162E,-0.082132339,-0.323959351
Q162F,0.113636017,0.516677856
Q162G,-0.20132637,-0.922470093
Q162H,-0.201826096,-1.186798096
Q162I,0.3853302,2.033843994
Q162K,0.240346909,1.347335815
Q162L,0.593103409,2.587203979
Q162M,0.289581299,1.385177612
Q162N,0.069021225,0.019577026
Q162P,-1.080661774,-6.13079834
Q162R,0.29334259,1.634643555
Q162S,-0.125684738,-0.30519104
Q162T,-0.094497681,-0.311386108
Q162V,0.04507637,0.388671875
Q162W,-0.406490326,-1.995193481
Q162Y,0.181867599,0.376083374
Q197A,-0.285629272,-1.396591187
Q197C,0.272279739,1.756286621
Q197D,-0.128503799,-1.25163269
Q197E,0.106416702,0.2709198
Q197F,0.235080719,1.000137329
Q197G,-0.494421005,-2.990325928
Q197H,0.0129776,-0.084106445
Q197I,0.284013748,1.617965698
Q197K,-0.050161362,0.062454224
Q197L,-0.135692596,-0.536529541
Q197M,0.024513245,0.107376099
Q197N,-0.116607666,-0.711730957
Q197P,-1.818748474,-10.55239868
Q197R,-0.03669548,0.077316284
Q197S,0.093032837,0.477737427
Q197T,0.104705811,0.307403564
Q197V,0.149446487,0.469406128
Q197W,0.084287643,-0.297454834
Q197Y,0.181959152,0.519348145
Q90A,0.319833755,2.001754761
Q90C,0.449636459,2.63343811
Q90D,-0.238576889,-0.987075806
Q90E,-0.168775558,-0.803573608
Q90F,0.369737625,2.209243774
Q90G,0.083555222,0.946090698
Q90H,0.126979828,1.160003662
Q90I,0.159181595,1.243530273
Q90K,0.252761841,1.2681427
Q90L,0.21323967,1.552078247
Q90M,0.086071014,0.532669067
Q90N,-0.198711395,-0.948226929
Q90P,0.187749863,1.685287476
Q90R,0.33937645,1.641891479
Q90S,0.017932892,0.588287354
Q90T,-0.072347641,-0.234176636
Q90V,0.226192474,1.194137573
Q90W,0.086889267,1.465209961
Q90Y,0.331783295,2.03944397
R113A,-1.547849655,-8.83013916
R113C,-1.10691452,-5.871658325
R113D,-2.439565659,-15.40812683
R113E,-1.772024155,-10.6915741
R113F,-0.367864609,-3.068267822
R113G,-1.801294327,-10.18370056
R113H,-0.711439133,-4.961105347
R113I,-1.105674744,-6.446914673
R113K,-1.225740433,-6.947860718
R113L,-0.596538544,-4.060195923
R113M,-0.698440552,-4.222625732
R113N,-1.227525711,-7.786254883
R113P,-2.221349716,-14.44491577
R113Q,-0.984369278,-6.561981201
R113S,-1.253232956,-6.889953613
R113T,-1.080211639,-6.524871826
R113V,-0.951210022,-5.896240234
R113W,-0.559650421,-3.502914429
R113Y,-0.645843506,-4.740249634
R120A,-0.060676575,-1.01222229
R120C,0.327451706,0.555175781
R120D,-0.173887253,-1.745864868
R120E,-0.05163765,-0.98274231
R120F,0.254371643,-0.06678772
R120G,-0.018545151,-1.12538147
R120H,0.051794052,-0.321914673
R120I,0.043895721,-0.462112427
R120K,-0.131521225,-0.42640686
R120L,-0.050392151,-1.056472778
R120M,0.06477356,-0.41003418
R120N,0.214790344,-0.074905396
R120P,-0.060642242,-1.343566895
R120Q,0.064863205,-0.459960938
R120S,0.390821457,1.282699585
R120T,0.162427902,-0.172424316
R120V,0.06255722,-0.812683105
R120W,0.254394531,0.741073608
R120Y,0.268489838,-0.038040161
R177A,-0.925987244,-4.432601929
R177C,-0.187799454,-1.07774353
R177D,-1.224647522,-6.467636108
R177E,-1.09541893,-4.977050781
R177F,-0.559087753,-3.073577881
R177G,-0.795024872,-3.731445313
R177H,-0.627220154,-2.870330811
R177I,-0.486524582,-2.222885132
R177K,-0.307159424,-1.318252563
R177L,-0.744585037,-3.749679565
R177M,-0.424575806,-2.024597168
R177N,-0.710515976,-3.847503662
R177P,-0.97019577,-5.455154419
R177Q,-0.647079468,-3.12121582
R177S,-0.747888565,-3.797424316
R177T,-0.670217514,-3.982192993
R177V,-0.473751068,-2.409591675
R177W,-0.317407608,-1.896881104
R177Y,-0.446722031,-2.572097778
R29A,-0.315830231,-0.35597229
R29C,-0.208230972,-0.881988525
R29D,-0.342077255,-0.650039673
R29E,-0.620130539,-1.962783813
R29F,-0.41519928,-1.385848999
R29G,-0.336137772,-1.141769409
R29H,-0.65763855,-3.316299438
R29I,-0.417181015,-0.675308228
R29K,-0.478153229,-1.985076904
R29L,-0.505296707,-1.365875244
R29M,-0.758947372,-3.508956909
R29N,-0.502229691,-2.352325439
R29P,-0.158103943,0.446151733
R29Q,-0.819332123,-4.039398193
R29S,-0.364566803,-0.787399292
R29T,-0.899709702,-3.123962402
R29V,-0.671127319,-2.670822144
R29W,-0.628894806,-1.158065796
R29Y,-0.504249573,-2.150115967
R68A,-0.321647644,-1.807235718
R68C,0.734954834,4.743743896
R68D,-0.565536499,-3.22543335
R68E,-0.635025024,-4.376022339
R68F,0.348140717,1.92250061
R68G,-0.155502319,-0.191070557
R68H,-0.39846611,-3.054977417
R68I,0.571140289,3.072860718
R68K,0.125722885,0.32749939
R68L,0.573356628,2.445465088
R68M,-0.646905899,-3.534988403
R68N,0.125331879,-1.548400879
R68P,-1.587459564,-8.91746521
R68Q,-0.454565048,-2.125701904
R68S,0.37714386,0.628463745
R68T,-1.568067551,-9.00289917
R68V,-0.156719208,-0.423904419
R68W,-0.34633255,-0.896286011
R68Y,-0.506641388,-3.656555176
R97A,0.014726639,-0.71496582
R97C,-0.460912704,-2.394668579
R97D,-0.509384155,-3.081207275
R97E,-0.5987854,-3.046020508
R97F,-0.219446182,-1.432144165
R97G,-0.014190674,-0.919937134
R97H,-0.633340836,-3.440093994
R97I,-0.213895798,-1.420593262
R97K,-0.142267227,-1.029205322
R97L,-0.244609833,-1.969955444
R97M,-0.286529541,-1.58354187
R97N,-0.386022568,-2.74597168
R97P,-0.246807098,-1.510696411
R97Q,-0.233364105,-1.68081665
R97S,-0.057237625,-0.797821045
R97T,-0.362075806,-2.350463867
R97V,-0.354042053,-2.236526489
R97W,-0.656578064,-3.368423462
R97Y,-0.005020142,-0.325271606
S102A,-0.569185257,-3.387542725
S102C,-0.447290421,-1.955856323
S102D,-0.263952255,-1.910964966
S102E,-0.3835392,-2.397140503
S102F,-0.491416931,-2.963134766
S102G,-0.430269241,-2.420120239
S102H,-0.2877388,-1.837142944
S102I,-0.95416832,-5.124740601
S102K,-0.451126099,-2.674606323
S102L,-0.39541626,-2.273544312
S102M,-0.359485626,-1.942108154
S102N,-0.824802399,-4.177307129
S102P,-1.48115921,-8.786712646
S102Q,-0.603593826,-3.222991943
S102R,-0.40098381,-2.168334961
S102T,-0.495019913,-2.865859985
S102V,-1.023784637,-5.796630859
S102W,-0.717658997,-3.749786377
S102Y,-0.491140366,-2.918716431
S111A,0.127550125,0.519790649
S111C,0.395362854,1.548812866
S111D,-0.228590012,-1.385467529
S111E,-0.073188782,-0.271896362
S111F,0.044197083,0.13381958
S111G,0.012464523,-0.052597046
S111H,0.013151169,-0.051361084
S111I,0.001832962,-0.227554321
S111K,-0.127037048,-0.458023071
S111L,-0.134061813,-0.829345703
S111M,-0.060157776,-0.445251465
S111N,-0.04841423,-0.453552246
S111P,0.595031738,2.45916748
S111Q,-0.16125679,-0.729766846
S111R,0.002883911,0.069503784
S111T,-0.018896103,-0.532012939
S111V,-0.047185898,-0.36277771
S111W,0.057977676,0.339248657
S111Y,0.092092514,0.402313232
S119A,-1.584600449,-7.210296631
S119C,-0.165355682,-1.150588989
S119D,-1.051939011,-5.164596558
S119E,-1.19836998,-6.218978882
S119F,-0.533906937,-3.683929443
S119G,-1.044366837,-5.356033325
S119H,-0.815166473,-4.159484863
S119I,-0.572879791,-3.753875732
S119K,-1.231386185,-6.049987793
S119L,-0.750831604,-4.111038208
S119M,-0.631532669,-3.311676025
S119N,-0.853689194,-3.990844727
S119P,-0.503469467,-3.350097656
S119Q,-1.211032867,-5.694473267
S119R,-1.221723557,-5.777282715
S119T,0.116912842,-0.119262695
S119V,-0.707653046,-4.500869751
S119W,-0.26325798,-1.503646851
S119Y,-0.736902237,-4.409378052
S13A,-0.227659225,-2.294815063
S13C,0.516780853,2.553405762
S13D,0.148736954,0.625640869
S13E,-0.137622833,-1.352401733
S13F,0.305877686,1.136566162
S13G,0.018457413,-0.532699585
S13H,0.156171799,-0.083709717
S13I,-0.0258255,-0.372055054
S13K,-0.026599884,-0.480606079
S13L,0.008142471,-0.023452759
S13M,-0.112419128,-1.373794556
S13N,0.043745041,-0.347229004
S13P,-0.100854874,-1.0078125
S13Q,-0.212558746,-1.254165649
S13R,-0.022741318,-0.76763916
S13T,-0.417867661,-2.588989258
S13V,-0.040870667,-1.15045166
S13W,0.197908401,0.462173462
S13Y,0.504768372,1.078048706
S158A,0.24896431,1.21836853
S158C,0.627233505,2.890426636
S158D,-0.330347061,-2.031173706
S158E,-0.141397476,-0.944137573
S158F,0.128103256,0.724227905
S158G,0.327159882,0.888595581
S158H,-0.040058136,-0.342483521
S158I,0.564373016,2.717407227
S158K,-0.191556931,-0.937393188
S158L,0.480623245,2.018814087
S158M,0.161066055,1.002044678
S158N,0.0900383,-0.109436035
S158P,0.407585144,1.842376709
S158Q,-0.161832809,-0.742324829
S158R,-0.607748032,-3.261627197
S158T,-0.060436249,-0.795272827
S158V,0.216579437,0.780471802
S158W,0.299879074,1.354232788
S158Y,-0.021261215,0.105194092
S180A,-0.127447128,-0.208221436
S180C,0.076511383,0.246078491
S180D,-0.427070618,-2.13470459
S180E,-0.064596176,0.268112183
S180F,-0.056343079,-0.525039673
S180G,0.052244186,0.370269775
S180H,-0.079053879,-0.420288086
S180I,-0.031978607,0.168685913
S180K,-0.137546539,0.048934937
S180L,-0.44370842,-1.546569824
S180M,-0.029018402,0.106445313
S180N,-0.183300018,-0.884368896
S180P,-0.396865845,-2.191314697
S180Q,-0.184896469,-0.750854492
S180R,-0.424430847,-1.622375488
S180T,-0.074497223,-0.528594971
S180V,0.026216507,-0.121582031
S180W,-0.381624222,-1.591201782
S180Y,-0.336463928,-1.780029297
S200A,0.077075958,-0.095306396
S200C,-0.15835762,-0.878158569
S200D,-0.462018967,-3.49520874
S200E,-0.336017609,-1.871398926
S200F,0.378725052,1.277542114
S200G,-0.533081055,-3.333374023
S200H,-0.130157471,-1.253540039
S200I,-0.316158295,-1.614807129
S200K,-0.41182518,-2.200622559
S200L,-0.170528412,-0.810531616
S200M,-0.244375229,-1.240646362
S200N,-0.653486252,-4.213043213
S200P,-1.54004097,-9.742202759
S200Q,-0.195068359,-1.112121582
S200R,-0.600521088,-3.669174194
S200T,-0.488990784,-2.544387817
S200V,-0.489461899,-2.623748779
S200W,-0.085687637,-1.246124268
S200Y,0.249765396,0.325790405
S202A,-0.828960419,-4.147186279
S202C,0.128423691,0.665374756
S202D,-0.931333542,-5.302658081
S202E,-1.088235855,-5.344924927
S202F,-0.191701889,-1.568344116
S202G,-0.249124527,-1.598266602
S202H,-0.750507355,-3.799880981
S202I,-0.059810638,-1.334274292
S202K,-0.722169876,-4.221206665
S202L,-0.190471649,-1.752716064
S202M,-0.1555233,-0.920211792
S202N,-0.867425919,-4.888397217
S202P,-0.688436508,-4.006454468
S202Q,-0.602643967,-2.886184692
S202R,-1.017349243,-5.169616699
S202T,-0.433084488,-2.416107178
S202V,-0.166341782,-1.480560303
S202W,-0.127567291,-1.116134644
S202Y,-0.407154083,-2.314468384
S207A,-0.241369247,-1.040390015
S207C,0.643331528,3.613067627
S207D,0.16696167,0.90461731
S207E,-0.076015472,0.1640625
S207F,0.17619133,1.372695923
S207G,-0.284978867,-0.806640625
S207H,-0.127592087,-0.141983032
S207I,0.178108215,1.352645874
S207K,-0.585809708,-2.722091675
S207L,-0.041097641,0.466201782
S207M,0.046691895,0.576431274
S207N,-0.088090897,-0.153015137
S207P,-1.058036804,-5.571838379
S207Q,-0.279361725,-1.11151123
S207R,-0.622041702,-2.715988159
S207T,0.168289185,0.653106689
S207V,0.168504715,0.895782471
S207W,0.288095474,1.662872314
S207Y,-0.074077606,0.112091064
S43A,-0.029684067,-0.473892212
S43C,0.586339951,2.50453186
S43D,0.189815521,0.250839233
S43E,0.499851227,1.975006104
S43F,0.131103516,0.29776001
S43G,-0.436878204,-2.329162598
S43H,-0.077302933,-0.631362915
S43I,-0.123214722,-0.747055054
S43K,-0.114210129,-0.556564331
S43L,0.192985535,0.517089844
S43M,-0.244447708,-1.360443115
S43N,-0.191291809,-1.316452026
S43P,-0.128427505,-1.278656006
S43Q,-0.073225021,-0.712203979
S43R,0.048597336,0.305053711
S43T,-0.414226532,-2.019943237
S43V,-0.150131226,-0.981216431
S43W,0.225458145,0.706787109
S43Y,0.109529495,0.23348999
S59A,0.150526047,0.127838135
S59C,1.357538223,5.379058838
S59D,0.184131622,0.235321045
S59E,0.136457443,-0.16166687
S59F,0.174844742,-0.564147949
S59G,-0.438522339,-3.337585449
S59H,0.01974678,-1.004364014
S59I,0.05579567,-1.268676758
S59K,0.311578751,0.781463623
S59L,-0.123033524,-1.171447754
S59M,0.098852158,-0.736328125
S59N,0.193601608,0.069580078
S59P,-0.359992981,-3.645568848
S59Q,-0.19329834,-1.550857544
S59R,-0.02255249,-1.778121948
S59T,-0.33571434,-2.797485352
S59V,0.094549179,-1.806121826
S59W,0.20434761,-0.319900513
S59Y,0.007827759,-2.033203125
S86A,0.015359879,0.027877808
S86C,0.572853088,2.341033936
S86D,-0.030879974,-0.970428467
S86E,-0.104736328,-1.284057617
S86F,0.09211731,-0.149429321
S86G,-0.184225082,-1.353256226
S86H,0.026138306,-0.669769287
S86I,-0.295007706,-2.337387085
S86K,-0.488208771,-2.663314819
S86L,0.027866364,-0.229766846
S86M,0.211219788,-0.134109497
S86N,-0.280797958,-2.621765137
S86P,-0.205080032,-0.79208374
S86Q,-0.162857056,-0.890258789
S86R,-0.138463974,-1.486816406
S86T,-0.488824844,-3.037811279
S86V,-0.100667953,-1.438568115
S86W,-0.021099091,-0.021987915
S86Y,0.277238846,0.281509399
S99A,-0.89556694,-4.581954956
S99C,0.586084366,2.513458252
S99D,-0.047079086,-0.906509399
S99E,-0.281154633,-1.120117188
S99F,-0.696464539,-3.438156128
S99G,-1.003030777,-4.486557007
S99H,-0.169513702,-0.809158325
S99I,-0.606025696,-1.865966797
S99K,-0.637174606,-2.597793579
S99L,-0.605941772,-2.466217041
S99M,-0.489711761,-2.066375732
S99N,-0.421157837,-3.272354126
S99P,-0.300102234,-2.607147217
S99Q,-0.675022125,-3.515396118
S99R,-0.637727737,-3.177764893
S99T,0.166639328,1.192947388
S99V,-0.367717743,-1.255187988
S99W,0.162729263,0.338256836
S99Y,-0.657505035,-3.330566406
T121A,-0.545372009,-2.595809937
T121C,-0.006881714,-0.05241394
T121D,-0.507360458,-2.571868896
T121E,-0.533536911,-2.366729736
T121F,-0.362548828,-2.053253174
T121G,-0.628644943,-2.952896118
T121H,-0.624668121,-2.765335083
T121I,-0.943925858,-4.192687988
T121K,-0.760503769,-3.194992065
T121L,-0.343471527,-1.765762329
T121M,-0.542840958,-2.349731445
T121N,-0.009910583,-0.626220703
T121P,-1.222221375,-5.898086548
T121Q,-0.496887207,-2.196899414
T121R,-0.432825089,-1.959365845
T121S,-0.166297913,-0.8203125
T121V,-0.695232391,-3.625076294
T121W,-0.642936707,-3.067245483
T121Y,-0.366340637,-2.29196167
T176A,-1.587100983,-6.902786255
T176C,-0.569177628,-1.651733398
T176D,-3.476840973,-20.77471924
T176E,-1.346794128,-6.222351074
T176F,-0.317268372,-2.043365479
T176G,-1.626399994,-8.057815552
T176H,-0.981861115,-4.122055054
T176I,-0.315803528,-0.960220337
T176K,-0.804361343,-3.30329895
T176L,-0.369886398,-1.590164185
T176M,-0.223762512,-0.656967163
T176N,-1.779743195,-8.496017456
T176P,-2.539838791,-13.95227051
T176Q,-0.923360825,-4.882110596
T176R,-0.931200027,-4.004730225
T176S,-1.288772583,-7.018356323
T176V,-0.453796387,-1.95324707
T176W,-0.624397278,-3.864364624
T176Y,-0.507854462,-2.45022583
T181A,-0.204240799,-0.643234253
T181C,0.408021927,2.001663208
T181D,-0.077741623,-0.471862793
T181E,-0.025554657,0.14163208
T181F,0.166414261,0.556365967
T181G,-0.429628372,-1.979492188
T181H,-0.03584671,-0.060119629
T181I,0.281972885,1.347290039
T181K,-0.121112823,-0.337112427
T181L,0.085939407,0.725585938
T181M,0.377910614,1.720596313
T181N,-0.069511414,-0.299789429
T181P,-0.167207718,-0.51953125
T181Q,-0.264251709,-1.065032959
T181R,-0.12761879,-0.270675659
T181S,-0.11164856,-0.20274353
T181V,0.186414719,0.923629761
T181W,0.177406311,0.991424561
T181Y,0.235221863,0.91192627
T206A,-0.052808762,-0.072433472
T206C,0.083145142,0.334121704
T206D,-0.239984512,-1.270645142
T206E,0.253639221,1.124572754
T206F,0.037981033,0.039657593
T206G,-0.169284821,-0.864593506
T206H,0.284515381,1.16645813
T206I,0.457956314,1.757110596
T206K,0.137582779,0.772003174
T206L,0.129674911,0.684234619
T206M,0.147745132,0.571670532
T206N,-0.009391785,-0.025970459
T206P,-0.257312775,-1.114257813
T206Q,0.002244949,0.005218506
T206R,0.086725235,0.237106323
T206S,-0.090730667,-0.23677063
T206V,0.364318848,1.366485596
T206W,0.005867004,0.35005188
T206Y,0.141784668,0.338256836
T210A,0.119617462,0.571716309
T210C,0.765211105,4.388259888
T210D,-0.220392227,-1.578887939
T210E,0.647296906,3.720321655
T210F,1.111812592,4.89163208
T210G,-0.235776901,-1.838439941
T210H,0.661010742,2.908218384
T210I,0.628276825,2.911254883
T210K,-0.852254868,-3.742767334
T210L,0.388811111,2.150360107
T210M,0.40779686,2.177322388
T210N,-0.096096039,-0.935150146
T210P,-0.002790451,-1.880279541
T210Q,-0.304428101,-1.298324585
T210R,-0.539875031,-2.313079834
T210S,0.25369072,1.408111572
T210V,0.363948822,1.520584106
T210W,0.470527649,2.839233398
T210Y,1.381574631,6.165893555
T211A,-0.329860687,-1.099838257
T211C,-0.30090332,-0.895248413
T211D,-0.807588577,-4.476348877
T211E,-0.521945953,-2.426116943
T211F,-0.19748497,-0.785064697
T211G,-0.569805145,-2.630966187
T211H,-0.218645096,-0.563919067
T211I,-0.214197159,-0.689605713
T211K,-0.170246124,-0.474105835
T211L,-0.320646286,-0.7578125
T211M,-0.209920883,-0.597808838
T211N,-0.504806519,-2.359848022
T211P,-0.870491028,-4.253265381
T211Q,-0.357391357,-1.349746704
T211R,-0.086849213,0.089080811
T211S,-0.014577866,0.24887085
T211V,-0.063302994,0.001281738
T211W,-0.065607071,0.368927002
T211Y,-0.084854126,-0.719818115
T27A,-0.088022232,-1.966033936
T27C,0.854694366,3.245544434
T27D,-0.184160233,-2.197494507
T27E,-0.111303329,-2.057388306
T27F,0.090986252,-0.195510864
T27G,-0.021659851,-1.107620239
T27H,-0.007743835,-0.573654175
T27I,0.15442276,0.265518188
T27K,0.004737854,-0.635055542
T27L,-0.092460632,-1.503372192
T27M,-0.148633957,-0.888824463
T27N,-0.191455841,-2.400009155
T27P,0.257429123,-0.205429077
T27Q,-0.183599472,-0.842285156
T27R,0.135328293,0.181549072
T27S,-0.083997726,-0.421386719
T27V,0.104669571,-0.229751587
T27W,-0.193693161,-0.958190918
T27Y,0.07803154,-1.023910522
T53A,-0.620119095,-2.597946167
T53C,-0.270969391,-1.322357178
T53D,-2.677507401,-15.78431702
T53E,-1.61747551,-9.32862854
T53F,-0.210044861,-2.290222168
T53G,-0.771562576,-4.711074829
T53H,-1.099544525,-5.702194214
T53I,0.452219009,1.084381104
T53K,-1.056594849,-5.22718811
T53L,-0.195211411,-2.00340271
T53M,-0.777675629,-3.888534546
T53N,-1.007165909,-5.877929688
T53P,-3.031480789,-21.0587616
T53Q,-1.155960083,-6.30229187
T53R,-1.224510193,-5.594863892
T53S,-0.777418137,-3.631103516
T53V,-0.059591293,-0.92427063
T53W,-1.154285431,-6.242156982
T53Y,-0.722826004,-4.883987427
T54A,-0.163999557,-0.593078613
T54C,-0.128927231,-0.363250732
T54D,-0.104650497,-1.021575928
T54E,-0.488973618,-2.461639404
T54F,-0.006700516,-0.424606323
T54G,0.132579803,0.35975647
T54H,-0.495121002,-2.186721802
T54I,-0.198705673,-0.993026733
T54K,-0.312625885,-0.815216064
T54L,0.163833618,0.669708252
T54M,0.114618301,1.105560303
T54N,0.544620514,2.021026611
T54P,-0.498836517,-2.866714478
T54Q,-0.305902481,-0.817581177
T54R,-0.20703125,-0.37059021
T54S,0.051048279,0.741973877
T54V,-0.523807526,-2.757827759
T54W,-0.547737122,-2.50994873
T54Y,-0.234922409,-1.712005615
T76A,0.598310471,4.020080566
T76C,0.118736267,1.050567627
T76D,0.597536087,1.974700928
T76E,0.446893692,2.246292114
T76F,0.203790665,1.233337402
T76G,0.207445145,1.248748779
T76H,0.34654808,1.674530029
T76I,0.368806839,1.186752319
T76K,0.219976425,1.403915405
T76L,0.455095291,3.483535767
T76M,0.316425323,1.590179443
T76N,0.289836884,1.05418396
T76P,-0.115886688,-0.687057495
T76Q,0.450452805,2.522537231
T76R,0.41069603,2.076461792
T76S,0.261238098,1.526580811
T76V,0.120588303,0.341705322
T76W,0.225471497,1.806167603
T76Y,0.132616043,0.379852295
T98A,0.326509476,0.861557007
T98C,0.401550293,1.074935913
T98D,0.626825333,2.680526733
T98E,0.410560608,1.887863159
T98F,-0.04211998,-0.906066895
T98G,0.252111435,0.854446411
T98H,0.084344864,-0.523162842
T98I,0.032928467,-0.103485107
T98K,0.378108978,2.229293823
T98L,0.328390121,0.548309326
T98M,0.276493073,1.067871094
T98N,0.468818665,1.474273682
T98P,-0.088741302,-0.976303101
T98Q,0.478742599,1.525222778
T98R,0.401323318,1.735137939
T98S,0.342376709,1.088729858
T98V,-0.025081635,-0.935577393
T98W,-0.156293869,-0.617919922
T98Y,-0.002939224,-1.038497925
V116A,-0.930318832,-3.592819214
V116C,-0.510007858,-2.141403198
V116D,-2.119199753,-10.77560425
V116E,-1.537651062,-7.520904541
V116F,-0.860847473,-4.03213501
V116G,-2.460254669,-12.4356842
V116H,-1.001974106,-4.460617065
V116I,0.158290863,0.93699646
V116K,-1.472442627,-6.5078125
V116L,-0.519065857,-2.904220581
V116M,-1.518783569,-7.330886841
V116N,-1.769166946,-8.817367554
V116P,-2.183101654,-11.74404907
V116Q,-1.840158463,-9.088439941
V116R,-1.450164795,-6.4947052
V116S,-1.591884613,-7.690093994
V116T,-1.196207047,-5.354400635
V116W,-1.06835556,-5.141815186
V116Y,-1.372278214,-7.679641724
V11A,-0.020956039,-0.047302246
V11C,0.428861618,2.745376587
V11D,0.234521866,1.465194702
V11E,0.306182861,1.336929321
V11F,0.375484467,1.915634155
V11G,-0.079587936,-0.278594971
V11H,0.137880325,0.655761719
V11I,0.003211975,0.678787231
V11K,0.27914238,1.787414551
V11L,0.261571884,1.461898804
V11M,0.438976288,2.999053955
V11N,0.131872177,0.518585205
V11P,-0.184991837,-0.725616455
V11Q,-0.09397316,0.119155884
V11R,0.277429581,1.379898071
V11S,0.003574371,0.490646362
V11T,-0.147294998,-0.494232178
V11W,0.309371948,1.962936401
V11Y,0.659833908,2.678848267
V131A,-1.229175568,-5.592788696
V131C,-0.290697098,-0.602249146
V131D,-2.076877594,-10.73683167
V131E,-1.707237244,-7.974151611
V131F,-0.877286911,-4.446716309
V131G,-1.588529587,-7.507797241
V131H,-1.013576508,-5.311401367
V131I,-0.417949677,-1.948196411
V131K,-1.908494949,-8.600128174
V131L,-0.738773346,-3.360626221
V131M,-0.940786362,-4.03112793
V131N,-1.770898819,-8.684738159
V131P,-2.14821434,-10.55355835
V131Q,-1.593383789,-6.875518799
V131R,-1.620845795,-7.766693115
V131S,-1.469772339,-7.092697144
V131T,-0.621973038,-3.344833374
V131W,-1.204809189,-5.749740601
V131Y,-1.021717072,-5.998580933
V137A,-1.698781967,-7.250915527
V137C,-0.63902092,-2.076293945
V137D,-1.190910339,-6.014511108
V137E,-1.191396713,-4.68989563
V137F,-1.012910843,-4.24559021
V137G,-1.748680115,-8.693878174
V137H,-2.005046844,-9.618545532
V137I,-0.062637329,0.152435303
V137K,-1.640506744,-7.304595947
V137L,-0.611934662,-2.20513916
V137M,-0.645425797,-1.962188721
V137N,-1.700868607,-9.146774292
V137P,-0.503318787,-1.247436523
V137Q,-1.271345139,-5.234100342
V137R,-1.47892189,-5.856369019
V137S,-1.495866776,-6.306503296
V137T,-0.962682724,-3.98046875
V137W,-1.084047318,-5.050521851
V137Y,-0.443618774,-2.293746948
V142A,-0.042360306,0.0574646
V142C,-0.322278976,-0.38621521
V142D,-0.26301384,-1.038253784
V142E,-0.144821167,-0.238616943
V142F,0.051174164,0.904983521
V142G,-0.138618469,-0.702667236
V142H,-0.132259369,-0.684661865
V142I,-0.019254684,0.289642334
V142K,0.014375687,0.317077637
V142L,0.007492065,0.553039551
V142M,0.052862167,0.708602905
V142N,-0.050918579,-0.000595093
V142P,-0.711969376,-3.476745605
V142Q,-0.16018486,-0.249298096
V142R,0.008800507,0.165817261
V142S,-0.084190369,0.401870728
V142T,-0.189001083,-0.606872559
V142W,-0.194093704,-0.397079468
V142Y,0.219932556,1.114227295
V159A,0.371553421,1.519287109
V159C,0.090820313,0.583526611
V159D,-0.066944122,-0.858764648
V159E,0.19524765,0.69480896
V159F,0.273761749,0.940429688
V159G,0.219682693,0.841323853
V159H,0.211471558,0.252746582
V159I,0.125677109,0.544967651
V159K,0.446289063,1.415161133
V159L,0.333433151,1.530456543
V159M,0.199201584,0.932113647
V159N,0.096309662,0.181350708
V159P,-0.328853607,-2.525741577
V159Q,0.216281891,0.673675537
V159R,0.529867172,1.758117676
V159S,0.278499603,1.064193726
V159T,0.043603897,-0.302200317
V159W,0.438411713,1.462783813
V159Y,0.532388687,1.696609497
V160A,-1.135955811,-6.908813477
V160C,-0.976678848,-5.554077148
V160D,-1.858469009,-11.07870483
V160E,-2.156690598,-13.49310303
V160F,-0.802402496,-4.284896851
V160G,-2.678556442,-17.96269226
V160H,-1.731201172,-10.01524353
V160I,-0.389276505,-1.290863037
V160K,-2.47064209,-15.77615356
V160L,-0.381271362,-1.722747803
V160M,-0.930383682,-4.514877319
V160N,-1.983078003,-12.06825256
V160P,-2.181129456,-12.84611511
V160Q,-2.254938126,-13.26556396
V160R,-2.319040298,-13.89082336
V160S,-1.798574448,-11.87458801
V160T,-1.490438461,-9.087692261
V160W,-1.034805298,-5.662399292
V160Y,-1.079277039,-7.440948486
V186A,-0.45545578,-1.764511108
V186C,0.170509338,1.119979858
V186D,-1.095855713,-5.127700806
V186E,-0.770847321,-3.707107544
V186F,-0.009805679,-0.317352295
V186G,-0.637979507,-3.230163574
V186H,-0.428728104,-2.005569458
V186I,0.040771484,0.620269775
V186K,-0.615362167,-2.50579834
V186L,-0.061004639,-0.010696411
V186M,-0.322042465,-1.209197998
V186N,-0.930593491,-4.530670166
V186P,-1.159606934,-5.763412476
V186Q,-0.772192001,-3.736221313
V186R,-0.631679535,-2.710845947
V186S,-0.581596375,-2.230575562
V186T,-0.091545105,0.117263794
V186W,-0.442138672,-2.034805298
V186Y,-0.143733978,-0.968612671
V201A,-0.366502762,-1.504714966
V201C,-0.043857574,-0.003356934
V201D,-1.091840744,-5.628768921
V201E,-0.812343597,-3.602371216
V201F,-0.299898148,-1.376663208
V201G,-0.934663773,-4.830551147
V201H,-0.346038818,-1.036804199
V201I,-0.020971298,0.039291382
V201K,-0.044286728,0.546661377
V201L,-0.250904083,-1.322097778
V201M,-0.081163406,-0.285308838
V201N,-0.760875702,-3.514541626
V201P,-1.685396194,-9.045761108
V201Q,-0.195777893,-0.343902588
V201R,0.073562622,0.779449463
V201S,-0.588636398,-2.38192749
V201T,-0.486150742,-2.035812378
V201W,-0.505134583,-2.088058472
V201Y,-0.41516304,-1.922927856
V204A,-0.11315155,-0.173980713
V204C,0.311168671,1.570587158
V204D,-0.28651619,-1.64793396
V204E,-0.219081879,-0.739746094
V204F,-0.283672333,-1.147506714
V204G,-0.17168045,-1.228088379
V204H,0.002124786,0.213806152
V204I,-0.14355278,-0.306381226
V204K,0.279605865,1.581665039
V204L,-0.427642822,-1.64755249
V204M,-0.292888641,-1.004608154
V204N,0.087146759,0.317886353
V204P,-0.231014252,-0.999557495
V204Q,0.103849411,0.668151855
V204R,0.193990707,1.291549683
V204S,0.123371124,0.78553772
V204T,-0.12320137,-0.255020142
V204W,-0.4653759,-1.80039978
V204Y,-0.484668732,-2.268844604
V22A,0.138669968,-0.12437439
V22C,0.063098907,-0.457260132
V22D,-0.278295517,-1.672805786
V22E,-0.41639328,-2.914001465
V22F,-0.016586304,-0.079116821
V22G,-0.037027359,-0.056427002
V22H,0.123567581,-0.398040771
V22I,-0.139396667,-0.797897339
V22K,0.073875427,-0.249099731
V22L,0.255369186,0.565872192
V22M,-0.172254562,-0.884521484
V22N,0.195619583,0.350158691
V22P,-0.295026779,-1.278625488
V22Q,-0.164520264,-1.304321289
V22R,0.147018433,0.470428467
V22S,-0.01451683,-0.665863037
V22T,-0.316448212,-1.479904175
V22W,-0.130771637,-0.22102356
V22Y,0.176952362,0.089111328
V36A,-0.06955719,0.236404419
V36C,0.191150665,1.391983032
V36D,-0.341178894,-1.11706543
V36E,-0.18608284,-0.441543579
V36F,-0.445613861,-2.063369751
V36G,-0.621793747,-2.348968506
V36H,-0.276279449,-1.368637085
V36I,-0.21206665,-0.510299683
V36K,-0.091156006,0.417068481
V36L,-0.107057571,-0.154586792
V36M,-0.194717407,-0.827682495
V36N,-0.192499161,-0.485321045
V36P,-0.66078949,-1.84463501
V36Q,-0.365184784,-1.576553345
V36R,0.024312973,0.622161865
V36S,-0.187591553,-0.333892822
V36T,-0.109972,-0.129425049
V36W,-0.403621674,-1.398986816
V36Y,-0.344406128,-1.741790771
V52A,-1.516313553,-8.012557983
V52C,-1.304662704,-6.548629761
V52D,-3.720006943,-21.60253906
V52E,-2.570240021,-14.61036682
V52F,-1.615182877,-7.833389282
V52G,-3.187681198,-18.11508179
V52H,-1.735246658,-9.866134644
V52I,0.078832626,0.753570557
V52K,-1.9920578,-9.529968262
V52L,-0.617975235,-1.553695679
V52M,-1.008052826,-4.151306152
V52N,-3.06073761,-16.38897705
V52P,-3.996557236,-23.51565552
V52Q,-2.459674835,-13.45933533
V52R,-2.60619545,-13.77375793
V52S,-2.442770004,-13.24700928
V52T,-2.728157043,-15.29708862
V52W,-0.891042709,-4.097366333
V52Y,-1.543092728,-8.193878174
V56A,-0.195070267,-0.497573853
V56C,0.304840088,2.016067505
V56D,-0.368082047,-2.242980957
V56E,-0.247592926,-1.11100769
V56F,0.218034744,0.626586914
V56G,-0.241785049,-1.782104492
V56H,-0.194236755,-0.47026062
V56I,0.279556274,1.518539429
V56K,0.243774414,1.730163574
V56L,0.218429565,1.45223999
V56M,-0.118309021,-0.617263794
V56N,0.069042206,-0.153244019
V56P,-0.040042877,0.265731812
V56Q,-0.357479095,-1.129440308
V56R,0.140415192,1.360946655
V56S,-0.056789398,0.180236816
V56T,-0.429386139,-2.422073364
V56W,-0.262582779,-0.413208008
V56Y,0.082965851,-0.175415039
V77A,0.410957336,1.987335205
V77C,0.122228622,0.751358032
V77D,0.200351715,0.538772583
V77E,0.180528641,0.981781006
V77F,0.03704071,0.343154907
V77G,0.236968994,1.970993042
V77H,0.2961483,0.962493896
V77I,0.333492279,1.078460693
V77K,0.412311554,2.821243286
V77L,0.336978912,0.997543335
V77M,0.310600281,1.391235352
V77N,0.277547836,2.017959595
V77P,0.370185852,1.772628784
V77Q,0.483316422,2.509719849
V77R,0.557544708,2.462356567
V77S,0.554590225,2.970031738
V77T,0.033575058,1.441116333
V77W,0.079324722,1.222122192
V77Y,0.324279785,0.302001953
V80A,0.162872314,0.544754028
V80C,0.510433197,3.307174683
V80D,0.511360168,1.267684937
V80E,0.058958054,-0.564727783
V80F,0.242620468,1.222198486
V80G,0.465524673,0.688690186
V80H,0.366676331,1.179382324
V80I,-0.353185654,-2.636123657
V80K,-0.075466156,-0.175048828
V80L,0.186075211,0.679855347
V80M,0.069293976,-0.593353271
V80N,0.317350388,0.394012451
V80P,0.303396225,1.851715088
V80Q,0.09340477,0.865905762
V80R,0.247720718,1.812057495
V80S,0.332496643,1.276489258
V80T,-0.197555542,-1.14604187
V80W,0.065919876,-0.014556885
V80Y,0.171836853,0.541534424
V92A,-1.211738586,-5.727508545
V92C,-0.486793518,-2.549224854
V92D,-1.457708359,-6.890869141
V92E,-1.092273712,-4.425949097
V92F,-0.890533447,-4.585083008
V92G,-1.764398575,-8.672164917
V92H,-1.091630936,-4.74067688
V92I,-0.063972473,0.185974121
V92K,-1.127027512,-4.234298706
V92L,-0.516357422,-2.249649048
V92M,-0.91787529,-4.138839722
V92N,-1.601865768,-7.764266968
V92P,-1.705682755,-8.840499878
V92Q,-1.37607193,-6.175720215
V92R,-1.222715378,-5.030548096
V92S,-1.821640015,-9.127960205
V92T,-1.185007095,-6.123077393
V92W,-1.194982529,-5.154769897
V92Y,-1.092346191,-5.549865723
V93A,-2.844848633,-15.95631409
V93C,-1.536729813,-7.692428589
V93D,-3.422325134,-19.87055969
V93E,-3.407129288,-19.4276886
V93F,-1.37030983,-7.637542725
V93G,-3.367984772,-19.76469421
V93H,-2.634241104,-14.36618042
V93I,-0.237773895,-0.768249512
V93K,-3.060962677,-16.80528259
V93L,-0.614135742,-2.766464233
V93M,-1.423023224,-6.877349854
V93N,-3.611524582,-20.52796936
V93P,-3.736106873,-21.55049133
V93Q,-3.279319763,-18.41667175
V93R,-2.871501923,-16.01197815
V93S,-3.052438736,-16.8969574
V93T,-1.875841141,-10.77407837
V93W,-2.068422318,-10.7456665
V93Y,-1.530328751,-8.17137146
V94A,-1.642465591,-9.242431641
V94C,-0.589151382,-2.537719727
V94D,-2.946399689,-18.2215271
V94E,-3.273132324,-19.91645813
V94F,-0.83572197,-3.881256104
V94G,-3.11315155,-18.88430786
V94H,-2.232254028,-13.36590576
V94I,0.341985703,2.440307617
V94K,-2.964414597,-17.97724915
V94L,-0.273252487,-0.828765869
V94M,-1.518371582,-8.379653931
V94N,-3.125394821,-19.48449707
V94P,-2.244255066,-13.0065918
V94Q,-2.687013626,-16.70062256
V94R,-2.355630875,-13.41317749
V94S,-2.489088058,-14.29360962
V94T,-2.049772263,-10.80944824
V94W,-1.287916183,-6.094497681
V94Y,-1.570575714,-9.180709839
W100A,-1.70485878,-8.891830444
W100C,-0.683229446,-3.713867188
W100D,-2.091848373,-13.02537537
W100E,-1.70759964,-9.803924561
W100F,-0.28767395,-1.601654053
W100G,-1.923749924,-10.91304016
W100H,-1.604837418,-8.275863647
W100I,-2.254886627,-11.3177948
W100K,-2.194904327,-12.88235474
W100L,-1.04066658,-6.262130737
W100M,-1.637067795,-9.683319092
W100N,-2.483999252,-15.01184082
W100P,-1.925746918,-12.61978149
W100Q,-1.817308426,-10.49163818
W100R,-1.183105469,-7.844940186
W100S,-1.632833481,-9.119949341
W100T,-1.525175095,-8.643051147
W100V,-1.635414124,-8.607589722
W100Y,-0.256074905,-1.097412109
W39A,-1.531303406,-8.3855896
W39C,-0.57065773,-2.87461853
W39D,-1.637781143,-9.954803467
W39E,-1.521501541,-8.28742981
W39F,-0.391866684,-1.830184937
W39G,-1.681972504,-9.140365601
W39H,-1.214885712,-6.606582642
W39I,-1.099964142,-6.130126953
W39K,-1.979385376,-10.6832428
W39L,-1.100292206,-5.89402771
W39M,-1.546916962,-8.811355591
W39N,-1.626583099,-9.589035034
W39P,-1.883680344,-10.43431091
W39Q,-1.658800125,-9.805938721
W39R,-0.911331177,-5.580062866
W39S,-1.585334778,-9.910049438
W39T,-1.772556305,-10.2431488
W39V,-1.177717209,-6.994766235
W39Y,-0.776744843,-4.373291016
Y132A,-1.869186401,-9.234161377
Y132C,-0.223266602,-0.610183716
Y132D,-2.088298798,-11.69754028
Y132E,-1.140371323,-5.922821045
Y132F,-0.056499481,-0.202804565
Y132G,-2.893285751,-16.28071594
Y132H,-0.472085953,-1.911743164
Y132I,-0.06867981,0.282852173
Y132K,-1.305963516,-5.928634644
Y132L,-0.2414608,-0.696731567
Y132M,-0.632329941,-2.677307129
Y132N,-1.778715134,-9.429779053
Y132P,-2.626691818,-15.36909485
Y132Q,-1.253923416,-6.87802124
Y132R,-1.491952896,-7.559249878
Y132S,-1.89913559,-9.793197632
Y132T,-1.381765366,-6.594345093
Y132V,-0.534713745,-2.224136353
Y132W,-0.192476273,-0.718307495
Y149A,-0.431577682,-1.234008789
Y149C,0.601795197,4.418655396
Y149D,-0.396249771,-1.757720947
Y149E,-0.696149826,-1.927429199
Y149F,0.075496674,0.964111328
Y149G,-0.415489197,-1.179504395
Y149H,-0.303766251,-1.169342041
Y149I,-0.224287033,0.165817261
Y149K,-0.442775726,-1.893203735
Y149L,-0.217220306,0.394134521
Y149M,-0.451339722,-1.765869141
Y149N,-0.259664536,-0.899261475
Y149P,-0.525167465,-1.422073364
Y149Q,-0.772649765,-3.653915405
Y149R,-0.492101669,-2.252532959
Y149S,-0.444694519,-1.427246094
Y149T,-0.190452576,-0.781082153
Y149V,-0.286169052,-0.237701416
Y149W,-0.064945221,0.362564087
Y150A,0.157989502,1.287948608
Y150C,0.404129028,3.117004395
Y150D,0.421539307,2.045028687
Y150E,0.133506775,0.873504639
Y150F,0.333517075,2.095932007
Y150G,0.079965591,0.246109009
Y150H,0.387962341,2.236557007
Y150I,0.274364471,1.526184082
Y150K,0.518722534,3.076782227
Y150L,0.464889526,3.052261353
Y150M,0.127296448,1.059844971
Y150N,0.178520203,0.959838867
Y150P,-0.605125427,-2.146728516
Y150Q,0.297622681,1.931335449
Y150R,0.482301712,2.961868286
Y150S,0.280105591,1.990219116
Y150T,0.422092438,2.267288208
Y150V,0.178133011,0.884460449
Y150W,-0.276769638,-1.191253662
Y161A,-2.091842651,-11.36514282
Y161C,-0.126831055,-0.599105835
Y161D,-3.423397064,-19.91575623
Y161E,-2.623077393,-14.15670776
Y161F,-0.230846405,-2.033203125
Y161G,-2.345563889,-11.82112122
Y161H,-1.757125854,-8.526443481
Y161I,-1.077478409,-4.446365356
Y161K,-2.63967514,-13.46389771
Y161L,-0.305599213,-1.873580933
Y161M,-0.957025528,-4.89289856
Y161N,-3.150259018,-17.19644165
Y161P,-2.307605743,-12.10791016
Y161Q,-2.032527924,-11.99980164
Y161R,-2.276155472,-11.12200928
Y161S,-1.922494888,-9.906707764
Y161T,-1.766372681,-9.191650391
Y161V,-0.497211456,-3.167205811
Y161W,-1.074533463,-5.728363037
Y174A,-1.937101364,-9.637283325
Y174C,-0.27623558,-1.379455566
Y174D,-2.492444992,-13.64241028
Y174E,-1.57834816,-7.604370117
Y174F,-0.516475677,-2.176879883
Y174G,-1.879943848,-10.3821106
Y174H,-0.558904648,-2.985961914
Y174I,-0.381692886,-2.110671997
Y174K,-1.569335938,-8.3881073
Y174L,-0.974224091,-4.609237671
Y174M,-1.354719162,-6.429840088
Y174N,-2.448348999,-13.20530701
Y174P,-2.26691246,-12.52227783
Y174Q,-1.119192123,-7.081832886
Y174R,-1.137571335,-5.520797729
Y174S,-2.399641037,-12.30075073
Y174T,-2.117925644,-11.12432861
Y174V,-0.399280548,-2.317993164
Y174W,-1.173913956,-5.661956787
Y182A,-0.753698349,-3.572418213
Y182C,-0.307821274,-1.132064819
Y182D,-0.695203781,-4.013534546
Y182E,-0.470172882,-2.33543396
Y182F,0.145038605,1.058746338
Y182G,-0.70116806,-4.120880127
Y182H,-0.075565338,-0.426635742
Y182I,-0.068990707,-0.824966431
Y182K,-0.82008934,-4.572662354
Y182L,-0.346689224,-1.527618408
Y182M,-0.410575867,-2.04649353
Y182N,-0.692682266,-3.847091675
Y182P,-0.379673004,-2.342758179
Y182Q,-0.602581024,-3.696685791
Y182R,-0.560461044,-3.465042114
Y182S,-0.718482971,-3.404434204
Y182T,-0.758554459,-3.697875977
Y182V,-0.28915596,-1.853210449
Y182W,-0.297885895,-1.227096558
Y196A,-3.610420227,-25.55378723
Y196C,-0.707359314,-3.346038818
Y196D,-3.713718414,-27.48861694
Y196E,-3.402418137,-24.09542847
Y196F,0.041824341,-0.028930664
Y196G,-5.352020264,-34.30363464
Y196H,-2.478181839,-14.27929688
Y196I,-2.40205574,-14.94430542
Y196K,-3.458093643,-21.49554443
Y196L,-1.306516647,-8.198120117
Y196M,-0.297176361,-1.245910645
Y196N,-4.600236893,-30.41667175
Y196P,-4.060871124,-25.32778931
Y196Q,-3.845933914,-25.33323669
Y196R,-3.623010635,-23.31330872
Y196S,-3.333539963,-23.63551331
Y196T,-3.5629673,-24.60723877
Y196V,-3.785579681,-24.65855408
Y196W,0.169208527,0.986297607
Y205A,-0.316518784,-1.091217041
Y205C,0.135309219,1.311676025
Y205D,-0.513839722,-2.800369263
Y205E,-0.197044373,-0.825195313
Y205F,0.20391655,1.061721802
Y205G,-0.842556,-4.630477905
Y205H,-0.112485886,0.002929688
Y205I,0.054935455,0.70010376
Y205K,-0.327541351,-1.16998291
Y205L,0.070360184,0.843353271
Y205M,-0.463878632,-1.957199097
Y205N,-0.269329071,-1.276168823
Y205P,-0.538913727,-2.483840942
Y205Q,-0.213710785,-0.806732178
Y205R,-0.420928955,-1.758651733
Y205S,-0.522403717,-2.145217896
Y205T,-0.653684616,-2.922912598
Y205V,-0.015405655,0.219299316
Y205W,-0.356149673,-1.110427856
Y217A,-2.10651207,-10.1084137
Y217C,-1.148536682,-5.099121094
Y217D,-4.10292244,-26.12232971
Y217E,-3.038005829,-16.73976135
Y217F,-0.919101715,-3.485534668
Y217G,-2.096712112,-11.12928772
Y217H,-1.876899719,-8.767608643
Y217I,-1.214982986,-5.812698364
Y217K,-2.363477707,-12.08035278
Y217L,-0.393791199,-1.234085083
Y217M,-0.833198547,-3.090377808
Y217N,-2.719667435,-15.28923035
Y217P,-2.351976395,-13.11952209
Y217Q,-2.287946701,-12.39904785
Y217R,-2.092082977,-10.89212036
Y217S,-2.026231766,-10.49732971
Y217T,-2.313623428,-11.97718811
Y217V,-1.746498108,-9.883377075
Y217W,-0.98169136,-3.939041138
Y26A,-0.058023453,0.35319519
Y26C,0.175775528,1.447357178
Y26D,-0.622119904,-2.97895813
Y26E,-0.338104248,-1.401092529
Y26F,-0.12244606,0.02532959
Y26G,0.015453339,0.013046265
Y26H,-0.023805618,0.009979248
Y26I,0.231367111,1.951965332
Y26K,-0.273462296,-0.582565308
Y26L,-0.029933929,0.960632324
Y26M,-0.325050354,-1.372756958
Y26N,-0.422132492,-2.155273438
Y26P,-0.163381577,-0.454681396
Y26Q,-0.534761429,-2.569778442
Y26R,-0.409139633,-1.806243896
Y26S,-0.474430084,-1.716995239
Y26T,-0.478599548,-2.128921509
Y26V,0.097732544,0.574966431
Y26W,-0.219263077,-0.68182373
Y3A,-0.725532532,-3.470916748
Y3C,1.168188095,5.936584473
Y3D,-0.995769501,-6.77633667
Y3E,-0.500659943,-2.799240112
Y3F,0.067632675,0.655670166
Y3G,-1.750730515,-9.696304321
Y3H,0.149009705,0.634094238
Y3I,0.900730133,4.629837036
Y3K,-0.068731308,0.546829224
Y3L,0.247964859,1.458938599
Y3M,-0.595619202,-3.79864502
Y3N,-1.460063934,-7.413146973
Y3P,-1.463432312,-8.080215454
Y3Q,-0.741708755,-3.862350464
Y3R,-0.547176361,-3.361587524
Y3S,-1.646198273,-9.546615601
Y3T,-0.413787842,-2.554901123
Y3V,0.694377899,3.516494751
Y3W,-0.413330078,-1.569274902
Y48A,-1.60826683,-8.345977783
Y48C,-0.577077866,-2.298858643
Y48D,-1.877071381,-10.47914124
Y48E,-1.085395813,-5.445785522
Y48F,-0.538013458,-2.250808716
Y48G,-1.869348526,-10.74961853
Y48H,-0.706354141,-3.102706909
Y48I,-0.375965118,-1.728256226
Y48K,-1.449440002,-6.443130493
Y48L,-0.091678619,-0.122268677
Y48M,-0.613954544,-2.969696045
Y48N,-0.959411621,-5.40675354
Y48P,-2.930379868,-15.94389343
Y48Q,-0.945175171,-4.966049194
Y48R,-0.897438049,-3.835739136
Y48S,-1.599937439,-7.826766968
Y48T,-1.410800934,-6.586151123
Y48V,-0.575183868,-2.867431641
Y48W,-0.538482666,-2.304016113
Y55A,-0.229236603,-0.554199219
Y55C,0.084653854,0.810394287
Y55D,0.345569611,1.463729858
Y55E,-0.216705322,-0.241867065
Y55F,0.007213593,-0.887191772
Y55G,0.24679184,0.671279907
Y55H,-0.140407562,-0.557662964
Y55I,-0.322452545,-1.324645996
Y55K,-0.181997299,-0.238800049
Y55L,-0.201700211,-0.754089355
Y55M,-0.511791229,-1.669113159
Y55N,0.400888443,1.877716064
Y55P,-0.504648209,-2.252761841
Y55Q,-0.553544998,-1.877426147
Y55R,-0.197559357,-0.589431763
Y55S,-0.12518692,-0.156356812
Y55T,-0.532144547,-2.494644165
Y55V,-0.322814941,-1.792510986
Y55W,-0.287660599,-1.022186279
Y61A,0.371623993,2.897872925
Y61C,1.059692383,6.39553833
Y61D,0.35574913,2.56312561
Y61E,0.1913414,2.165100098
Y61F,0.177251816,1.89263916
Y61G,-0.002786636,1.75038147
Y61H,0.198730469,1.851257324
Y61I,-0.105903625,0.29927063
Y61K,0.041028976,1.78843689
Y61L,-0.08351326,0.946884155
Y61M,-0.041666031,1.214706421
Y61N,0.589704514,3.041168213
Y61P,-0.227758408,0.236206055
Y61Q,0.182348251,1.896286011
Y61R,0.088941574,1.261566162
Y61S,-0.017353058,0.975204468
Y61T,-0.544355392,-1.104187012
Y61V,-0.032672882,0.52545166
Y61W,-0.100427628,0.689834595
Y66A,-0.20259285,0.253112793
Y66C,0.710483551,4.145858765
Y66D,-0.224901199,-0.599517822
Y66E,-0.487991333,-0.940582275
Y66F,-0.410896301,-2.253265381
Y66G,0.032791138,-0.070297241
Y66H,-0.212305069,-0.119369507
Y66I,-0.099554062,0.730026245
Y66K,-0.166370392,0.798187256
Y66L,-0.280893326,-0.397628784
Y66M,-0.044418335,1.098175049
Y66N,0.106178284,1.128189087
Y66P,-0.524553299,-3.273788452
Y66Q,-0.383310318,-0.322494507
Y66R,-0.070524216,1.206390381
Y66S,0.027956009,1.368469238
Y66T,-0.616708755,-2.034973145
Y66V,-0.430059433,-0.860534668
Y66W,-0.362003326,0.148651123
Y71A,-0.62396431,-0.611755371
Y71C,0.734930038,5.64944458
Y71D,-0.543209076,-0.82711792
Y71E,-0.802711487,-1.722763062
Y71F,0.086410522,1.143264771
Y71G,-0.29983902,0.816757202
Y71H,-0.289386749,0.296508789
Y71I,0.001459122,-0.432510376
Y71K,-0.510444641,-0.930023193
Y71L,-0.0417099,-0.120513916
Y71M,-0.040807724,0.225402832
Y71N,-0.30430603,-0.443115234
Y71P,-0.839134216,-2.731628418
Y71Q,-0.649881363,-1.088165283
Y71R,-0.414916992,0.128860474
Y71S,-0.068138123,2.122894287
Y71T,-1.335763931,-5.332077026
Y71V,-0.47816658,-1.972625732
Y71W,0.056566238,1.592819214
